Trade Date,Open,High,Low,Close,Settle,Change,Total Volume,EFP,Prev. Day Open Interest
2019-03-14,17.03,17.17,17.01,17.16,17.15,0.05,402.0,0.0,1456.0
2019-03-13,17.16,17.31,17.06,17.08,17.1,-0.025,164.0,0.0,1253.0
2019-03-12,17.14,17.21,17.1,17.17,17.125,-0.15,213.0,0.0,1149.0
2019-03-11,17.71,17.77,17.22,17.22,17.275,-0.325,187.0,0.0,1045.0
2019-03-08,17.75,18.0,17.62,17.67,17.6,0.0,216.0,0.0,934.0
2019-03-07,17.43,17.65,17.32,17.61,17.6,0.45,102.0,0.0,758.0
2019-03-06,17.24,17.38,17.2,17.38,17.15,0.05,37.0,0.0,659.0
2019-03-05,17.26,17.27,17.11,17.13,17.1,-0.2,110.0,0.0,623.0
2019-03-04,17.06,17.5,17.02,17.11,17.3,0.425,179.0,0.0,513.0
2019-03-01,17.17,17.18,17.06,17.06,16.875,-0.475,89.0,0.0,358.0
2019-02-28,17.35,17.5,17.31,17.31,17.35,-0.1,17.0,0.0,275.0
2019-02-27,17.7,17.7,17.4,17.4,17.45,-0.125,148.0,0.0,264.0
2019-02-26,17.7,17.71,17.62,17.68,17.575,-0.075,243.0,0.0,232.0
2019-02-25,17.66,17.7,17.65,17.67,17.65,-0.075,39.0,0.0,93.0
2019-02-22,18.0,18.0,17.88,17.88,17.725,-0.35,6.0,0.0,69.0
2019-02-21,18.13,18.25,18.0,18.01,18.075,-0.025,58.0,0.0,71.0
2019-02-20,18.35,18.35,18.05,18.05,18.1,0.025,26.0,0.0,18.0
2019-02-19,0.0,0.0,0.0,0.0,18.075,0.0,0.0,0.0,0.0
2019-02-15,18.35,18.5,18.1,18.11,18.125,-0.2,712.0,0.0,3006.0
2019-02-14,18.2,18.36,18.13,18.31,18.325,0.1,311.0,0.0,2705.0
2019-02-13,18.26,18.3,18.11,18.21,18.225,-0.1,974.0,0.0,2653.0
2019-02-12,18.12,18.4,18.1,18.33,18.325,-0.1,1371.0,0.0,2189.0
2019-02-11,18.35,18.5,18.27,18.4,18.425,0.025,758.0,0.0,1415.0
2019-02-08,18.59,18.7,18.32,18.38,18.4,-0.075,425.0,0.0,852.0
2019-02-07,18.48,18.66,18.2,18.45,18.475,0.3,528.0,0.0,780.0
2019-02-06,18.35,18.36,18.16,18.17,18.175,-0.175,221.0,0.0,395.0
2019-02-05,18.4,18.55,18.17,18.32,18.35,-0.25,264.0,0.0,275.0
2019-02-04,18.79,18.8,18.54,18.59,18.6,-0.275,84.0,0.0,72.0
2019-02-01,0.0,18.85,18.85,0.0,18.875,1.45,0.0,0.0,0.0
2019-01-31,0.0,16.8,19.05,0.0,17.425,-1.65,0.0,0.0,0.0
2019-01-30,0.0,18.35,19.7,0.0,19.075,0.05,0.0,0.0,0.0
2019-01-29,0.0,18.85,20.0,0.0,19.025,-0.475,0.0,0.0,0.0
2019-01-28,0.0,16.05,22.95,0.0,19.5,-0.625,0.0,0.0,0.0
2019-01-25,0.0,18.45,21.8,0.0,20.125,0.675,0.0,0.0,0.0
2019-01-24,0.0,0.0,0.0,0.0,19.45,-0.175,0.0,0.0,0.0
2019-01-23,0.0,0.0,0.0,0.0,19.625,-0.05,0.0,0.0,0.0
2019-01-22,0.0,0.0,0.0,0.0,19.675,0.0,0.0,0.0,0.0
2019-01-18,19.55,19.6,19.3,19.35,19.375,-0.15,1043.0,0.0,3380.0
2019-01-17,19.59,19.73,19.47,19.57,19.525,-0.125,1688.0,0.0,2825.0
2019-01-16,19.65,19.67,19.38,19.6,19.65,0.025,1271.0,0.0,2010.0
2019-01-15,19.85,19.9,19.5,19.68,19.625,-0.325,656.0,0.0,1677.0
2019-01-14,20.0,20.15,19.8,19.98,19.95,0.0,537.0,0.0,1159.0
2019-01-11,20.16,20.26,19.87,19.94,19.95,-0.15,303.0,0.0,986.0
2019-01-10,20.27,20.27,20.05,20.12,20.1,0.0,513.0,0.0,737.0
2019-01-09,20.1,20.2,19.99,20.1,20.1,-0.05,90.0,0.0,357.0
2019-01-08,20.33,20.5,20.15,20.2,20.15,-0.225,264.0,0.0,399.0
2019-01-07,20.27,20.5,20.2,20.33,20.375,-0.05,128.0,0.0,236.0
2019-01-04,0.0,20.55,20.5,0.0,20.425,-1.425,0.0,0.0,108.0
2019-01-03,20.94,20.94,20.94,20.94,21.85,1.35,53.0,0.0,108.0
2019-01-02,20.64,20.64,20.64,20.64,20.5,0.6,55.0,0.0,55.0
2018-12-31,0.0,18.85,20.9,0.0,19.9,-0.475,0.0,0.0,0.0
2018-12-28,0.0,18.95,21.9,0.0,20.375,-3.15,0.0,0.0,0.0
2018-12-27,0.0,18.6,27.9,0.0,23.525,1.425,0.0,0.0,0.0
2018-12-26,0.0,18.85,25.35,0.0,22.1,0.9,0.0,0.0,0.0
2018-12-24,0.0,0.0,0.0,0.0,21.2,0.0,0.0,0.0,0.0
2018-12-21,21.1,21.35,20.65,21.2,21.2,0.175,680.0,0.0,1910.0
2018-12-20,20.97,21.35,20.9,21.02,21.025,0.05,489.0,0.0,1664.0
2018-12-19,20.8,21.08,20.39,21.0,20.975,0.2,884.0,0.0,1451.0
2018-12-18,20.51,20.95,20.42,20.84,20.775,0.225,366.0,0.0,986.0
2018-12-17,20.05,20.7,20.05,20.7,20.55,0.425,206.0,0.0,800.0
2018-12-14,20.12,20.3,19.95,20.16,20.125,0.225,153.0,0.0,686.0
2018-12-13,19.77,20.1,19.77,19.9,19.9,0.025,198.0,0.0,616.0
2018-12-12,19.66,19.97,19.65,19.97,19.875,0.0,207.0,0.0,522.0
2018-12-11,20.0,20.25,19.7,19.88,19.875,0.025,260.0,0.0,599.0
2018-12-10,20.02,20.45,19.85,19.88,19.85,-0.075,196.0,0.0,301.0
2018-12-07,19.77,20.05,19.7,19.95,19.925,0.35,92.0,0.0,196.0
2018-12-06,19.55,20.15,19.55,19.68,19.575,0.35,111.0,0.0,105.0
2018-12-05,0.0,18.8,19.65,0.0,19.225,0.325,0.0,0.0,23.0
2018-12-04,18.63,19.35,18.63,19.32,18.9,0.725,8.0,0.0,23.0
2018-12-03,18.6,18.64,18.55,18.55,18.175,-0.775,10.0,0.0,16.0
2018-11-30,19.0,19.12,19.0,19.12,18.95,-0.3,3.0,0.0,7.0
2018-11-29,19.7,19.7,19.5,19.7,19.25,0.2,1.0,0.0,5.0
2018-11-28,0.0,18.9,19.5,0.0,19.05,-0.125,0.0,0.0,5.0
2018-11-27,19.34,19.38,19.34,19.38,19.175,-0.225,5.0,0.0,5.0
2018-11-26,0.0,0.0,0.0,0.0,19.4,0.0,0.0,0.0,0.0
2018-11-23,19.9,20.1,19.8,20.05,20.0,0.125,289.0,0.0,1754.0
2018-11-21,20.06,20.06,19.7,19.9,19.875,-0.025,909.0,0.0,1758.0
2018-11-20,19.5,19.95,19.35,19.93,19.9,0.6,294.0,0.0,1325.0
2018-11-19,18.85,19.4,18.85,19.27,19.3,0.4,110.0,0.0,1160.0
2018-11-16,19.2,19.35,18.9,18.91,18.9,-0.3,125.0,0.0,1161.0
2018-11-15,19.25,19.55,19.05,19.36,19.2,-0.05,267.0,0.0,1197.0
2018-11-14,19.01,19.35,18.78,19.21,19.25,0.2,179.0,0.0,972.0
2018-11-13,18.93,19.26,18.85,19.0,19.05,0.1,338.0,0.0,1238.0
2018-11-12,18.75,19.01,18.45,18.94,18.95,0.45,325.0,0.0,885.0
2018-11-09,18.39,18.6,18.3,18.51,18.5,0.25,228.0,0.0,622.0
2018-11-08,18.2,18.35,18.0,18.25,18.25,0.025,118.0,0.0,406.0
2018-11-07,18.55,18.65,18.22,18.22,18.225,-0.375,334.0,0.0,354.0
2018-11-06,19.1,19.1,18.61,18.61,18.6,-0.4,104.0,0.0,138.0
2018-11-05,19.15,19.25,18.94,19.03,19.0,0.025,23.0,0.0,84.0
2018-11-02,17.7,19.2,17.7,19.1,18.975,0.05,22.0,0.0,70.0
2018-11-01,0.0,18.75,19.25,0.0,18.925,-0.05,0.0,0.0,59.0
2018-10-31,19.24,19.24,19.24,19.24,18.975,-0.175,1.0,0.0,59.0
2018-10-30,19.75,19.75,19.71,19.71,19.15,-0.35,2.0,0.0,58.0
2018-10-29,19.75,19.75,19.7,19.75,19.5,0.05,1.0,0.0,56.0
2018-10-26,19.75,19.85,19.64,19.82,19.45,-0.975,56.0,0.0,56.0
2018-10-25,19.35,19.35,19.3,19.3,20.425,1.05,3.0,0.0,6.0
2018-10-24,0.0,18.85,19.9,0.0,19.375,-1.125,0.0,0.0,3.0
2018-10-23,18.8,18.8,18.8,18.8,20.5,1.675,3.0,0.0,3.0
2018-10-22,0.0,17.8,19.9,0.0,18.825,0.0,0.0,0.0,0.0
2018-10-19,18.41,18.8,18.4,18.55,18.525,-0.025,1062.0,0.0,6986.0
2018-10-18,18.21,18.77,18.12,18.51,18.55,0.3,734.0,0.0,6795.0
2018-10-17,18.3,18.8,18.2,18.22,18.25,0.0,785.0,0.0,6701.0
2018-10-16,18.83,18.83,18.16,18.24,18.25,-0.5,532.0,0.0,6435.0
2018-10-15,18.52,18.8,18.47,18.79,18.75,0.35,1039.0,0.0,6209.0
2018-10-12,18.63,19.17,18.2,18.35,18.4,-0.225,2064.0,0.0,5682.0
2018-10-11,18.65,19.4,18.28,18.65,18.625,-0.075,940.0,0.0,4661.0
2018-10-10,17.35,18.7,17.32,18.65,18.7,1.35,1664.0,0.0,4224.0
2018-10-09,17.33,17.65,17.28,17.39,17.35,0.025,288.0,0.0,3344.0
2018-10-08,17.2,17.85,17.15,17.27,17.325,0.025,1633.0,0.0,3340.0
2018-10-05,17.08,17.53,16.91,17.14,17.3,0.25,1560.0,0.0,2246.0
2018-10-04,17.05,17.3,17.0,17.08,17.05,0.225,231.0,0.0,829.0
2018-10-03,16.89,16.95,16.87,16.9,16.825,-0.025,150.0,0.0,611.0
2018-10-02,16.82,16.97,16.82,16.93,16.85,-0.025,136.0,0.0,478.0
2018-10-01,16.77,16.9,16.72,16.72,16.875,-0.15,22.0,0.0,356.0
2018-09-28,0.0,17.0,17.05,0.0,17.025,0.15,0.0,0.0,334.0
2018-09-27,17.04,17.04,16.9,16.95,16.875,-0.075,143.0,0.0,379.0
2018-09-26,16.94,17.1,16.9,17.1,16.95,0.05,110.0,0.0,256.0
2018-09-25,16.9,17.0,16.87,16.99,16.9,-0.125,116.0,0.0,116.0
2018-09-24,0.0,16.95,17.15,0.0,17.025,0.0,0.0,0.0,0.0
2018-09-21,16.68,16.85,16.65,16.85,16.825,0.15,495.0,0.0,2799.0
2018-09-20,16.71,16.72,16.58,16.66,16.675,-0.05,690.0,0.0,2618.0
2018-09-19,16.8,16.8,16.66,16.7,16.725,-0.075,893.0,0.0,2211.0
2018-09-18,16.8,16.9,16.68,16.86,16.8,0.0,199.0,0.0,1819.0
2018-09-17,16.67,16.85,16.65,16.85,16.8,0.15,215.0,0.0,1696.0
2018-09-14,16.75,16.85,16.61,16.66,16.65,-0.125,307.0,0.0,1600.0
2018-09-13,16.81,16.95,16.75,16.78,16.775,-0.2,114.0,0.0,1435.0
2018-09-12,17.05,17.06,16.84,16.93,16.975,-0.05,572.0,0.0,1374.0
2018-09-11,17.25,17.41,17.02,17.05,17.025,-0.275,469.0,0.0,1076.0
2018-09-10,17.33,17.4,17.25,17.27,17.3,-0.075,298.0,0.0,850.0
2018-09-07,17.4,17.5,17.31,17.47,17.375,0.075,319.0,0.0,688.0
2018-09-06,17.2,17.4,17.19,17.4,17.3,0.125,469.0,0.0,534.0
2018-09-05,17.2,17.27,17.16,17.17,17.175,0.125,170.0,0.0,323.0
2018-09-04,17.07,17.25,17.07,17.12,17.05,0.1,135.0,0.0,237.0
2018-08-31,16.75,17.15,16.75,16.75,16.95,-0.25,1.0,0.0,131.0
2018-08-30,16.95,17.3,16.95,17.25,17.2,0.25,66.0,0.0,146.0
2018-08-29,17.05,17.05,16.95,17.05,16.95,0.0,5.0,0.0,75.0
2018-08-28,16.9,17.05,16.9,17.05,16.95,0.075,71.0,0.0,109.0
2018-08-27,16.7,16.85,16.69,16.8,16.875,0.0,14.0,0.0,13.0
2018-08-24,16.8,16.8,16.65,16.77,16.775,-0.025,905.0,0.0,7171.0
2018-08-23,16.74,16.81,16.63,16.78,16.8,0.05,435.0,0.0,6617.0
2018-08-22,16.95,17.01,16.72,16.77,16.75,-0.1,482.0,0.0,6410.0
2018-08-21,16.62,16.9,16.56,16.9,16.85,0.225,763.0,0.0,6104.0
2018-08-20,16.68,16.75,16.57,16.65,16.625,-0.125,414.0,0.0,5673.0
2018-08-17,16.97,17.03,16.7,16.72,16.75,-0.125,160.0,0.0,5499.0
2018-08-16,17.09,17.09,16.8,16.9,16.875,-0.175,658.0,0.0,5452.0
2018-08-15,17.09,17.6,17.0,17.06,17.05,0.125,1357.0,0.0,5075.0
2018-08-14,17.2,17.27,16.91,16.91,16.925,-0.275,825.0,0.0,4434.0
2018-08-13,16.95,17.25,16.45,17.25,17.2,0.475,1767.0,0.0,3773.0
2018-08-10,16.91,17.02,16.76,16.8,16.725,0.075,871.0,0.0,2736.0
2018-08-09,16.55,16.67,16.53,16.65,16.65,0.1,283.0,0.0,2129.0
2018-08-08,16.65,16.65,16.5,16.56,16.55,-0.075,171.0,0.0,1942.0
2018-08-07,16.71,16.71,16.59,16.59,16.625,-0.175,67.0,0.0,1848.0
2018-08-06,17.0,17.0,16.82,16.83,16.8,-0.175,50.0,0.0,1821.0
2018-08-03,17.05,17.05,16.85,16.98,16.975,-0.075,353.0,0.0,1786.0
2018-08-02,17.14,17.45,17.05,17.07,17.05,-0.05,371.0,0.0,1522.0
2018-08-01,17.17,17.17,16.9,17.16,17.1,0.0,114.0,0.0,1184.0
2018-07-31,17.12,17.25,17.11,17.11,17.1,-0.2,61.0,0.0,1080.0
2018-07-30,17.15,17.36,17.15,17.3,17.3,0.175,105.0,0.0,1041.0
2018-07-27,17.15,17.28,17.1,17.12,17.125,0.125,291.0,0.0,1008.0
2018-07-26,17.1,17.11,17.01,17.02,17.0,-0.075,327.0,0.0,988.0
2018-07-25,17.3,17.3,17.02,17.09,17.075,-0.025,339.0,0.0,649.0
2018-07-24,17.08,17.23,16.96,17.02,17.05,-0.1,655.0,0.0,1710.0
2018-07-23,17.25,17.31,17.12,17.15,17.15,-0.05,322.0,0.0,1392.0
2018-07-20,17.05,17.25,17.05,17.17,17.2,0.125,242.0,0.0,1198.0
2018-07-19,17.04,17.1,16.96,17.05,17.075,0.05,279.0,0.0,1114.0
2018-07-18,16.9,17.05,16.84,17.03,17.025,0.075,370.0,0.0,1026.0
2018-07-17,16.9,16.97,16.8,16.93,16.95,0.1,91.0,0.0,815.0
2018-07-16,16.7,16.97,16.7,16.78,16.85,0.1,93.0,0.0,784.0
2018-07-13,16.9,16.9,16.7,16.77,16.75,-0.075,76.0,0.0,704.0
2018-07-12,16.95,17.07,16.78,16.78,16.825,-0.25,472.0,0.0,680.0
2018-07-11,17.05,17.16,16.98,17.08,17.075,0.2,271.0,0.0,411.0
2018-07-10,16.95,16.95,16.8,16.95,16.875,-0.1,120.0,0.0,268.0
2018-07-09,17.25,17.3,17.05,17.1,16.975,-0.525,40.0,0.0,188.0
2018-07-06,17.75,17.85,17.58,17.58,17.5,-0.3,8.0,0.0,160.0
2018-07-05,17.85,17.9,17.8,17.85,17.8,-0.25,23.0,0.0,155.0
2018-07-03,17.95,18.1,17.9,18.1,18.05,0.1,50.0,0.0,140.0
2018-07-02,18.16,18.2,17.85,17.85,17.95,0.1,65.0,0.0,105.0
2018-06-29,17.65,17.79,17.65,17.79,17.85,0.1,66.0,0.0,60.0
2018-06-28,18.1,18.25,18.0,18.0,17.75,-0.125,13.0,0.0,19.0
2018-06-27,17.95,18.1,17.7,18.1,17.875,0.325,11.0,0.0,11.0
2018-06-26,17.5,17.6,17.5,17.5,17.55,-0.025,4.0,0.0,6.0
2018-06-25,17.8,17.8,17.77,17.77,17.575,0.0,4.0,0.0,2.0
2018-06-22,17.0,17.18,16.9,17.15,17.15,-0.05,296.0,0.0,1528.0
2018-06-21,16.95,17.31,16.85,17.19,17.2,0.275,437.0,0.0,1446.0
2018-06-20,16.9,16.97,16.67,16.91,16.925,-0.025,387.0,0.0,1372.0
2018-06-19,16.79,17.25,16.7,16.97,16.95,0.275,135.0,0.0,1244.0
2018-06-18,16.87,16.96,16.67,16.71,16.675,-0.075,68.0,0.0,1164.0
2018-06-15,16.79,16.85,16.7,16.75,16.75,0.0,92.0,0.0,1126.0
2018-06-14,16.89,16.9,16.5,16.7,16.75,-0.125,92.0,0.0,1068.0
2018-06-13,16.65,16.9,16.6,16.9,16.875,0.075,132.0,0.0,995.0
2018-06-12,16.75,16.82,16.7,16.78,16.8,0.025,40.0,0.0,908.0
2018-06-11,17.1,17.1,16.55,16.7,16.775,-0.05,10.0,0.0,890.0
2018-06-08,16.8,16.85,16.45,16.75,16.825,0.1,16.0,0.0,884.0
2018-06-07,16.7,16.9,16.66,16.86,16.725,0.025,17.0,0.0,881.0
2018-06-06,16.91,16.91,16.3,16.66,16.7,-0.225,207.0,0.0,880.0
2018-06-05,17.9,17.9,16.9,16.92,16.925,-0.125,241.0,0.0,684.0
2018-06-04,17.21,17.21,17.16,17.16,17.05,-0.325,129.0,0.0,452.0
2018-06-01,17.4,17.55,17.38,17.4,17.375,-0.275,61.0,0.0,404.0
2018-05-31,17.7,17.76,17.61,17.7,17.65,0.025,124.0,0.0,362.0
2018-05-30,17.46,17.65,17.41,17.65,17.625,0.05,43.0,0.0,205.0
2018-05-29,17.6,17.77,17.45,17.45,17.575,0.2,81.0,0.0,223.0
2018-05-25,17.49,17.49,17.35,17.45,17.375,0.025,18.0,0.0,145.0
2018-05-24,17.5,17.5,17.45,17.49,17.35,0.05,2.0,0.0,120.0
2018-05-23,17.65,17.7,17.23,17.23,17.3,-0.15,54.0,0.0,120.0
2018-05-22,17.35,17.47,17.25,17.45,17.45,0.025,96.0,0.0,101.0
2018-05-21,17.4,17.4,17.4,17.4,17.425,0.0,2.0,0.0,4.0
2018-05-18,17.17,17.46,17.17,17.4,17.4,0.1,1413.0,0.0,2863.0
2018-05-17,17.3,17.37,17.11,17.27,17.3,-0.05,727.0,0.0,2044.0
2018-05-16,17.55,17.65,17.11,17.28,17.35,-0.25,440.0,0.0,1653.0
2018-05-15,17.12,17.62,17.12,17.62,17.6,0.45,892.0,0.0,1501.0
2018-05-14,17.3,17.3,17.1,17.15,17.15,-0.175,425.0,0.0,900.0
2018-05-11,17.48,17.52,17.31,17.39,17.325,-0.175,285.0,0.0,666.0
2018-05-10,17.85,17.85,17.43,17.51,17.5,-0.375,131.0,0.0,504.0
2018-05-09,18.0,18.0,17.81,17.82,17.875,-0.175,325.0,0.0,445.0
2018-05-08,18.09,18.2,18.0,18.07,18.05,0.125,469.0,0.0,286.0
2018-05-07,18.04,18.1,18.04,18.07,17.925,0.025,4.0,0.0,23.0
2018-05-04,17.5,17.73,17.2,17.27,17.275,-0.15,4607.0,0.0,26928.0
2018-05-03,17.55,18.05,17.4,17.45,17.425,-0.175,6077.0,0.0,26391.0
2018-05-02,17.4,17.63,17.1,17.59,17.6,0.225,3659.0,0.0,26531.0
2018-05-01,17.85,17.85,17.33,17.35,17.375,-0.35,3173.0,0.0,25571.0
2018-04-30,17.6,17.8,17.46,17.8,17.725,0.05,2580.0,0.0,25224.0
2018-04-27,17.7,17.93,17.63,17.66,17.675,-0.05,2010.0,0.0,25088.0
2018-04-26,18.03,18.15,17.65,17.7,17.725,-0.4,3218.0,0.0,25149.0
2018-04-25,17.87,18.33,17.78,18.1,18.125,0.25,4745.0,0.0,24934.0
2018-04-24,17.8,18.54,17.55,17.87,17.875,0.1,4375.0,0.0,24541.0
2018-04-23,17.8,18.0,17.55,17.85,17.775,-0.1,2133.0,0.0,24976.0
2018-04-20,17.69,17.97,17.63,17.88,17.875,0.15,3019.0,0.0,24966.0
2018-04-19,17.65,18.0,17.62,17.65,17.725,0.025,3069.0,0.0,24997.0
2018-04-18,17.98,18.23,17.55,17.65,17.7,-0.275,4725.0,0.0,25104.0
2018-04-17,18.4,18.4,17.81,17.98,17.975,-0.4,6337.0,0.0,24942.0
2018-04-16,18.6,18.66,18.25,18.36,18.375,-0.35,3128.0,0.0,23392.0
2018-04-13,19.12,19.2,18.77,18.81,18.825,-0.275,344.0,0.0,747.0
2018-04-12,19.45,19.45,19.1,19.1,19.1,-0.4,131.0,0.0,687.0
2018-04-11,19.25,19.55,19.2,19.5,19.5,0.25,543.0,0.0,754.0
2018-04-10,19.34,19.46,19.05,19.23,19.25,0.0,237.0,0.0,438.0
2018-04-09,19.17,19.27,19.05,19.27,19.25,0.0,30.0,0.0,430.0
2018-04-06,18.88,19.56,18.66,19.25,19.25,0.4,97.0,0.0,414.0
2018-04-05,19.0,19.02,18.85,18.85,18.85,-0.1,153.0,0.0,393.0
2018-04-04,19.25,19.5,18.98,18.98,18.95,-0.1,118.0,0.0,312.0
2018-04-03,19.42,19.45,18.94,18.97,19.05,-0.175,96.0,0.0,273.0
2018-04-02,19.25,19.6,19.15,19.4,19.225,0.325,130.0,0.0,221.0
2018-03-29,19.0,19.1,18.89,18.89,18.9,-0.525,12.0,0.0,154.0
2018-03-28,18.97,19.45,18.97,19.3,19.425,0.4,43.0,0.0,149.0
2018-03-27,18.68,19.06,18.65,19.04,19.025,0.525,115.0,0.0,113.0
2018-03-26,0.0,18.0,19.5,0.0,18.5,0.0,0.0,0.0,0.0
2018-03-23,18.48,18.9,18.18,18.74,18.875,0.4,1937.0,0.0,5334.0
2018-03-22,18.05,18.65,17.95,18.45,18.475,0.425,1585.0,0.0,4275.0
2018-03-21,18.12,18.2,17.7,18.03,18.05,-0.025,936.0,0.0,3427.0
2018-03-20,18.14,18.25,17.95,18.05,18.075,0.1,236.0,0.0,2936.0
2018-03-19,17.86,18.42,17.85,17.95,17.975,0.175,280.0,0.0,2809.0
2018-03-16,17.8,17.87,17.67,17.73,17.8,0.0,315.0,0.0,2642.0
2018-03-15,18.11,18.2,17.76,17.8,17.8,-0.3,636.0,0.0,2417.0
2018-03-14,17.96,18.2,17.68,18.19,18.1,0.2,344.0,0.0,1872.0
2018-03-13,17.62,18.0,17.58,17.88,17.9,0.2,187.0,0.0,1645.0
2018-03-12,17.46,17.75,17.44,17.63,17.7,-0.025,211.0,0.0,1504.0
2018-03-09,17.91,17.91,17.37,17.49,17.725,-0.225,176.0,0.0,1307.0
2018-03-08,18.05,18.1,17.83,18.07,17.95,-0.175,386.0,0.0,1186.0
2018-03-07,18.15,18.5,18.08,18.12,18.125,0.125,154.0,0.0,884.0
2018-03-06,17.77,18.1,17.77,17.97,18.0,0.175,166.0,0.0,751.0
2018-03-05,18.35,18.35,17.78,17.82,17.825,-0.225,210.0,0.0,0.0
2018-03-02,18.17,18.71,18.09,18.11,18.05,-0.15,123.0,0.0,0.0
2018-02-23,17.73,17.74,15.25,17.3,17.3,-0.35,67.0,0.0,171.0
2018-02-22,17.9,18.0,17.7,17.71,17.65,-0.52,10.0,0.0,126.0
2018-02-21,17.75,17.98,17.62,17.98,18.175,0.4,143.0,0.0,122.0
2018-02-20,0.0,0.0,0.0,0.0,17.775,17.78,0.0,0.0,0.0
2018-02-16,17.7,17.8,17.48,17.65,17.65,-0.02,824.0,0.0,2713.0
2018-02-15,18.15,18.15,17.65,17.65,17.675,-0.4,706.0,0.0,2197.0
2018-02-14,18.49,18.85,17.99,18.07,18.075,-0.58,715.0,0.0,1806.0
2018-02-13,18.34,18.85,18.34,18.45,18.65,0.28,320.0,0.0,1512.0
2018-02-12,18.05,18.47,17.95,18.33,18.375,0.18,108.0,0.0,1429.0
2018-02-09,19.18,19.8,18.16,18.16,18.2,-0.7,254.0,0.0,1404.0
2018-02-08,18.15,19.33,18.01,18.89,18.9,0.72,502.0,0.0,1288.0
2018-02-07,18.65,18.65,17.6,18.19,18.175,-0.48,57.0,0.0,1069.0
2018-02-06,19.0,29.95,18.0,18.0,18.65,-0.32,247.0,0.0,1044.0
2018-02-05,16.75,19.8,16.33,19.25,18.975,2.52,418.0,0.0,997.0
2018-02-02,16.2,16.6,16.2,16.6,16.45,0.35,240.0,0.0,731.0
2018-02-01,16.15,16.27,15.95,16.06,16.1,-0.12,403.0,0.0,568.0
2018-01-31,16.15,16.31,15.1,16.31,16.225,-0.18,17.0,0.0,287.0
2018-01-30,16.4,16.65,16.35,16.39,16.4,0.12,71.0,0.0,277.0
2018-01-29,16.12,16.35,16.12,16.29,16.275,0.22,52.0,0.0,216.0
2018-01-26,16.05,16.06,15.8,16.05,16.05,-0.08,29.0,0.0,179.0
2018-01-25,16.1,16.15,15.95,16.04,16.125,0.02,6.0,0.0,159.0
2018-01-24,16.0,16.2,16.0,16.15,16.1,0.12,124.0,0.0,156.0
2018-01-23,15.85,16.05,15.85,16.05,15.975,0.12,46.0,0.0,42.0
2018-01-22,0.0,16.0,16.0,0.0,15.85,15.85,0.0,0.0,0.0
2018-01-19,15.7,15.78,15.53,15.65,15.65,0.0,425.0,0.0,3299.0
2018-01-18,15.65,15.88,15.48,15.63,15.65,-0.05,1651.0,0.0,3155.0
2018-01-17,15.9,15.9,15.63,15.73,15.7,-0.15,2051.0,0.0,2257.0
2018-01-16,15.38,15.91,15.38,15.88,15.85,0.4,398.0,0.0,1087.0
2018-01-12,15.4,15.46,15.39,15.39,15.45,-0.08,286.0,0.0,850.0
2018-01-11,15.6,15.65,15.52,15.52,15.525,-0.18,250.0,0.0,723.0
2018-01-10,15.8,15.85,15.65,15.75,15.7,-0.08,33.0,0.0,551.0
2018-01-09,15.72,15.8,15.7,15.78,15.775,0.02,75.0,0.0,547.0
2018-01-08,15.85,15.85,15.72,15.74,15.75,-0.05,46.0,0.0,483.0
2018-01-05,15.85,16.0,15.81,15.85,15.8,-0.12,53.0,0.0,439.0
2018-01-04,0.0,15.9,15.95,0.0,15.925,0.0,0.0,0.0,412.0
2018-01-03,16.0,16.0,15.88,15.94,15.925,-0.18,207.0,0.0,412.0
2018-01-02,16.1,16.13,15.95,16.08,16.1,-0.1,66.0,0.0,226.0
2017-12-29,16.26,16.26,16.0,16.17,16.2,-0.05,162.0,0.0,187.0
2017-12-28,16.2,16.25,16.2,16.25,16.25,-0.02,11.0,0.0,35.0
2017-12-27,16.2,16.26,16.13,16.26,16.275,-0.15,28.0,0.0,24.0
2017-12-26,0.0,16.2,16.75,0.0,16.425,16.42,0.0,0.0,0.0
2017-12-22,16.08,16.13,16.0,16.06,16.075,-0.02,585.0,0.0,1778.0
2017-12-21,16.15,16.2,16.08,16.11,16.1,-0.1,636.0,0.0,1694.0
2017-12-20,16.0,16.25,16.0,16.22,16.2,0.05,339.0,0.0,1361.0
2017-12-19,16.0,16.21,15.98,16.15,16.15,0.05,254.0,0.0,1262.0
2017-12-18,16.2,16.2,16.05,16.08,16.1,-0.12,149.0,0.0,1152.0
2017-12-15,16.43,16.45,16.23,16.23,16.225,-0.25,113.0,0.0,1160.0
2017-12-14,16.43,16.55,16.4,16.55,16.475,-0.02,104.0,0.0,1145.0
2017-12-13,16.52,16.57,16.45,16.48,16.5,-0.05,123.0,0.0,1108.0
2017-12-12,16.5,16.55,16.4,16.55,16.55,0.02,162.0,0.0,1045.0
2017-12-11,16.57,16.65,16.55,16.57,16.525,-0.1,174.0,0.0,1022.0
2017-12-08,16.6,16.63,16.55,16.6,16.625,-0.1,161.0,0.0,955.0
2017-12-07,16.79,16.79,16.63,16.7,16.725,-0.02,156.0,0.0,1059.0
2017-12-06,16.94,16.95,16.79,16.79,16.75,-0.15,205.0,0.0,966.0
2017-12-05,16.9,16.95,16.78,16.85,16.9,-0.05,110.0,0.0,831.0
2017-12-04,16.9,16.95,16.75,16.95,16.95,-0.08,204.0,0.0,778.0
2017-12-01,17.1,17.51,17.0,17.06,17.025,0.08,345.0,0.0,651.0
2017-11-30,17.13,17.13,16.94,16.99,16.95,-0.2,110.0,0.0,463.0
2017-11-29,16.96,17.15,16.95,17.15,17.15,0.18,53.0,0.0,386.0
2017-11-28,17.1,17.15,16.95,17.05,16.975,-0.05,178.0,0.0,340.0
2017-11-27,16.97,17.06,16.97,17.03,17.025,0.08,90.0,0.0,199.0
2017-11-24,17.1,17.15,16.95,16.95,16.95,-0.05,33.0,0.0,118.0
2017-11-22,16.85,17.15,16.85,17.0,17.0,-0.22,86.0,0.0,88.0
2017-11-21,17.5,17.55,17.2,17.2,17.225,-0.05,4.0,0.0,12.0
2017-11-20,17.3,17.4,17.3,17.3,17.275,17.28,9.0,0.0,8.0
2017-11-17,17.4,17.45,17.2,17.25,17.3,-0.05,585.0,0.0,1859.0
2017-11-16,17.54,17.6,17.2,17.38,17.35,-0.25,438.0,0.0,1628.0
2017-11-15,17.42,17.85,17.4,17.64,17.6,0.2,590.0,0.0,1410.0
2017-11-14,17.2,17.5,17.15,17.44,17.4,0.22,248.0,0.0,1085.0
2017-11-13,17.05,17.26,17.05,17.19,17.175,0.08,727.0,0.0,970.0
2017-11-10,16.95,17.17,16.9,17.1,17.1,0.22,132.0,0.0,668.0
2017-11-09,16.85,17.17,16.8,16.87,16.875,0.05,272.0,0.0,615.0
2017-11-08,16.8,16.85,16.6,16.85,16.825,0.02,281.0,0.0,496.0
2017-11-07,16.7,16.82,16.63,16.8,16.8,0.12,108.0,0.0,365.0
2017-11-06,16.63,16.75,16.4,16.7,16.675,0.02,240.0,0.0,336.0
2017-11-03,16.52,16.65,16.49,16.64,16.65,0.1,106.0,0.0,269.0
2017-11-02,16.5,16.62,16.48,16.57,16.55,0.08,87.0,0.0,209.0
2017-11-01,16.25,16.46,16.25,16.46,16.475,0.08,43.0,0.0,162.0
2017-10-31,16.45,16.55,16.38,16.41,16.4,-0.05,71.0,0.0,134.0
2017-10-30,16.57,16.57,16.4,16.46,16.45,-0.1,35.0,0.0,82.0
2017-10-27,16.7,16.7,16.6,16.63,16.55,-0.3,4.0,0.0,69.0
2017-10-26,16.8,16.8,16.8,16.8,16.85,0.1,1.0,0.0,65.0
2017-10-25,16.5,17.1,16.5,16.85,16.75,0.18,53.0,0.0,64.0
2017-10-24,16.4,16.56,16.35,16.5,16.575,0.32,38.0,0.0,24.0
2017-10-23,0.0,0.0,0.0,0.0,16.25,16.25,0.0,0.0,0.0
2017-10-20,16.1,16.2,16.05,16.07,16.075,-0.1,281.0,0.0,873.0
2017-10-19,16.25,16.6,16.19,16.19,16.175,-0.1,277.0,0.0,763.0
2017-10-18,16.2,16.29,16.07,16.28,16.275,0.08,621.0,0.0,691.0
2017-10-17,16.2,16.5,16.18,16.2,16.2,-0.08,119.0,0.0,311.0
2017-10-16,16.4,16.4,16.27,16.3,16.275,-0.12,11.0,0.0,281.0
2017-10-13,16.5,16.52,16.4,16.4,16.4,-0.15,31.0,0.0,285.0
2017-10-12,16.5,16.6,16.45,16.55,16.55,0.02,98.0,0.0,265.0
2017-10-11,16.65,16.7,16.5,16.5,16.525,-0.05,87.0,0.0,203.0
2017-10-10,16.65,16.7,16.6,16.6,16.575,-0.12,19.0,0.0,163.0
2017-10-09,16.55,16.7,16.55,16.7,16.7,0.15,6.0,0.0,159.0
2017-10-06,16.6,16.6,16.55,16.55,16.55,0.05,5.0,0.0,156.0
2017-10-05,16.65,16.65,16.5,16.5,16.5,-0.18,4.0,0.0,152.0
2017-10-04,16.7,16.7,16.67,16.7,16.675,-0.02,17.0,0.0,150.0
2017-10-03,16.76,16.82,16.63,16.7,16.7,-0.08,81.0,0.0,133.0
2017-10-02,16.95,16.95,16.77,16.85,16.775,-0.2,35.0,0.0,87.0
2017-09-29,17.0,17.05,16.95,16.95,16.975,-0.02,11.0,0.0,60.0
2017-09-28,17.0,17.05,16.99,17.0,17.0,-0.02,47.0,0.0,54.0
2017-09-27,16.9,17.05,16.9,17.04,17.025,0.02,26.0,0.0,27.0
2017-09-26,17.0,17.0,16.9,16.95,17.0,-0.18,11.0,0.0,11.0
2017-09-25,0.0,16.95,17.4,0.0,17.175,17.18,0.0,0.0,0.0
2017-09-22,16.71,16.9,16.7,16.83,16.825,0.1,495.0,0.0,2168.0
2017-09-21,16.7,16.75,16.58,16.73,16.725,0.1,378.0,0.0,2026.0
2017-09-20,16.71,16.85,16.6,16.6,16.625,-0.1,675.0,0.0,1896.0
2017-09-19,16.6,16.75,16.6,16.73,16.725,0.08,520.0,0.0,1517.0
2017-09-18,16.8,16.9,16.55,16.6,16.65,-0.18,313.0,0.0,1267.0
2017-09-15,16.9,17.0,16.81,16.83,16.825,-0.02,196.0,0.0,1233.0
2017-09-14,16.7,16.9,16.6,16.9,16.85,0.08,194.0,0.0,1144.0
2017-09-13,16.9,17.02,16.75,16.8,16.775,-0.18,175.0,0.0,1139.0
2017-09-12,17.1,17.16,16.94,16.94,16.95,-0.15,39.0,0.0,1076.0
2017-09-11,17.25,17.25,17.05,17.1,17.1,-0.18,119.0,0.0,1082.0
2017-09-08,17.2,17.36,17.19,17.3,17.275,0.12,135.0,0.0,1090.0
2017-09-07,17.2,17.3,17.1,17.15,17.15,-0.05,231.0,0.0,996.0
2017-09-06,17.05,17.21,16.99,17.18,17.2,0.2,316.0,0.0,840.0
2017-09-05,17.0,17.31,17.0,17.01,17.0,0.05,235.0,0.0,665.0
2017-09-01,16.96,17.0,16.94,16.95,16.95,-0.02,28.0,0.0,534.0
2017-08-31,17.1,17.2,16.98,16.98,16.975,-0.12,252.0,0.0,525.0
2017-08-30,16.95,17.15,16.93,17.11,17.1,0.12,106.0,0.0,326.0
2017-08-29,17.0,17.34,17.0,17.0,16.975,0.02,99.0,0.0,267.0
2017-08-28,17.05,17.05,16.92,16.92,16.95,-0.05,9.0,0.0,243.0
2017-08-25,17.0,17.05,16.9,17.0,17.0,-0.02,73.0,0.0,242.0
2017-08-24,16.95,17.06,16.88,17.05,17.025,0.08,81.0,0.0,191.0
2017-08-23,16.9,17.05,16.9,16.95,16.95,0.08,39.0,0.0,151.0
2017-08-22,17.0,17.25,16.9,16.9,16.875,-0.62,126.0,0.0,124.0
2017-08-21,0.0,17.2,17.8,0.0,17.5,17.5,0.0,0.0,0.0
2017-08-18,17.15,17.25,16.85,17.24,17.25,0.05,569.0,0.0,1497.0
2017-08-17,16.6,17.35,16.6,17.16,17.2,0.58,616.0,0.0,1355.0
2017-08-16,16.7,16.75,16.48,16.63,16.625,-0.1,605.0,0.0,1100.0
2017-08-15,16.75,16.77,16.47,16.72,16.725,0.02,273.0,0.0,917.0
2017-08-14,17.6,17.6,16.7,16.71,16.7,-0.92,175.0,0.0,811.0
2017-08-11,17.5,17.65,17.1,17.62,17.625,0.18,201.0,0.0,786.0
2017-08-10,16.7,17.45,16.63,17.42,17.45,0.75,345.0,0.0,738.0
2017-08-09,16.7,16.87,16.65,16.75,16.7,0.0,280.0,0.0,630.0
2017-08-08,16.48,16.75,16.48,16.7,16.7,0.28,354.0,0.0,591.0
2017-08-07,16.45,16.5,16.45,16.45,16.425,-0.05,5.0,0.0,390.0
2017-08-04,16.45,16.5,16.35,16.48,16.475,0.1,77.0,0.0,388.0
2017-08-03,16.35,16.4,16.3,16.39,16.375,0.08,25.0,0.0,359.0
2017-08-02,16.25,16.35,16.15,16.28,16.3,0.08,154.0,0.0,348.0
2017-08-01,16.4,16.41,16.24,16.24,16.225,-0.2,11.0,0.0,242.0
2017-07-31,16.4,16.55,16.4,16.51,16.425,-0.02,26.0,0.0,237.0
2017-07-28,16.45,16.55,16.4,16.46,16.45,-0.08,25.0,0.0,215.0
2017-07-27,16.55,16.65,16.47,16.55,16.525,-0.1,49.0,0.0,197.0
2017-07-26,16.74,16.74,16.5,16.6,16.625,-0.08,163.0,0.0,170.0
2017-07-25,16.6,16.74,16.6,16.73,16.7,-0.12,25.0,0.0,19.0
2017-07-24,0.0,16.65,16.95,0.0,16.825,16.82,0.0,0.0,0.0
2017-07-21,16.6,16.74,16.53,16.55,16.55,-0.08,797.0,0.0,4282.0
2017-07-20,16.67,16.8,16.62,16.62,16.625,0.0,758.0,0.0,3840.0
2017-07-19,16.7,16.75,16.53,16.65,16.625,-0.05,1321.0,0.0,3650.0
2017-07-18,16.65,16.8,16.6,16.7,16.675,0.08,1116.0,0.0,2951.0
2017-07-17,16.5,16.65,16.5,16.65,16.6,0.02,409.0,0.0,2389.0
2017-07-14,16.86,16.86,16.55,16.55,16.575,-0.28,403.0,0.0,2129.0
2017-07-13,16.95,16.95,16.79,16.87,16.85,-0.15,45.0,0.0,1942.0
2017-07-12,17.05,17.06,16.95,17.02,17.0,-0.1,698.0,0.0,1942.0
2017-07-11,17.15,17.35,17.15,17.17,17.1,-0.05,97.0,0.0,1384.0
2017-07-10,17.3,17.36,17.15,17.17,17.15,-0.25,159.0,0.0,1309.0
2017-07-07,17.35,17.45,17.3,17.4,17.4,0.0,228.0,0.0,1225.0
2017-07-06,17.2,17.46,17.04,17.46,17.4,0.15,690.0,0.0,1078.0
2017-07-05,17.17,17.36,17.1,17.28,17.25,-0.05,169.0,0.0,673.0
2017-07-03,17.12,17.35,16.95,17.34,17.3,0.1,405.0,0.0,568.0
2017-06-30,17.15,17.22,17.05,17.2,17.2,0.05,81.0,0.0,289.0
2017-06-29,16.9,17.55,16.9,17.18,17.15,0.15,218.0,0.0,218.0
2017-06-28,17.15,17.15,16.9,17.0,17.0,-0.12,13.0,0.0,39.0
2017-06-27,16.98,17.15,16.95,17.15,17.125,0.45,32.0,0.0,32.0
2017-06-26,0.0,0.0,0.0,0.0,16.675,16.68,0.0,0.0,0.0
2017-06-23,16.95,17.0,16.85,16.87,16.875,-0.08,361.0,0.0,1322.0
2017-06-22,16.95,17.0,16.88,16.97,16.95,0.0,590.0,0.0,1157.0
2017-06-21,17.0,17.0,16.85,16.97,16.95,0.0,292.0,0.0,873.0
2017-06-20,16.95,17.13,16.9,16.96,16.95,-0.08,100.0,0.0,739.0
2017-06-19,17.1,17.1,16.9,16.92,17.025,-0.12,282.0,0.0,697.0
2017-06-16,17.2,17.25,17.12,17.12,17.15,-0.12,89.0,0.0,591.0
2017-06-15,17.25,17.3,17.2,17.25,17.275,0.08,17.0,0.0,563.0
2017-06-14,17.2,17.25,17.2,17.25,17.2,-0.02,10.0,0.0,556.0
2017-06-13,17.35,17.37,17.23,17.23,17.225,-0.15,174.0,0.0,559.0
2017-06-12,17.35,17.5,17.3,17.44,17.375,0.0,28.0,0.0,576.0
2017-06-09,17.3,17.56,17.25,17.35,17.375,0.05,48.0,0.0,565.0
2017-06-08,17.45,17.45,17.3,17.33,17.325,-0.1,63.0,0.0,568.0
2017-06-07,17.45,17.55,17.38,17.45,17.425,0.05,104.0,0.0,546.0
2017-06-06,17.3,17.41,17.3,17.4,17.375,0.12,158.0,0.0,496.0
2017-06-05,17.3,17.3,17.23,17.28,17.25,-0.08,47.0,0.0,395.0
2017-06-02,17.35,17.4,17.34,17.35,17.325,0.0,59.0,0.0,372.0
2017-06-01,17.3,17.38,17.3,17.35,17.325,-0.05,36.0,0.0,319.0
2017-05-31,17.3,17.4,17.3,17.3,17.375,0.0,30.0,0.0,297.0
2017-05-30,17.49,17.6,17.4,17.4,17.375,-0.1,29.0,0.0,271.0
2017-05-26,17.63,17.63,17.5,17.54,17.475,-0.02,98.0,0.0,260.0
2017-05-25,17.45,17.55,17.45,17.54,17.5,0.1,88.0,0.0,202.0
2017-05-24,17.45,17.6,17.41,17.45,17.4,-0.02,90.0,0.0,148.0
2017-05-23,17.1,17.43,17.1,17.43,17.425,-0.12,83.0,0.0,70.0
2017-05-22,0.0,17.1,18.0,0.0,17.55,17.55,0.0,0.0,0.0
2017-05-19,17.63,17.65,17.2,17.23,17.225,-0.42,2016.0,0.0,3423.0
2017-05-18,17.7,17.85,17.53,17.69,17.65,-0.05,970.0,0.0,2496.0
2017-05-17,17.3,17.92,17.25,17.7,17.7,0.48,1014.0,0.0,2054.0
2017-05-16,17.15,17.35,17.15,17.23,17.225,0.08,585.0,0.0,1614.0
2017-05-15,17.12,17.2,17.05,17.17,17.15,-0.02,125.0,0.0,1281.0
2017-05-12,17.1,17.15,17.05,17.15,17.175,0.12,233.0,0.0,1247.0
2017-05-11,17.05,17.25,17.05,17.05,17.05,-0.02,142.0,0.0,1056.0
2017-05-10,16.95,17.05,16.95,17.05,17.075,0.1,28.0,0.0,962.0
2017-05-09,16.95,17.0,16.85,16.95,16.975,0.02,22.0,0.0,943.0
2017-05-08,16.75,16.95,16.75,16.95,16.95,0.05,444.0,0.0,924.0
2017-05-05,16.7,16.85,16.68,16.85,16.9,0.2,265.0,0.0,496.0
2017-05-04,16.8,16.8,16.65,16.65,16.7,-0.05,10.0,0.0,253.0
2017-05-03,16.7,16.8,16.68,16.75,16.75,0.1,74.0,0.0,252.0
2017-05-02,16.66,16.7,16.6,16.65,16.65,-0.05,14.0,0.0,194.0
2017-05-01,16.8,16.85,16.65,16.7,16.7,-0.22,15.0,0.0,191.0
2017-04-28,16.95,17.05,16.9,16.95,16.925,0.0,36.0,0.0,189.0
2017-04-27,16.9,16.97,16.4,16.97,16.925,0.05,34.0,0.0,164.0
2017-04-26,16.7,16.91,16.65,16.91,16.875,0.12,69.0,0.0,137.0
2017-04-25,16.4,16.77,16.4,16.76,16.75,-0.25,90.0,0.0,73.0
2017-04-24,0.0,16.65,17.4,0.0,17.0,17.0,0.0,0.0,0.0
2017-04-21,16.94,16.95,16.75,16.75,16.75,-0.15,1114.0,0.0,2720.0
2017-04-20,16.97,17.0,16.74,16.9,16.9,-0.02,165.0,0.0,1810.0
2017-04-19,16.94,17.22,16.7,16.95,16.925,0.0,554.0,0.0,1729.0
2017-04-18,17.0,17.11,16.86,16.97,16.925,-0.08,173.0,0.0,1410.0
2017-04-17,17.34,17.4,16.95,16.95,17.0,-0.28,145.0,0.0,1312.0
2017-04-13,17.2,17.33,17.1,17.33,17.275,0.05,63.0,0.0,1204.0
2017-04-12,17.25,17.39,17.19,17.19,17.225,0.02,121.0,0.0,1157.0
2017-04-11,17.25,17.46,17.17,17.25,17.2,0.02,134.0,0.0,1093.0
2017-04-10,17.04,17.25,17.04,17.16,17.175,0.18,42.0,0.0,986.0
2017-04-07,17.1,17.1,16.85,17.02,17.0,0.15,71.0,0.0,959.0
2017-04-06,17.1,17.1,16.81,16.86,16.85,-0.05,115.0,0.0,926.0
2017-04-05,16.73,17.0,16.67,16.98,16.9,0.0,41.0,0.0,827.0
2017-04-04,17.25,17.25,16.88,16.91,16.9,-0.25,164.0,0.0,790.0
2017-04-03,17.17,17.2,17.1,17.15,17.15,-0.05,187.0,0.0,659.0
2017-03-31,17.2,17.2,17.1,17.17,17.2,0.05,106.0,0.0,489.0
2017-03-30,17.2,17.24,17.1,17.17,17.15,-0.12,61.0,0.0,407.0
2017-03-29,17.35,17.36,17.21,17.24,17.275,-0.22,121.0,0.0,388.0
2017-03-28,17.55,17.55,17.38,17.39,17.5,0.0,470.0,0.0,398.0
2017-03-27,17.5,17.5,17.5,17.5,17.5,17.5,1.0,0.0,1.0
2017-03-24,17.96,18.01,17.69,17.7,17.7,-0.25,629.0,0.0,846.0
2017-03-23,17.85,18.0,17.7,17.94,17.95,0.12,282.0,0.0,523.0
2017-03-22,17.85,17.95,17.72,17.83,17.825,0.0,442.0,0.0,390.0
2017-03-21,17.55,17.85,17.46,17.8,17.825,0.28,42.0,0.0,174.0
2017-03-20,17.65,17.65,17.55,17.6,17.55,0.0,40.0,0.0,153.0
2017-03-17,17.58,17.6,17.54,17.55,17.55,-0.08,35.0,0.0,128.0
2017-03-16,17.9,17.9,17.7,17.7,17.625,-0.2,7.0,0.0,107.0
2017-03-15,17.85,17.9,17.8,17.82,17.825,-0.12,17.0,0.0,109.0
2017-03-14,17.85,18.01,17.85,17.95,17.95,0.1,10.0,0.0,95.0
2017-03-13,17.9,17.9,17.84,17.84,17.85,-0.08,21.0,0.0,92.0
2017-03-10,17.9,18.01,17.87,18.01,17.925,-0.02,11.0,0.0,76.0
2017-03-09,17.93,18.0,17.85,18.0,17.95,0.02,7.0,0.0,72.0
2017-03-08,17.85,17.95,17.65,17.95,17.925,-0.05,32.0,0.0,69.0
2017-03-07,17.85,17.95,17.85,17.95,17.975,0.02,4.0,0.0,48.0
2017-03-06,18.05,18.06,17.98,17.98,17.95,-0.08,3.0,0.0,47.0
2017-03-03,18.13,18.13,18.05,18.05,18.025,-0.2,4.0,0.0,45.0
2017-03-02,18.12,18.2,18.12,18.2,18.225,0.15,10.0,0.0,45.0
2017-03-01,18.0,18.1,17.95,18.1,18.075,-0.12,13.0,0.0,41.0
2017-02-28,18.27,18.27,18.15,18.25,18.2,0.02,10.0,0.0,32.0
2017-02-27,18.4,18.4,18.2,18.3,18.175,-0.28,3.0,0.0,25.0
2017-02-24,18.5,18.55,18.4,18.5,18.45,0.1,9.0,0.0,24.0
2017-02-23,18.4,18.5,18.3,18.35,18.35,0.15,16.0,0.0,20.0
2017-02-22,18.3,18.35,18.24,18.24,18.2,0.0,9.0,0.0,7.0
2017-02-21,0.0,17.95,18.4,0.0,18.2,18.2,0.0,0.0,0.0
2017-02-16,17.67,18.04,17.6,17.8,17.75,0.08,187.0,0.0,584.0
2017-02-15,18.0,18.06,17.59,17.65,17.675,-0.18,217.0,0.0,476.0
2017-02-14,18.35,18.35,17.9,18.0,17.85,-0.55,145.0,0.0,368.0
2017-02-13,18.51,18.51,18.4,18.41,18.4,-0.15,10.0,0.0,241.0
2017-02-10,18.85,18.85,18.5,18.55,18.55,-0.05,54.0,0.0,232.0
2017-02-09,18.81,18.81,18.59,18.6,18.6,-0.15,14.0,0.0,183.0
2017-02-08,18.7,18.76,18.65,18.73,18.75,0.1,17.0,0.0,177.0
2017-02-07,18.6,18.67,18.55,18.65,18.65,0.02,30.0,0.0,162.0
2017-02-06,18.6,18.62,18.6,18.62,18.625,-0.02,4.0,0.0,136.0
2017-02-03,18.78,18.78,18.45,18.65,18.65,-0.12,25.0,0.0,134.0
2017-02-02,18.8,18.81,18.75,18.8,18.775,0.1,12.0,0.0,114.0
2017-02-01,18.9,18.9,18.7,18.75,18.675,-0.35,33.0,0.0,104.0
2017-01-31,19.09,19.09,19.04,19.05,19.025,0.0,31.0,0.0,74.0
2017-01-30,19.05,19.25,19.04,19.04,19.025,0.1,13.0,0.0,44.0
2017-01-27,18.9,18.9,18.8,18.8,18.925,0.12,3.0,0.0,39.0
2017-01-26,18.75,18.8,18.75,18.75,18.8,0.0,3.0,0.0,37.0
2017-01-25,0.0,18.8,18.85,0.0,18.8,-0.25,0.0,0.0,34.0
2017-01-24,19.48,19.48,19.01,19.01,19.05,-0.5,40.0,0.0,34.0
2017-01-23,0.0,19.7,19.65,0.0,19.55,19.55,0.0,0.0,0.0
2017-01-19,19.5,19.73,19.45,19.47,19.45,-0.1,331.0,0.0,1057.0
2017-01-18,19.5,19.6,19.43,19.54,19.55,0.0,838.0,0.0,897.0
2017-01-17,19.5,19.65,19.47,19.55,19.55,0.15,134.0,0.0,469.0
2017-01-13,19.32,19.4,19.25,19.4,19.4,0.08,7.0,0.0,367.0
2017-01-12,19.2,19.35,19.2,19.35,19.325,0.18,206.0,0.0,363.0
2017-01-11,19.2,19.35,19.15,19.15,19.15,-0.02,22.0,0.0,178.0
2017-01-10,19.25,19.25,19.15,19.17,19.175,0.05,12.0,0.0,175.0
2017-01-09,19.2,19.2,19.15,19.2,19.125,-0.18,1.0,0.0,168.0
2017-01-06,19.3,19.35,19.19,19.29,19.3,-0.1,33.0,0.0,167.0
2017-01-05,19.4,19.5,19.35,19.43,19.4,0.18,36.0,0.0,152.0
2017-01-04,19.6,19.65,19.35,19.35,19.225,-0.48,67.0,0.0,120.0
2017-01-03,19.9,19.9,19.7,19.7,19.7,-0.3,63.0,0.0,84.0
2016-12-30,19.75,20.1,19.75,20.05,20.0,0.08,16.0,0.0,33.0
2016-12-29,19.92,20.0,19.82,19.95,19.925,0.15,14.0,0.0,18.0
2016-12-28,19.69,19.95,19.69,19.85,19.775,0.32,7.0,0.0,7.0
2016-12-27,19.45,19.6,19.45,19.45,19.45,19.45,0.0,0.0,0.0
2016-12-22,19.5,19.59,19.45,19.53,19.525,0.12,223.0,0.0,1372.0
2016-12-21,19.42,19.46,19.31,19.46,19.4,-0.05,48.0,0.0,1218.0
2016-12-20,19.52,19.53,19.4,19.45,19.45,-0.05,33.0,0.0,1196.0
2016-12-19,19.61,19.61,19.47,19.47,19.5,-0.15,35.0,0.0,1176.0
2016-12-16,19.75,19.75,19.63,19.67,19.65,0.0,17.0,0.0,1167.0
2016-12-15,19.6,19.7,19.6,19.7,19.65,-0.05,29.0,0.0,1168.0
2016-12-14,19.83,19.85,19.65,19.8,19.7,-0.08,60.0,0.0,1168.0
2016-12-13,19.8,19.9,19.75,19.75,19.775,-0.02,104.0,0.0,1135.0
2016-12-12,19.8,19.85,19.75,19.84,19.8,0.15,40.0,0.0,1079.0
2016-12-09,19.8,19.85,19.65,19.67,19.65,-0.05,167.0,0.0,1062.0
2016-12-08,19.8,19.89,19.67,19.74,19.7,0.02,165.0,0.0,916.0
2016-12-07,19.55,19.76,19.55,19.76,19.675,0.05,32.0,0.0,805.0
2016-12-06,19.83,19.83,19.64,19.64,19.625,-0.25,40.0,0.0,780.0
2016-12-05,20.0,20.0,19.8,19.8,19.875,-0.15,134.0,0.0,760.0
2016-12-02,20.0,20.15,19.93,19.98,20.025,-0.08,140.0,0.0,660.0
2016-12-01,19.9,20.15,19.86,20.0,20.1,0.28,119.0,0.0,554.0
2016-11-30,19.94,19.94,19.8,19.82,19.825,-0.1,302.0,0.0,451.0
2016-11-29,19.9,19.95,19.88,19.88,19.925,-0.02,159.0,0.0,153.0
2016-11-28,20.0,20.05,19.9,19.95,19.95,0.08,29.0,0.0,67.0
2016-11-25,20.0,20.0,19.95,19.95,19.875,0.08,10.0,0.0,45.0
2016-11-23,20.0,20.05,19.86,19.88,19.8,0.02,45.0,0.0,36.0
2016-11-22,19.98,20.1,19.9,19.9,19.775,0.05,14.0,0.0,11.0
2016-11-21,19.725,19.725,19.725,19.725,19.725,19.72,0.0,0.0,0.0
2016-11-17,19.95,19.99,19.8,19.81,19.8,-0.18,243.0,0.0,957.0
2016-11-16,19.95,20.2,19.93,19.98,19.975,0.05,470.0,0.0,840.0
2016-11-15,19.8,19.95,19.68,19.94,19.925,0.05,45.0,0.0,475.0
2016-11-14,19.8,20.15,19.75,19.87,19.875,0.02,87.0,0.0,451.0
2016-11-11,19.97,20.1,19.85,19.86,19.85,0.05,47.0,0.0,463.0
2016-11-10,19.75,19.85,19.4,19.77,19.8,0.32,14.0,0.0,419.0
2016-11-09,19.55,21.01,19.5,19.5,19.475,-0.18,165.0,0.0,418.0
2016-11-08,19.7,19.7,19.53,19.7,19.65,0.0,17.0,0.0,327.0
2016-11-07,20.25,20.25,19.72,19.72,19.65,-0.95,28.0,0.0,323.0
2016-11-04,20.84,20.84,20.6,20.6,20.6,-0.15,30.0,0.0,321.0
2016-11-03,20.38,20.76,20.38,20.76,20.75,0.3,100.0,0.0,291.0
2016-11-02,20.3,20.4,20.3,20.4,20.45,0.1,97.0,0.0,194.0
2016-11-01,20.15,20.56,20.14,20.31,20.35,0.18,59.0,0.0,99.0
2016-10-31,20.2,20.24,20.12,20.14,20.175,0.0,18.0,0.0,48.0
2016-10-28,20.15,20.3,20.09,20.1,20.175,0.18,28.0,0.0,36.0
2016-10-27,19.96,20.06,19.95,20.06,20.0,0.05,11.0,0.0,18.0
2016-10-26,19.9,19.9,19.9,19.9,19.95,0.22,1.0,0.0,10.0
2016-10-25,20.0,20.0,19.76,19.76,19.725,-0.2,10.0,0.0,9.0
2016-10-24,0.0,18.0,22.4,0.0,19.925,19.92,0.0,0.0,0.0
2016-10-20,19.88,20.08,19.88,20.0,20.0,0.1,134.0,0.0,516.0
2016-10-19,20.07,20.07,19.8,19.9,19.9,-0.18,123.0,0.0,488.0
2016-10-18,20.1,20.12,19.97,20.0,20.075,-0.1,39.0,0.0,396.0
2016-10-17,20.25,20.3,20.18,20.18,20.175,-0.05,13.0,0.0,379.0
2016-10-14,20.18,20.3,20.15,20.21,20.225,-0.12,56.0,0.0,378.0
2016-10-13,20.3,20.6,20.19,20.2,20.35,0.3,126.0,0.0,324.0
2016-10-12,20.0,20.15,19.95,20.05,20.05,0.0,34.0,0.0,229.0
2016-10-11,19.93,20.3,19.92,20.05,20.05,0.15,41.0,0.0,213.0
2016-10-10,19.95,19.95,19.85,19.85,19.9,-0.22,49.0,0.0,189.0
2016-10-07,20.0,20.15,19.9,20.06,20.125,0.15,46.0,0.0,145.0
2016-10-06,20.1,20.1,19.9,19.9,19.975,-0.05,34.0,0.0,110.0
2016-10-05,19.9,20.05,19.9,20.02,20.025,0.05,12.0,0.0,81.0
2016-10-04,20.23,20.25,20.0,20.0,19.975,-0.32,74.0,0.0,74.0
2016-10-03,0.0,20.1,20.25,0.0,20.3,0.0,0.0,0.0,25.0
2016-09-30,20.5,20.5,20.1,20.23,20.3,0.0,50.0,0.0,25.0
2016-09-29,20.5,20.6,20.25,20.3,20.3,0.1,10.0,0.0,5.0
2016-09-28,20.4,20.45,20.15,20.15,20.2,-0.05,6.0,0.0,5.0
2016-09-27,20.25,20.52,20.2,20.2,20.25,-0.2,6.0,0.0,3.0
2016-09-26,0.0,20.0,20.9,0.0,20.45,20.45,0.0,0.0,0.0
2016-09-22,20.35,20.4,20.05,20.14,20.1,-0.32,589.0,0.0,1584.0
2016-09-21,20.87,20.93,20.39,20.48,20.425,-0.58,299.0,0.0,986.0
2016-09-20,20.78,20.85,20.68,20.75,21.0,0.18,82.0,0.0,803.0
2016-09-19,20.95,20.95,20.75,20.79,20.825,-0.22,25.0,0.0,746.0
2016-09-16,21.2,21.4,21.03,21.03,21.05,-0.15,12.0,0.0,733.0
2016-09-15,21.35,21.45,21.14,21.14,21.2,-0.35,42.0,0.0,730.0
2016-09-14,21.4,21.45,21.2,21.42,21.55,0.2,129.0,0.0,722.0
2016-09-13,21.0,21.7,21.0,21.66,21.35,0.48,135.0,0.0,699.0
2016-09-12,21.12,21.35,20.72,20.89,20.875,-0.42,198.0,0.0,601.0
2016-09-09,20.6,21.35,20.6,21.35,21.3,0.9,140.0,0.0,512.0
2016-09-08,20.48,20.5,20.41,20.42,20.4,0.02,207.0,0.0,437.0
2016-09-07,20.42,20.46,20.42,20.44,20.375,0.12,9.0,0.0,332.0
2016-09-06,20.55,20.55,20.45,20.45,20.25,-0.35,45.0,0.0,332.0
2016-09-02,20.7,20.71,20.62,20.62,20.6,-0.08,33.0,0.0,289.0
2016-09-01,20.69,20.85,20.67,20.69,20.675,0.0,277.0,0.0,279.0
2016-08-31,20.58,20.77,20.58,20.76,20.675,0.08,12.0,0.0,29.0
2016-08-30,20.58,20.6,20.53,20.6,20.6,0.02,16.0,0.0,23.0
2016-08-29,20.6,20.6,20.55,20.6,20.575,-0.25,5.0,0.0,8.0
2016-08-26,20.5,20.8,20.5,20.8,20.825,0.32,5.0,0.0,5.0
2016-08-25,20.75,20.75,20.75,20.75,20.5,-0.5,1.0,0.0,1.0
2016-08-24,0.0,19.25,22.75,0.0,21.0,0.5,0.0,0.0,0.0
2016-08-23,0.0,20.15,20.85,0.0,20.5,0.48,0.0,0.0,0.0
2016-08-22,0.0,17.55,22.5,0.0,20.025,20.02,0.0,0.0,0.0
2016-08-18,20.15,20.25,20.05,20.2,20.2,0.12,21.0,0.0,543.0
2016-08-17,20.11,20.37,20.05,20.1,20.075,-0.02,124.0,0.0,535.0
2016-08-16,19.95,20.26,19.95,20.11,20.1,0.2,59.0,0.0,446.0
2016-08-15,19.83,19.97,19.83,19.97,19.9,0.05,42.0,0.0,404.0
2016-08-12,19.82,19.96,19.8,19.96,19.85,0.28,23.0,0.0,362.0
2016-08-11,19.73,20.0,19.69,20.0,19.575,-0.08,56.0,0.0,341.0
2016-08-10,0.0,19.3,19.85,0.0,19.65,-0.02,0.0,0.0,285.0
2016-08-09,19.8,19.82,19.6,19.82,19.675,-0.28,36.0,0.0,285.0
2016-08-08,20.0,20.0,20.0,20.0,19.95,0.0,1.0,0.0,251.0
2016-08-05,19.95,19.99,19.91,19.99,19.95,0.05,142.0,0.0,250.0
2016-08-04,20.0,20.17,20.0,20.15,19.9,-0.12,32.0,0.0,108.0
2016-08-03,20.24,20.24,20.15,20.23,20.025,-0.15,28.0,0.0,79.0
2016-08-02,19.96,20.35,19.96,20.27,20.175,-0.08,48.0,0.0,52.0
2016-08-01,0.0,19.05,21.45,0.0,20.25,-0.18,0.0,0.0,4.0
2016-07-29,20.0,20.01,17.05,17.05,20.425,0.1,3.0,0.0,4.0
2016-07-28,0.0,19.15,21.5,0.0,20.325,0.05,0.0,0.0,3.0
2016-07-27,0.0,20.4,21.5,0.0,20.275,-2.15,0.0,0.0,3.0
2016-07-26,20.0,20.3,20.0,20.25,22.425,2.1,6.0,0.0,3.0
2016-07-25,0.0,0.0,0.0,0.0,20.325,20.32,0.0,0.0,0.0
2016-07-21,20.2,20.53,20.15,20.53,20.475,0.25,908.0,0.0,740.0
2016-07-20,20.24,20.3,20.15,20.2,20.225,-0.05,281.0,0.0,350.0
2016-07-19,20.26,20.42,20.2,20.3,20.275,0.02,102.0,0.0,150.0
2016-07-18,20.2,20.41,20.19,20.25,20.25,-0.22,82.0,0.0,92.0
2016-07-15,20.25,20.45,20.23,20.23,20.475,0.58,6.0,0.0,64.0
2016-07-14,0.0,20.1,20.75,0.0,19.9,-0.62,0.0,0.0,64.0
2016-07-13,20.53,20.53,20.53,20.53,20.525,-0.02,3.0,0.0,64.0
2016-07-12,20.65,20.7,20.65,20.7,20.55,-0.02,3.0,0.0,64.0
2016-07-11,0.0,20.15,20.9,0.0,20.575,-0.22,0.0,0.0,64.0
2016-07-08,20.9,21.0,20.1,20.15,20.8,0.08,64.0,0.0,64.0
2016-07-07,0.0,19.55,21.9,0.0,20.725,-0.08,0.0,0.0,4.0
2016-07-06,0.0,19.1,22.5,0.0,20.8,-0.72,0.0,0.0,4.0
2016-07-05,21.3,21.3,21.3,21.3,21.525,0.2,3.0,0.0,4.0
2016-07-01,21.36,21.36,21.36,21.36,21.325,0.78,1.0,0.0,1.0
2016-06-30,20.55,19.15,22.0,20.55,20.55,-0.88,0.0,0.0,0.0
2016-06-29,21.425,21.05,21.8,21.425,21.425,-0.2,0.0,0.0,0.0
2016-06-28,21.625,21.4,22.0,21.625,21.625,-1.15,0.0,0.0,0.0
2016-06-27,22.775,21.7,23.85,22.775,22.775,0.02,0.0,0.0,0.0
2016-06-24,22.75,20.3,22.35,22.75,22.75,1.35,0.0,0.0,0.0
2016-06-23,0.0,20.65,21.0,0.0,21.4,0.1,0.0,0.0,0.0
2016-06-22,0.0,20.25,22.2,0.0,21.3,0.0,0.0,0.0,0.0
2016-06-21,0.0,20.8,21.8,0.0,21.3,0.0,0.0,0.0,0.0
2016-06-20,0.0,20.8,21.8,0.0,21.3,21.3,0.0,0.0,0.0
2016-06-16,22.83,22.85,21.75,21.86,21.85,-0.3,49.0,0.0,155.0
2016-06-15,22.53,22.55,21.85,22.01,22.15,-0.08,49.0,0.0,155.0
2016-06-14,22.7,22.96,22.3,22.33,22.225,-0.1,25.0,0.0,131.0
2016-06-13,21.95,22.59,21.9,22.59,22.325,0.6,14.0,0.0,113.0
2016-06-10,21.1,21.73,21.1,21.69,21.725,0.72,24.0,0.0,103.0
2016-06-09,20.9,21.1,20.9,21.05,21.0,0.22,49.0,0.0,93.0
2016-06-08,20.85,20.88,20.82,20.88,20.775,0.05,33.0,0.0,53.0
2016-06-07,0.0,20.65,20.75,0.0,20.725,0.02,0.0,0.0,34.0
2016-06-06,20.59,20.65,20.55,20.55,20.7,0.0,4.0,0.0,34.0
2016-06-03,20.7,20.8,20.9,20.7,20.7,0.05,0.0,0.0,32.0
2016-06-02,20.95,20.95,20.72,20.75,20.65,-0.22,24.0,0.0,32.0
2016-06-01,20.3,21.4,20.3,20.8,20.875,-0.05,6.0,0.0,10.0
2016-05-31,20.9,21.05,20.75,20.75,20.925,0.28,4.0,0.0,9.0
2016-05-27,20.65,20.15,21.15,20.65,20.65,-0.08,0.0,0.0,5.0
2016-05-26,20.725,19.9,21.45,20.725,20.725,-0.25,0.0,0.0,5.0
2016-05-25,21.5,21.5,21.08,21.08,20.975,-3.02,7.0,0.0,5.0
2016-05-24,21.3,21.3,21.3,21.3,24.0,3.0,3.0,0.0,3.0
2016-05-23,21.0,18.0,24.0,21.0,21.0,21.0,0.0,0.0,0.0
2016-05-19,21.72,22.2,21.7,21.9,21.85,0.05,1000.0,0.0,993.0
2016-05-18,21.55,21.8,21.4,21.73,21.8,0.52,397.0,0.0,354.0
2016-05-17,21.17,21.57,21.0,21.45,21.275,0.25,80.0,0.0,156.0
2016-05-16,20.87,21.1,20.82,20.82,21.025,-0.18,46.0,0.0,117.0
2016-05-13,21.05,21.2,20.84,21.2,21.2,0.2,12.0,0.0,76.0
2016-05-12,20.99,21.0,20.99,21.0,21.0,-0.15,10.0,0.0,71.0
2016-05-11,20.7,21.05,20.7,21.05,21.15,0.32,4.0,0.0,61.0
2016-05-10,20.9,21.0,20.75,20.75,20.825,-0.25,14.0,0.0,59.0
2016-05-09,21.2,21.2,21.0,21.0,21.075,-0.4,13.0,0.0,48.0
2016-05-06,21.35,21.45,21.3,21.35,21.475,-0.28,1.0,0.0,36.0
2016-05-05,21.05,21.6,21.05,21.6,21.75,0.5,4.0,0.0,35.0
2016-05-04,21.25,21.45,21.2,21.33,21.25,0.12,4.0,0.0,34.0
2016-05-03,21.1,21.15,21.05,21.15,21.125,0.28,2.0,0.0,30.0
2016-05-02,20.95,20.95,20.95,20.95,20.85,-0.22,1.0,0.0,28.0
2016-04-29,20.85,21.15,20.85,21.05,21.075,0.3,8.0,0.0,29.0
2016-04-28,20.4,20.9,20.4,20.9,20.775,0.18,10.0,0.0,21.0
2016-04-27,20.85,20.9,20.37,20.5,20.6,0.1,14.0,0.0,14.0
2016-04-26,20.57,20.63,20.57,20.63,20.5,-0.25,2.0,0.0,2.0
2016-04-25,20.75,20.25,21.0,20.75,20.75,20.75,0.0,0.0,0.0
2016-04-21,20.05,20.4,19.95,20.4,20.425,0.4,303.0,0.0,1091.0
2016-04-20,19.89,20.09,19.75,20.0,20.025,0.12,305.0,0.0,926.0
2016-04-19,19.6,20.03,19.55,19.95,19.9,0.22,74.0,0.0,722.0
2016-04-18,20.4,20.45,19.6,19.62,19.675,-0.55,64.0,0.0,691.0
2016-04-15,20.35,20.35,20.25,20.26,20.225,-0.05,5.0,0.0,683.0
2016-04-14,20.2,20.4,20.15,20.3,20.275,-0.12,45.0,0.0,681.0
2016-04-13,20.35,20.45,20.2,20.34,20.4,-0.1,26.0,0.0,660.0
2016-04-12,20.84,21.05,20.48,20.48,20.5,-0.32,35.0,0.0,655.0
2016-04-11,20.71,20.75,20.54,20.75,20.825,0.3,138.0,0.0,628.0
2016-04-08,20.74,20.74,20.4,20.7,20.525,-0.2,90.0,0.0,495.0
2016-04-07,20.25,20.95,20.25,20.75,20.725,0.68,94.0,0.0,414.0
2016-04-06,20.3,20.4,20.0,20.02,20.05,-0.42,31.0,0.0,324.0
2016-04-05,20.2,20.48,20.2,20.4,20.475,0.45,78.0,0.0,306.0
2016-04-04,19.85,20.05,19.85,20.05,20.025,0.12,38.0,0.0,236.0
2016-04-01,20.45,20.45,19.9,19.95,19.9,-0.25,38.0,0.0,211.0
2016-03-31,20.12,20.2,20.08,20.15,20.15,0.02,71.0,0.0,176.0
2016-03-30,20.3,20.4,20.08,20.08,20.125,-0.15,117.0,0.0,119.0
2016-03-29,20.95,20.96,20.37,20.4,20.275,-0.32,27.0,0.0,25.0
2016-03-28,20.9,21.0,20.9,21.0,20.6,-0.5,4.0,0.0,5.0
2016-03-24,21.08,21.14,21.04,21.04,21.1,0.42,4.0,0.0,4.0
2016-03-23,20.75,21.05,20.75,21.05,20.675,-1.08,3.0,0.0,3.0
2016-03-22,21.75,19.55,23.95,21.75,21.75,2.88,0.0,0.0,0.0
2016-03-21,18.875,17.0,20.75,18.875,18.875,18.88,0.0,0.0,0.0
2016-03-18,20.78,20.95,20.72,20.75,20.9,0.02,31.0,0.0,302.0
2016-03-17,21.28,21.28,20.74,20.76,20.875,-0.28,40.0,0.0,289.0
2016-03-16,21.5,21.52,20.95,21.1,21.15,-0.05,33.0,0.0,268.0
2016-03-15,21.07,21.37,21.07,21.36,21.2,0.0,35.0,0.0,261.0
2016-03-14,21.37,21.37,21.0,21.13,21.2,-0.08,23.0,0.0,231.0
2016-03-11,21.63,21.63,21.15,21.25,21.275,-0.42,74.0,0.0,212.0
2016-03-10,21.6,22.1,21.5,22.1,21.7,-0.02,18.0,0.0,145.0
2016-03-09,21.95,21.95,21.8,21.95,21.725,-0.08,2.0,0.0,131.0
2016-03-08,21.55,21.85,21.54,21.85,21.8,1.15,110.0,0.0,129.0
2016-03-07,21.7,21.7,21.42,21.5,20.65,-0.75,33.0,0.0,23.0
2016-03-04,21.53,21.53,21.53,21.53,21.4,-0.08,1.0,0.0,4.0
2016-03-03,21.8,21.85,21.55,21.8,21.475,-0.4,2.0,0.0,3.0
2016-03-02,22.1,22.1,21.9,21.9,21.875,-0.65,2.0,0.0,2.0
2016-03-01,23.0,23.0,22.95,23.0,22.525,0.02,1.0,0.0,1.0
2016-02-29,22.5,22.0,23.0,22.5,22.5,0.85,0.0,0.0,0.0
2016-02-26,21.65,20.05,23.25,21.65,21.65,0.12,0.0,0.0,0.0
2016-02-25,21.525,20.65,24.45,21.525,21.525,-1.7,0.0,0.0,0.0
2016-02-24,23.225,21.55,24.9,23.225,23.225,0.48,0.0,0.0,0.0
2016-02-23,22.75,22.2,23.2,22.75,22.75,-0.08,0.0,0.0,0.0
2016-02-22,22.825,22.65,24.0,22.825,22.825,22.82,0.0,0.0,0.0
2016-02-19,23.25,23.6,23.09,23.15,23.2,-0.18,130.0,0.0,204.0
2016-02-18,23.3,23.45,23.08,23.4,23.375,0.05,173.0,0.0,144.0
2016-02-17,23.6,23.95,23.23,23.3,23.325,-0.5,62.0,0.0,74.0
2016-02-16,23.7,24.0,23.65,23.73,23.825,-0.38,12.0,0.0,49.0
2016-02-12,24.45,24.45,24.0,24.2,24.2,-0.15,5.0,0.0,47.0
2016-02-11,23.75,24.4,23.6,24.25,24.35,0.85,6.0,0.0,45.0
2016-02-10,23.5,23.25,23.2,23.5,23.5,0.25,0.0,0.0,43.0
2016-02-09,23.7,23.7,23.2,23.2,23.25,-0.18,3.0,0.0,43.0
2016-02-08,23.5,23.55,23.47,23.55,23.425,0.28,47.0,0.0,43.0
2016-02-05,22.85,22.9,22.82,22.9,23.15,0.65,5.0,0.0,17.0
2016-02-04,22.4,22.45,22.35,22.45,22.5,0.25,18.0,0.0,14.0
2016-02-03,22.5,22.7,22.35,22.35,22.25,-0.12,2.0,0.0,2.0
2016-02-02,20.55,22.25,20.55,22.24,22.375,0.82,8.0,0.0,2.0
2016-02-01,21.55,20.6,22.5,21.55,21.55,-0.12,0.0,0.0,0.0
2016-01-29,21.675,20.55,22.8,21.675,21.675,0.22,0.0,0.0,0.0
2016-01-28,21.45,22.05,22.8,21.45,21.45,-1.02,0.0,0.0,0.0
2016-01-27,22.475,22.05,22.9,22.475,22.475,-1.52,0.0,0.0,0.0
2016-01-26,24.0,19.55,24.0,24.0,24.0,1.5,0.0,0.0,0.0
2016-01-25,22.5,21.8,23.5,22.5,22.5,22.5,0.0,0.0,0.0
2016-01-22,23.25,23.25,22.31,22.31,22.35,-0.98,532.0,0.0,954.0
2016-01-21,23.13,23.6,22.98,23.39,23.325,0.02,130.0,0.0,766.0
2016-01-20,23.65,24.2,23.05,23.4,23.3,0.15,201.0,0.0,744.0
2016-01-19,23.38,23.6,22.44,23.25,23.15,-0.05,262.0,0.0,723.0
2016-01-15,22.77,23.35,22.5,23.3,23.2,0.82,324.0,0.0,726.0
2016-01-14,22.6,22.79,22.21,22.31,22.375,-0.45,85.0,0.0,445.0
2016-01-13,21.48,22.65,21.48,22.64,22.825,0.32,58.0,0.0,380.0
2016-01-12,21.89,22.22,21.72,21.78,22.5,0.15,102.0,0.0,359.0
2016-01-11,22.53,22.91,22.15,22.18,22.35,-0.5,118.0,0.0,260.0
2016-01-08,21.15,22.85,20.97,22.85,22.85,1.62,40.0,0.0,148.0
2016-01-07,20.95,21.27,20.9,21.27,21.225,0.5,31.0,0.0,114.0
2016-01-06,21.0,21.0,20.7,20.7,20.725,0.28,45.0,0.0,85.0
2016-01-05,20.5,20.74,20.43,20.43,20.45,-0.4,31.0,0.0,42.0
2016-01-04,20.95,21.0,20.67,20.67,20.85,0.9,36.0,0.0,16.0
2015-12-31,19.95,19.0,20.9,19.95,19.95,0.38,0.0,0.0,1.0
2015-12-30,19.575,19.6,20.9,19.575,19.575,-0.4,0.0,0.0,1.0
2015-12-29,19.975,19.0,20.95,19.975,19.975,0.15,0.0,0.0,1.0
2015-12-28,20.5,20.5,20.5,20.5,19.825,0.98,1.0,0.0,1.0
2015-12-24,18.85,17.25,20.5,18.85,18.85,0.05,0.0,0.0,0.0
2015-12-23,18.8,17.1,20.5,18.8,18.8,-1.58,0.0,0.0,0.0
2015-12-22,20.375,19.15,21.65,20.375,20.375,-0.62,0.0,0.0,0.0
2015-12-21,21.0,20.0,22.0,21.0,21.0,21.0,0.0,0.0,0.0
2015-12-18,20.73,21.35,20.65,21.35,21.35,0.62,132.0,0.0,1124.0
2015-12-17,20.16,20.75,20.0,20.75,20.725,0.52,90.0,0.0,1038.0
2015-12-16,20.2,20.5,19.93,20.08,20.2,-0.18,197.0,0.0,970.0
2015-12-15,20.99,21.2,20.55,20.65,20.375,-0.92,30.0,0.0,829.0
2015-12-14,21.78,22.08,20.95,21.05,21.3,-0.48,115.0,0.0,807.0
2015-12-11,20.75,21.79,20.74,21.79,21.775,1.02,244.0,0.0,728.0
2015-12-10,20.75,20.6,20.65,20.75,20.75,0.32,0.0,0.0,502.0
2015-12-09,20.45,20.77,20.25,20.45,20.425,0.25,4.0,0.0,502.0
2015-12-08,20.15,20.4,20.1,20.22,20.175,0.12,77.0,0.0,500.0
2015-12-07,20.4,20.46,20.2,20.46,20.05,-1.75,4.0,0.0,425.0
2015-12-04,20.35,20.35,19.94,19.94,21.8,1.42,114.0,0.0,424.0
2015-12-03,20.35,20.52,20.15,20.33,20.375,0.45,321.0,0.0,322.0
2015-12-02,20.0,20.05,19.9,20.04,19.925,-0.05,6.0,0.0,5.0
2015-12-01,20.3,20.3,20.08,20.08,19.975,-0.42,5.0,0.0,4.0
2015-11-30,20.3,20.32,20.3,20.32,20.4,-0.38,2.0,0.0,1.0
2015-11-27,20.775,20.3,20.85,20.775,20.775,-0.32,0.0,0.0,0.0
2015-11-25,21.1,20.3,20.9,21.1,21.1,0.08,0.0,0.0,0.0
2015-11-24,21.025,19.5,21.5,21.025,21.025,0.52,0.0,0.0,0.0
2015-11-23,20.5,19.5,21.5,20.5,20.5,20.5,0.0,0.0,0.0
2015-11-20,20.37,20.37,20.15,20.29,20.275,-0.18,57.0,0.0,222.0
2015-11-19,20.15,20.45,20.04,20.45,20.45,0.35,175.0,0.0,190.0
2015-11-18,20.46,20.5,20.05,20.1,20.1,-0.48,15.0,0.0,153.0
2015-11-17,20.1,20.8,19.95,20.72,20.575,0.38,103.0,0.0,82.0
2015-11-16,21.39,21.39,20.28,20.35,20.2,-0.92,20.0,0.0,21.0
2015-11-13,21.01,21.01,20.75,20.95,21.125,0.58,3.0,0.0,14.0
2015-11-12,20.0,20.42,19.85,20.42,20.55,0.2,10.0,0.0,13.0
2015-11-11,20.35,19.5,19.65,20.35,20.35,0.8,0.0,0.0,9.0
2015-11-10,19.76,19.9,19.6,19.63,19.55,-0.02,11.0,0.0,9.0
2015-11-09,19.58,19.58,19.58,19.58,19.575,0.18,1.0,0.0,2.0
2015-11-06,19.5,19.5,19.5,19.5,19.4,0.05,1.0,0.0,2.0
2015-11-05,19.35,19.05,19.85,19.35,19.35,-0.32,0.0,0.0,1.0
2015-11-04,19.45,19.66,19.43,19.66,19.675,0.3,3.0,0.0,1.0
2015-11-03,19.375,19.1,19.4,19.375,19.375,0.12,0.0,0.0,0.0
2015-11-02,19.25,19.3,19.7,19.25,19.25,-2.42,0.0,0.0,0.0
2015-10-30,21.675,19.5,19.95,21.675,21.675,1.68,0.0,0.0,0.0
2015-10-29,20.0,19.2,19.95,20.0,20.0,0.35,0.0,0.0,0.0
2015-10-28,19.65,19.65,19.75,19.65,19.65,0.45,0.0,0.0,0.0
2015-10-27,19.2,19.9,20.8,19.2,19.2,-0.7,0.0,0.0,0.0
2015-10-26,19.9,18.05,22.0,19.9,19.9,19.9,0.0,0.0,0.0
2015-10-23,19.3,19.55,19.25,19.55,19.525,0.1,36.0,0.0,92.0
2015-10-22,19.6,20.2,19.4,19.4,19.425,-0.82,6.0,0.0,57.0
2015-10-21,19.9,20.5,19.7,20.5,20.25,-1.05,63.0,0.0,93.0
2015-10-20,19.4,19.9,19.3,19.9,21.3,1.9,19.0,0.0,20.0
2015-10-19,19.85,19.9,19.5,19.5,19.4,-0.58,18.0,0.0,22.0
2015-10-16,19.975,20.2,20.05,19.975,19.975,0.1,0.0,0.0,14.0
2015-10-15,20.75,20.75,20.05,20.05,19.875,-0.95,7.0,0.0,18.0
2015-10-14,20.5,21.0,20.5,20.95,20.825,0.3,13.0,0.0,12.0
2015-10-13,19.85,20.52,19.85,20.52,20.525,0.75,6.0,0.0,10.0
2015-10-12,20.1,20.45,20.1,20.1,19.775,-0.8,2.0,0.0,6.0
2015-10-09,20.5,20.5,20.5,20.5,20.575,0.05,2.0,0.0,4.0
2015-10-08,20.6,20.6,20.6,20.6,20.525,-0.02,1.0,0.0,3.0
2015-10-07,20.55,19.95,21.15,20.55,20.55,-0.52,0.0,0.0,3.0
2015-10-06,21.075,20.95,20.9,21.075,21.075,0.25,0.0,0.0,3.0
2015-10-05,20.825,21.25,21.0,20.825,20.825,-0.22,0.0,0.0,3.0
2015-10-02,21.05,22.3,22.3,21.05,21.05,-1.05,0.0,0.0,3.0
2015-10-01,22.1,22.4,22.35,22.1,22.1,-0.42,0.0,0.0,3.0
2015-09-30,22.525,22.25,22.65,22.525,22.525,0.3,0.0,0.0,3.0
2015-09-29,22.225,22.35,22.7,22.225,22.225,-0.25,0.0,0.0,3.0
2015-09-28,22.5,22.51,22.15,22.51,22.475,0.4,2.0,0.0,3.0
2015-09-25,21.8,21.81,21.65,21.81,22.075,0.32,2.0,0.0,2.0
2015-09-24,21.75,21.6,22.0,21.75,21.75,0.52,0.0,0.0,1.0
2015-09-23,21.225,20.45,21.75,21.225,21.225,-0.4,0.0,0.0,1.0
2015-09-22,21.71,22.14,21.71,22.14,21.625,0.75,3.0,0.0,1.0
2015-09-21,20.875,20.875,20.875,20.875,20.875,20.88,0.0,0.0,0.0
2015-09-18,21.5,21.6,20.85,21.4,21.5,0.62,282.0,0.0,525.0
2015-09-17,20.7,20.91,19.89,20.78,20.875,0.45,418.0,0.0,438.0
2015-09-16,21.15,21.45,20.7,21.2,20.425,0.05,11.0,0.0,321.0
2015-09-15,22.15,22.55,21.54,21.54,20.375,-2.12,221.0,0.0,319.0
2015-09-14,22.7,22.75,22.7,22.7,22.5,-0.12,1.0,0.0,136.0
2015-09-11,22.625,22.7,22.75,22.625,22.625,0.02,0.0,0.0,136.0
2015-09-10,23.2,23.2,22.9,22.9,22.6,-0.3,67.0,0.0,136.0
2015-09-09,22.6,23.0,22.45,23.0,22.9,2.02,25.0,0.0,71.0
2015-09-08,20.875,23.15,23.15,20.875,20.875,-2.75,3.0,0.0,62.0
2015-09-04,23.5,23.8,23.45,23.55,23.625,0.55,25.0,0.0,59.0
2015-09-03,22.25,23.25,22.25,23.25,23.075,2.0,47.0,0.0,47.0
2015-09-02,21.075,23.55,23.6,21.075,21.075,-2.82,0.0,0.0,3.0
2015-09-01,23.2,23.85,23.2,23.2,23.9,1.58,1.0,0.0,3.0
2015-08-31,22.325,21.9,21.75,22.325,22.325,0.8,0.0,0.0,2.0
2015-08-28,21.25,21.65,21.1,21.26,21.525,0.9,2.0,0.0,2.0
2015-08-27,20.625,20.4,20.55,20.625,20.625,0.25,0.0,0.0,1.0
2015-08-26,21.0,21.0,20.75,21.0,20.375,0.28,1.0,0.0,1.0
2015-08-25,20.1,18.8,21.45,20.1,20.1,-0.4,0.0,0.0,0.0
2015-08-24,20.5,19.0,22.0,20.5,20.5,20.5,0.0,0.0,0.0
2015-08-21,18.89,19.45,18.84,19.45,19.475,0.5,368.0,0.0,779.0
2015-08-20,18.6,19.0,18.5,19.0,18.975,0.4,210.0,0.0,533.0
2015-08-19,18.5,18.55,18.3,18.55,18.575,0.22,256.0,0.0,362.0
2015-08-18,18.3,18.4,18.3,18.4,18.35,0.1,81.0,0.0,141.0
2015-08-17,18.2,18.25,18.2,18.25,18.25,0.05,29.0,0.0,66.0
2015-08-14,18.2,18.3,18.2,18.2,18.2,-0.1,9.0,0.0,39.0
2015-08-13,18.25,18.4,18.25,18.34,18.3,-0.1,12.0,0.0,40.0
2015-08-12,18.5,18.9,18.39,18.39,18.4,-0.05,35.0,0.0,35.0
2015-08-11,18.3,18.5,18.2,18.35,18.45,0.28,26.0,0.0,26.0
2015-08-10,18.15,18.15,18.1,18.1,18.175,-0.15,4.0,0.0,8.0
2015-08-07,18.55,18.55,18.45,18.55,18.325,-0.05,1.0,0.0,6.0
2015-08-06,18.3,18.4,18.3,18.4,18.375,0.18,2.0,0.0,6.0
2015-08-05,18.2,18.15,18.15,18.2,18.2,-0.05,0.0,0.0,5.0
2015-08-04,18.15,18.25,18.15,18.25,18.25,-0.08,3.0,0.0,5.0
2015-08-03,18.4,18.4,18.2,18.4,18.325,0.05,5.0,0.0,5.0
2015-07-31,18.275,18.3,18.4,18.275,18.275,-0.05,0.0,0.0,0.0
2015-07-30,18.325,18.3,18.45,18.325,18.325,0.15,0.0,0.0,0.0
2015-07-29,18.175,18.2,18.25,18.175,18.175,-0.1,0.0,0.0,0.0
2015-07-28,18.275,18.4,18.35,18.275,18.275,0.02,0.0,0.0,0.0
2015-07-27,18.25,17.5,19.0,18.25,18.25,18.25,0.0,0.0,0.0
2015-07-24,18.05,18.35,18.0,18.25,18.2,0.12,278.0,0.0,1617.0
2015-07-23,18.0,18.3,17.99,18.1,18.075,0.05,260.0,0.0,1416.0
2015-07-22,17.99,18.2,17.99,18.0,18.025,0.1,466.0,0.0,1217.0
2015-07-21,17.95,18.05,17.9,17.9,17.925,-0.02,428.0,0.0,814.0
2015-07-20,18.0,18.0,17.85,17.97,17.95,-0.02,220.0,0.0,553.0
2015-07-17,18.05,18.05,17.96,18.0,17.975,-0.05,117.0,0.0,439.0
2015-07-16,18.25,18.3,18.04,18.05,18.025,-0.3,77.0,0.0,387.0
2015-07-15,18.35,18.55,18.25,18.35,18.325,-0.08,88.0,0.0,338.0
2015-07-14,18.3,18.45,18.18,18.45,18.4,0.1,152.0,0.0,288.0
2015-07-13,19.1,19.1,18.32,18.36,18.3,-0.6,42.0,0.0,214.0
2015-07-10,19.34,19.34,18.73,18.95,18.9,-0.48,45.0,0.0,201.0
2015-07-09,19.1,19.3,18.85,19.3,19.375,0.2,79.0,0.0,240.0
2015-07-08,18.92,19.3,18.9,19.3,19.175,0.38,127.0,0.0,203.0
2015-07-07,19.2,19.3,18.84,18.84,18.8,-0.15,31.0,0.0,95.0
2015-07-06,19.25,19.25,18.93,19.15,18.95,0.28,84.0,0.0,106.0
2015-07-02,18.9,18.95,18.75,18.8,18.675,0.18,8.0,0.0,17.0
2015-07-01,18.85,18.85,18.6,18.75,18.5,-0.55,5.0,0.0,12.0
2015-06-30,19.35,19.35,19.2,19.3,19.05,-0.2,6.0,0.0,7.0
2015-06-29,18.8,19.25,18.8,19.25,19.25,0.7,6.0,0.0,3.0
2015-06-26,18.55,18.5,18.6,18.55,18.55,-0.12,0.0,0.0,0.0
2015-06-25,18.675,18.6,18.7,18.675,18.675,-0.05,0.0,0.0,0.0
2015-06-24,18.725,18.6,18.85,18.725,18.725,-0.18,0.0,0.0,0.0
2015-06-23,18.9,18.7,19.1,18.9,18.9,0.22,0.0,0.0,0.0
2015-06-22,18.675,17.9,19.45,18.675,18.675,18.68,0.0,0.0,0.0
2015-06-19,18.81,18.95,18.8,18.9,18.95,0.12,239.0,0.0,1003.0
2015-06-18,19.05,19.15,18.8,18.8,18.825,-0.25,446.0,0.0,966.0
2015-06-17,18.99,19.27,18.95,19.1,19.075,0.02,247.0,0.0,769.0
2015-06-16,19.21,19.3,19.0,19.07,19.05,-0.12,765.0,0.0,914.0
2015-06-15,19.04,19.2,18.9,19.2,19.175,0.28,23.0,0.0,39.0
2015-06-12,18.85,18.95,18.85,18.9,18.9,0.12,7.0,0.0,18.0
2015-06-11,19.0,19.0,18.8,18.8,18.775,-0.2,5.0,0.0,14.0
2015-06-10,18.975,19.1,19.0,18.975,18.975,-0.22,0.0,0.0,12.0
2015-06-09,19.25,19.25,19.25,19.25,19.2,-0.12,1.0,0.0,12.0
2015-06-08,19.35,19.35,19.32,19.35,19.325,0.12,4.0,0.0,11.0
2015-06-05,19.1,19.15,19.1,19.1,19.2,-0.02,2.0,0.0,9.0
2015-06-04,19.1,19.3,19.1,19.3,19.225,0.25,7.0,0.0,9.0
2015-06-03,18.975,18.95,19.0,18.975,18.975,-0.08,0.0,0.0,6.0
2015-06-02,19.05,19.0,19.05,19.05,19.05,0.12,0.0,0.0,6.0
2015-06-01,18.86,19.0,18.86,19.0,18.925,-0.02,3.0,0.0,6.0
2015-05-29,19.0,19.0,18.98,19.0,18.95,0.02,4.0,0.0,3.0
2015-05-28,18.925,18.8,19.1,18.925,18.925,0.02,0.0,0.0,0.0
2015-05-27,18.9,18.75,18.95,18.9,18.9,0.0,0.0,0.0,0.0
2015-05-26,18.9,18.25,19.5,18.9,18.9,18.9,0.0,0.0,0.0
2015-05-21,18.67,18.7,18.45,18.5,18.475,-0.18,606.0,0.0,1857.0
2015-05-20,18.6,18.7,18.5,18.63,18.65,0.05,93.0,0.0,1445.0
2015-05-19,18.64,18.66,18.5,18.59,18.6,-0.05,73.0,0.0,1434.0
2015-05-18,18.95,19.0,18.65,18.71,18.65,-0.35,88.0,0.0,1371.0
2015-05-15,19.05,19.05,18.98,19.0,19.0,-0.1,446.0,0.0,1692.0
2015-05-14,19.1,19.1,19.03,19.04,19.1,-0.02,152.0,0.0,1058.0
2015-05-13,19.2,19.25,19.1,19.15,19.125,-0.12,436.0,0.0,1132.0
2015-05-12,19.45,19.55,19.28,19.3,19.25,-0.12,133.0,0.0,809.0
2015-05-11,19.09,19.35,19.08,19.33,19.375,0.25,543.0,0.0,736.0
2015-05-08,19.2,19.25,18.95,19.1,19.125,-0.18,41.0,0.0,218.0
2015-05-07,19.55,19.56,19.25,19.3,19.3,-0.02,81.0,0.0,250.0
2015-05-06,19.3,19.52,19.25,19.35,19.325,0.05,126.0,0.0,253.0
2015-05-05,19.3,19.31,19.25,19.25,19.275,0.1,9.0,0.0,22.0
2015-05-04,19.15,19.2,19.07,19.2,19.175,0.08,6.0,0.0,14.0
2015-05-01,19.2,19.25,19.05,19.05,19.1,-0.28,4.0,0.0,10.0
2015-04-30,19.27,19.45,19.23,19.3,19.375,0.2,9.0,0.0,10.0
2015-04-29,19.05,19.25,19.05,19.25,19.175,0.05,3.0,0.0,6.0
2015-04-28,19.45,19.45,19.1,19.1,19.125,-0.22,3.0,0.0,4.0
2015-04-27,19.25,19.3,19.15,19.25,19.35,0.18,1.0,0.0,3.0
2015-04-24,19.15,19.15,19.15,19.15,19.175,0.0,2.0,0.0,2.0
2015-04-23,19.175,19.1,19.25,19.175,19.175,0.02,0.0,0.0,0.0
2015-04-22,19.15,19.2,19.25,19.15,19.15,-0.2,0.0,0.0,0.0
2015-04-21,19.35,19.05,19.65,19.35,19.35,0.38,0.0,0.0,0.0
2015-04-20,18.975,18.95,18.975,18.975,18.975,18.98,0.0,0.0,0.0
2015-04-17,19.0,19.4,18.95,19.2,19.2,0.25,757.0,0.0,2840.0
2015-04-16,18.96,19.1,18.85,18.95,18.95,-0.02,572.0,0.0,2354.0
2015-04-15,19.05,19.05,18.85,18.99,18.975,-0.08,590.0,0.0,1878.0
2015-04-14,19.05,19.15,18.9,19.1,19.05,0.02,485.0,0.0,1647.0
2015-04-13,18.74,19.05,18.5,19.04,19.025,0.28,228.0,0.0,1175.0
2015-04-10,19.27,19.27,18.75,18.76,18.75,-0.45,264.0,0.0,1060.0
2015-04-09,19.4,19.5,19.2,19.2,19.2,-0.15,470.0,0.0,1058.0
2015-04-08,19.37,19.4,19.25,19.4,19.35,-0.02,49.0,0.0,455.0
2015-04-07,19.34,19.45,19.3,19.4,19.375,-0.05,37.0,0.0,482.0
2015-04-06,19.7,19.75,19.35,19.45,19.425,19.42,114.0,0.0,462.0
2015-04-02,19.7,19.7,19.59,19.62,19.65,0.02,144.0,0.0,354.0
2015-04-01,19.7,19.75,19.55,19.61,19.625,0.02,34.0,0.0,224.0
2015-03-31,19.39,19.6,19.37,19.57,19.6,0.2,52.0,0.0,198.0
2015-03-30,19.35,19.42,19.24,19.38,19.4,-0.02,125.0,0.0,160.0
2015-03-27,19.43,19.55,19.4,19.42,19.425,-0.02,41.0,0.0,51.0
2015-03-26,19.55,19.75,19.45,19.53,19.45,-0.1,12.0,0.0,13.0
2015-03-25,19.45,19.55,19.25,19.55,19.55,0.3,6.0,0.0,4.0
2015-03-24,19.25,19.1,19.35,19.25,19.25,0.08,0.0,0.0,0.0
2015-03-23,19.175,19.175,19.175,19.175,19.175,19.18,0.0,0.0,0.0
2015-01-23,19.6,19.98,19.58,19.98,19.95,0.32,224.0,0.0,1900.0
2015-01-22,20.05,20.3,19.65,19.65,19.625,-0.4,394.0,0.0,1775.0
2015-01-21,20.65,20.85,20.05,20.06,20.025,-0.62,280.0,0.0,1724.0
2015-01-20,20.6,20.9,20.3,20.65,20.65,0.08,366.0,0.0,1431.0
2015-01-16,20.8,21.0,20.45,20.5,20.575,-0.15,64.0,0.0,1266.0
2015-01-15,20.23,20.76,20.2,20.65,20.725,0.3,157.0,0.0,1270.0
2015-01-14,20.37,20.75,20.37,20.5,20.425,-0.02,125.0,0.0,1155.0
2015-01-13,20.1,20.65,19.9,20.5,20.45,0.12,404.0,0.0,1286.0
2015-01-12,20.0,20.46,19.95,20.33,20.325,0.25,236.0,0.0,1034.0
2015-01-09,19.55,20.05,19.5,20.05,20.075,0.52,256.0,0.0,824.0
2015-01-08,20.25,20.25,19.55,19.55,19.55,-0.6,268.0,0.0,767.0
2015-01-07,20.4,20.55,20.15,20.16,20.15,-0.6,49.0,0.0,369.0
2015-01-06,20.6,20.95,20.4,20.66,20.75,0.08,419.0,0.0,636.0
2015-01-05,20.35,20.8,20.2,20.65,20.675,0.58,9.0,0.0,21.0
2015-01-02,19.65,20.3,19.65,20.11,20.1,0.18,6.0,0.0,18.0
2014-12-31,19.45,20.0,19.4,20.0,19.925,0.6,13.0,0.0,15.0
2014-12-30,19.35,19.45,19.35,19.43,19.325,0.15,7.0,0.0,11.0
2014-12-29,19.175,19.1,19.25,19.175,19.175,-0.32,0.0,0.0,5.0
2014-12-26,19.25,19.3,19.2,19.3,19.5,0.28,3.0,0.0,5.0
2014-12-24,19.25,19.25,19.15,19.25,19.225,0.08,2.0,0.0,2.0
2014-12-23,19.1,19.2,19.09,19.09,19.15,-0.15,2.0,0.0,1.0
2014-12-22,19.3,18.95,19.25,19.3,19.3,19.3,0.0,0.0,0.0
2014-12-19,19.1,19.2,18.82,18.82,18.85,-0.3,377.0,0.0,2674.0
2014-12-18,19.53,19.72,19.15,19.19,19.15,-0.5,636.0,0.0,2479.0
2014-12-17,20.7,20.9,19.48,19.54,19.65,-1.3,577.0,0.0,2590.0
2014-12-16,20.3,20.95,19.8,20.9,20.95,0.5,270.0,0.0,2220.0
2014-12-15,20.44,20.55,19.79,20.4,20.45,-0.05,863.0,0.0,2303.0
2014-12-12,20.07,20.7,20.07,20.7,20.5,0.05,488.0,0.0,1497.0
2014-12-11,19.5,20.42,19.2,20.42,20.45,0.7,146.0,0.0,1114.0
2014-12-10,19.08,19.71,19.0,19.71,19.75,0.8,86.0,0.0,1001.0
2014-12-09,19.2,19.33,18.84,18.88,18.95,-0.05,49.0,0.0,939.0
2014-12-08,18.7,18.98,18.6,18.92,19.0,0.45,119.0,0.0,906.0
2014-12-05,18.55,18.6,18.4,18.54,18.55,0.0,67.0,0.0,873.0
2014-12-04,18.75,18.86,18.6,18.65,18.55,-0.15,655.0,0.0,824.0
2014-12-03,18.64,18.7,18.55,18.65,18.7,0.1,19.0,0.0,284.0
2014-12-02,19.35,19.35,18.65,18.96,18.6,-0.7,85.0,0.0,278.0
2014-12-01,19.0,19.27,19.0,19.27,19.3,0.7,128.0,0.0,196.0
2014-11-28,18.95,18.95,18.87,18.91,18.6,-0.3,8.0,0.0,91.0
2014-11-26,18.85,18.91,18.85,18.91,18.9,-0.05,23.0,0.0,86.0
2014-11-25,18.9,18.95,18.88,18.88,18.95,0.0,64.0,0.0,63.0
2014-11-24,18.95,18.95,18.95,18.95,18.95,18.95,0.0,0.0,0.0
2014-11-21,18.62,18.66,18.38,18.57,18.6,-0.05,925.0,0.0,2051.0
2014-11-20,18.7,18.9,18.6,18.65,18.65,-0.1,584.0,0.0,1212.0
2014-11-19,18.21,18.43,18.14,18.4,18.45,0.2,1538.0,0.0,6050.0
2014-11-18,18.15,18.3,17.95,18.3,18.25,0.1,863.0,0.0,5459.0
2014-11-17,18.2,18.35,18.03,18.17,18.15,0.0,564.0,0.0,5275.0
2014-11-14,18.3,18.35,18.1,18.15,18.15,-0.2,1254.0,0.0,5315.0
2014-11-13,18.05,18.6,17.95,18.35,18.35,0.3,1608.0,0.0,5158.0
2014-11-12,17.9,18.15,17.9,18.05,18.05,0.2,390.0,0.0,4447.0
2014-11-11,18.0,18.11,17.8,17.85,17.85,-0.15,635.0,0.0,4363.0
2014-11-10,18.4,18.41,17.95,17.95,18.0,-0.35,485.0,0.0,4001.0
2014-11-07,18.3,18.5,18.25,18.35,18.35,0.0,440.0,0.0,3878.0
2014-11-06,18.55,18.75,18.35,18.35,18.35,-0.25,863.0,0.0,3742.0
2014-11-05,18.75,18.78,18.55,18.57,18.6,-0.15,436.0,0.0,3653.0
2014-11-04,18.7,19.08,18.68,18.75,18.75,0.05,549.0,0.0,3544.0
2014-11-03,18.55,18.85,18.5,18.7,18.7,0.1,511.0,0.0,3499.0
2014-10-31,18.4,18.65,18.15,18.6,18.6,0.0,668.0,0.0,3416.0
2014-10-30,18.54,18.81,18.3,18.6,18.6,0.1,564.0,0.0,3226.0
2014-10-29,18.33,18.72,18.3,18.46,18.5,0.2,577.0,0.0,3196.0
2014-10-28,18.75,18.8,18.25,18.3,18.3,-0.5,967.0,0.0,3155.0
2014-10-27,19.05,19.43,18.78,18.78,18.8,-0.2,756.0,0.0,3044.0
2014-10-24,19.2,19.65,18.94,18.97,19.0,-0.2,604.0,0.0,3041.0
2014-10-23,19.55,19.55,19.1,19.2,19.2,-0.35,265.0,0.0,2782.0
2014-10-22,19.05,19.71,18.95,19.5,19.5,0.45,3034.0,0.0,11888.0
2014-10-21,19.65,19.95,19.02,19.05,19.05,-0.65,2321.0,0.0,11593.0
2014-10-20,19.75,20.16,19.7,19.7,19.7,-0.3,1114.0,0.0,11173.0
2014-10-17,20.5,20.6,19.6,20.0,20.0,-0.65,775.0,0.0,10849.0
2014-10-16,21.0,21.9,20.42,20.55,20.65,-0.55,2678.0,0.0,10752.0
2014-10-15,20.3,21.43,19.85,21.2,21.2,1.15,3564.0,0.0,10852.0
2014-10-14,20.84,20.84,19.7,20.06,20.05,-0.65,2940.0,0.0,9889.0
2014-10-13,19.95,20.72,19.44,20.68,20.7,0.85,2714.0,0.0,9971.0
2014-10-10,18.98,19.9,18.75,19.86,19.85,0.9,2710.0,0.0,9123.0
2014-10-09,18.25,19.0,18.2,18.93,18.95,0.7,1517.0,0.0,8037.0
2014-10-08,19.21,19.21,18.25,18.3,18.25,-0.95,1364.0,0.0,7757.0
2014-10-07,18.73,19.15,18.64,19.15,19.2,0.6,1897.0,0.0,7480.0
2014-10-06,18.15,18.62,18.14,18.6,18.6,0.25,469.0,0.0,6673.0
2014-10-03,19.01,19.05,18.31,18.31,18.35,-0.7,956.0,0.0,6577.0
2014-10-02,18.2,19.27,18.2,19.0,19.05,-0.1,1366.0,0.0,6470.0
2014-10-01,18.85,19.19,18.6,19.15,19.15,0.35,1436.0,0.0,6306.0
2014-09-30,18.75,18.83,18.49,18.79,18.8,0.1,559.0,0.0,5728.0
2014-09-29,18.28,18.7,18.28,18.7,18.7,0.4,2028.0,0.0,5689.0
2014-09-26,18.33,18.43,18.1,18.24,18.3,-0.05,677.0,0.0,5051.0
2014-09-25,18.05,18.47,18.02,18.3,18.35,0.25,2010.0,0.0,4855.0
2014-09-24,18.14,18.25,17.95,18.05,18.1,-0.15,597.0,0.0,4043.0
2014-09-23,17.98,18.25,17.9,18.25,18.25,0.3,1329.0,0.0,4040.0
2014-09-22,17.82,17.96,17.75,17.92,17.95,0.15,939.0,0.0,3390.0
2014-09-19,17.72,17.85,17.63,17.82,17.8,0.05,942.0,0.0,3181.0
2014-09-18,17.7,17.77,17.65,17.71,17.75,0.0,838.0,0.0,2393.0
2014-09-17,17.45,17.53,17.23,17.5,17.45,0.0,1765.0,0.0,6776.0
2014-09-16,17.75,17.83,17.35,17.44,17.45,-0.35,2376.0,0.0,6690.0
2014-09-15,17.68,17.82,17.55,17.8,17.8,0.25,551.0,0.0,6152.0
2014-09-12,17.46,17.7,17.4,17.55,17.55,0.1,560.0,0.0,6045.0
2014-09-11,17.38,17.58,17.35,17.44,17.45,0.05,668.0,0.0,5927.0
2014-09-10,17.38,17.55,17.25,17.35,17.4,0.0,463.0,0.0,5673.0
2014-09-09,17.3,17.45,17.25,17.4,17.4,0.1,375.0,0.0,5544.0
2014-09-08,17.4,17.45,17.28,17.3,17.3,0.05,257.0,0.0,5432.0
2014-09-05,17.51,17.59,17.23,17.25,17.25,-0.2,836.0,0.0,5266.0
2014-09-04,17.48,17.6,17.32,17.45,17.45,-0.1,328.0,0.0,4963.0
2014-09-03,17.4,17.58,17.4,17.55,17.55,-0.05,599.0,0.0,4802.0
2014-09-02,17.59,17.61,17.4,17.6,17.6,0.1,424.0,0.0,4559.0
2014-08-29,17.51,17.66,17.44,17.5,17.5,-0.1,1110.0,0.0,4375.0
2014-08-28,17.59,17.92,17.45,17.56,17.6,0.0,653.0,0.0,4126.0
2014-08-27,17.45,17.6,17.39,17.55,17.6,0.15,379.0,0.0,3961.0
2014-08-26,17.24,17.44,17.15,17.43,17.45,0.2,468.0,0.0,3850.0
2014-08-25,17.05,17.25,17.05,17.24,17.25,-0.05,274.0,0.0,3749.0
2014-08-22,17.26,17.4,17.2,17.3,17.3,0.05,339.0,0.0,3681.0
2014-08-21,17.25,17.32,17.18,17.25,17.25,0.05,470.0,0.0,3554.0
2014-08-20,16.8,16.97,16.65,16.85,16.85,0.0,1317.0,0.0,9453.0
2014-08-19,16.75,16.87,16.7,16.82,16.85,-0.05,1338.0,0.0,9031.0
2014-08-18,16.9,16.96,16.75,16.87,16.9,-0.3,615.0,0.0,8583.0
2014-08-15,17.25,17.7,17.1,17.2,17.2,-0.05,1914.0,0.0,8515.0
2014-08-14,17.49,17.6,17.25,17.27,17.25,-0.35,1005.0,0.0,8409.0
2014-08-13,17.95,17.98,17.6,17.6,17.6,-0.4,429.0,0.0,8043.0
2014-08-12,18.0,18.1,17.85,17.95,18.0,-0.05,383.0,0.0,7981.0
2014-08-11,18.59,18.59,17.94,18.0,18.05,-0.45,537.0,0.0,7884.0
2014-08-08,18.74,19.79,18.36,18.46,18.5,-0.2,1552.0,0.0,7833.0
2014-08-07,18.39,18.8,18.2,18.75,18.7,0.25,1448.0,0.0,7481.0
2014-08-06,18.18,18.47,18.02,18.4,18.45,0.15,2282.0,0.0,7282.0
2014-08-05,17.75,18.37,17.7,18.3,18.3,0.55,1865.0,0.0,6838.0
2014-08-04,18.06,18.1,17.55,17.8,17.75,-0.35,633.0,0.0,6210.0
2014-08-01,17.66,18.12,17.25,18.09,18.1,0.45,1460.0,0.0,6232.0
2014-07-31,17.1,17.65,17.05,17.6,17.65,0.6,1577.0,0.0,6037.0
2014-07-30,17.01,17.09,16.8,17.07,17.05,0.05,1098.0,0.0,5470.0
2014-07-29,16.99,17.1,16.9,17.02,17.0,-0.05,486.0,0.0,5284.0
2014-07-28,17.13,17.16,17.0,17.05,17.05,-0.05,840.0,0.0,5005.0
2014-07-25,17.08,17.2,17.02,17.14,17.1,0.0,1139.0,0.0,4433.0
2014-07-24,16.98,17.1,16.86,17.08,17.1,0.1,750.0,0.0,3877.0
2014-07-23,16.9,17.03,16.81,17.02,17.0,0.1,1233.0,0.0,3579.0
2014-07-22,16.85,16.93,16.7,16.88,16.9,0.0,465.0,0.0,3039.0
2014-07-21,16.8,16.94,16.75,16.92,16.9,0.05,498.0,0.0,2781.0
2014-07-18,17.05,17.15,16.7,16.8,16.85,-0.15,291.0,0.0,2525.0
2014-07-17,16.89,17.35,16.77,17.05,17.0,0.15,701.0,0.0,2472.0
2014-07-16,16.45,16.6,16.3,16.51,16.55,0.05,1901.0,0.0,4445.0
2014-07-15,16.44,16.59,16.35,16.5,16.5,0.05,1673.0,0.0,3919.0
2014-07-14,16.7,16.7,16.45,16.45,16.45,-0.3,338.0,0.0,3717.0
2014-07-11,16.8,16.84,16.65,16.73,16.75,-0.1,889.0,0.0,3688.0
2014-07-10,16.77,17.0,16.72,16.82,16.85,0.1,967.0,0.0,3386.0
2014-07-09,16.86,16.9,16.66,16.76,16.75,-0.15,1020.0,0.0,3383.0
2014-07-08,16.9,17.14,16.8,16.9,16.9,0.05,1309.0,0.0,3298.0
2014-07-07,16.4,16.87,16.4,16.86,16.85,0.2,536.0,0.0,2805.0
2014-07-03,16.7,16.71,16.59,16.66,16.65,-0.15,380.0,0.0,2727.0
2014-07-02,16.95,16.95,16.77,16.8,16.8,-0.2,344.0,0.0,2623.0
2014-07-01,17.09,17.1,16.85,16.99,17.0,-0.15,476.0,0.0,2571.0
2014-06-30,17.2,17.28,17.1,17.12,17.15,-0.15,374.0,0.0,2521.0
2014-06-27,17.33,17.34,17.21,17.33,17.3,0.05,502.0,0.0,2490.0
2014-06-26,17.35,17.48,17.25,17.25,17.25,-0.15,137.0,0.0,2397.0
2014-06-25,17.53,17.57,17.32,17.35,17.4,-0.15,613.0,0.0,2372.0
2014-06-24,17.44,17.6,17.35,17.54,17.55,0.15,557.0,0.0,2287.0
2014-06-23,17.45,17.51,17.35,17.37,17.4,-0.1,330.0,0.0,2176.0
2014-06-20,17.34,17.45,17.25,17.45,17.5,0.1,149.0,0.0,2171.0
2014-06-19,17.32,17.4,17.23,17.35,17.4,0.1,159.0,0.0,2114.0
2014-06-18,17.36,17.39,16.9,16.95,17.0,-0.35,3042.0,3.0,3441.0
2014-06-17,17.37,17.45,17.25,17.35,17.35,-0.1,801.0,0.0,2550.0
2014-06-16,17.5,17.55,17.35,17.43,17.45,0.0,417.0,0.0,2348.0
2014-06-13,17.65,17.68,17.28,17.46,17.45,-0.2,1407.0,0.0,2268.0
2014-06-12,17.3,17.7,17.2,17.64,17.65,0.35,550.0,0.0,2656.0
2014-06-11,17.15,17.31,17.15,17.31,17.3,0.15,897.0,0.0,2575.0
2014-06-10,17.15,17.26,17.1,17.15,17.15,-0.05,432.0,0.0,2327.0
2014-06-09,16.99,17.19,16.91,17.17,17.2,0.2,310.0,0.0,2317.0
2014-06-06,17.47,17.47,16.87,16.99,17.0,-0.5,1714.0,0.0,2221.0
2014-06-05,17.74,17.78,17.44,17.45,17.5,-0.25,639.0,0.0,2379.0
2014-06-04,17.84,17.85,17.67,17.7,17.75,-0.1,561.0,0.0,2167.0
2014-06-03,17.9,17.99,17.8,17.85,17.85,-0.05,763.0,0.0,2041.0
2014-06-02,17.95,17.97,17.85,17.9,17.9,0.05,192.0,0.0,2035.0
2014-05-30,17.7,17.9,17.69,17.86,17.85,0.15,474.0,0.0,2007.0
2014-05-29,17.63,17.7,17.55,17.68,17.7,0.05,395.0,0.0,1972.0
2014-05-28,17.53,17.65,17.48,17.65,17.65,0.1,253.0,0.0,1821.0
2014-05-27,17.55,17.65,17.5,17.55,17.55,-0.15,178.0,0.0,1691.0
2014-05-23,17.6,17.7,17.55,17.68,17.7,0.05,506.0,0.0,1681.0
2014-05-22,17.5,17.65,17.43,17.63,17.65,0.2,203.0,0.0,1435.0
2014-05-21,17.2,17.25,17.03,17.1,17.1,-0.1,1768.0,2.0,9162.0
2014-05-20,17.2,17.31,17.12,17.16,17.2,0.0,1400.0,0.0,8279.0
2014-05-19,17.4,17.41,17.15,17.15,17.2,-0.2,562.0,0.0,7773.0
2014-05-16,17.55,17.55,17.33,17.4,17.4,-0.1,645.0,0.0,7689.0
2014-05-15,17.4,17.63,17.38,17.45,17.5,0.05,912.0,0.0,7346.0
2014-05-14,17.35,17.48,17.32,17.45,17.45,0.1,1113.0,0.0,7391.0
2014-05-13,17.4,17.4,17.25,17.35,17.35,-0.05,1444.0,0.0,6943.0
2014-05-12,17.5,17.5,17.27,17.35,17.4,-0.15,1713.0,0.0,6914.0
2014-05-09,17.76,17.8,17.48,17.55,17.55,-0.2,798.0,0.0,6207.0
2014-05-08,17.75,17.77,17.6,17.75,17.75,-0.05,476.0,0.0,5811.0
2014-05-07,17.88,17.92,17.75,17.76,17.8,-0.2,89.0,0.0,5658.0
2014-05-06,17.8,17.98,17.78,17.97,18.0,0.15,303.0,0.0,5651.0
2014-05-05,17.95,18.05,17.8,17.8,17.85,-0.1,501.0,0.0,5466.0
2014-05-02,17.78,17.95,17.75,17.95,17.95,0.1,465.0,0.0,5203.0
2014-05-01,17.84,17.87,17.8,17.82,17.85,0.0,136.0,0.0,5024.0
2014-04-30,17.8,17.89,17.75,17.8,17.85,0.05,999.0,0.0,5058.0
2014-04-29,17.9,17.95,17.77,17.77,17.8,-0.15,356.0,0.0,4457.0
2014-04-28,18.05,18.11,17.92,17.92,17.95,-0.15,471.0,0.0,4246.0
2014-04-25,18.08,18.25,18.05,18.1,18.1,0.05,626.0,0.0,4044.0
2014-04-24,18.05,18.25,18.02,18.1,18.05,-0.1,627.0,0.0,3853.0
2014-04-23,18.06,18.15,18.0,18.15,18.15,0.1,699.0,0.0,3775.0
2014-04-22,18.0,18.1,17.93,18.05,18.05,-0.05,862.0,0.0,3194.0
2014-04-21,17.97,18.1,17.95,18.1,18.1,0.05,498.0,0.0,2867.0
2014-04-17,18.05,18.13,17.93,18.05,18.05,0.0,644.0,0.0,2785.0
2014-04-16,18.05,18.31,17.95,18.01,18.05,-0.2,530.0,0.0,2328.0
2014-04-15,18.4,18.61,18.15,18.25,18.25,-0.05,675.0,0.0,2108.0
2014-04-14,18.35,18.47,18.2,18.33,18.3,-0.05,437.0,0.0,1916.0
2014-04-11,18.25,18.37,18.15,18.37,18.35,0.1,296.0,0.0,1800.0
2014-04-10,17.93,18.25,17.89,18.25,18.25,0.35,172.0,0.0,1721.0
2014-04-09,18.06,18.13,17.85,17.85,17.9,-0.2,471.0,0.0,1772.0
2014-04-08,18.05,18.1,17.85,17.95,18.0,-0.15,1319.0,0.0,4023.0
2014-04-07,18.0,18.25,17.97,18.1,18.15,0.15,1381.0,0.0,4258.0
2014-04-04,17.8,18.07,17.69,17.95,18.0,0.1,952.0,0.0,4247.0
2014-04-03,18.0,18.05,17.88,17.9,17.9,-0.15,266.0,0.0,4309.0
2014-04-02,18.0,18.05,17.85,18.0,18.05,0.05,297.0,0.0,4228.0
2014-04-01,18.1,18.15,17.9,18.0,18.0,-0.15,764.0,0.0,4312.0
2014-03-31,18.3,18.37,18.12,18.16,18.15,-0.25,729.0,0.0,4586.0
2014-03-28,18.44,18.5,18.31,18.38,18.4,-0.1,378.0,0.0,4452.0
2014-03-27,18.52,18.62,18.43,18.45,18.5,-0.1,510.0,0.0,4325.0
2014-03-26,18.44,18.66,18.3,18.6,18.6,0.15,1141.0,0.0,4321.0
2014-03-25,18.3,18.45,18.28,18.45,18.45,0.05,675.0,0.0,4049.0
2014-03-24,18.28,18.55,18.25,18.35,18.4,0.0,169.0,0.0,3947.0
2014-03-21,18.37,18.53,18.34,18.37,18.4,0.05,2260.0,0.0,3949.0
2014-03-20,18.45,18.6,18.3,18.35,18.35,-0.2,493.0,0.0,2775.0
2014-03-19,18.45,18.9,18.4,18.55,18.55,0.1,268.0,0.0,2523.0
2014-03-18,18.45,18.5,18.15,18.28,18.3,-0.1,1217.0,2.0,4684.0
2014-03-17,18.85,18.88,18.35,18.4,18.4,-0.5,550.0,0.0,4438.0
2014-03-14,18.85,19.05,18.7,18.85,18.9,0.05,1223.0,0.0,4328.0
2014-03-13,18.5,18.95,18.5,18.84,18.85,0.2,708.0,0.0,4527.0
2014-03-12,18.74,18.83,18.56,18.67,18.65,0.0,900.0,0.0,4452.0
2014-03-11,18.5,18.74,18.43,18.63,18.65,0.2,778.0,0.0,4389.0
2014-03-10,18.41,18.65,18.38,18.45,18.45,-0.05,396.0,0.0,4326.0
2014-03-07,18.35,18.55,18.25,18.48,18.5,0.1,493.0,0.0,4369.0
2014-03-06,18.46,18.5,18.35,18.35,18.4,-0.1,523.0,0.0,4377.0
2014-03-05,18.48,18.53,18.36,18.5,18.5,0.0,816.0,0.0,4182.0
2014-03-04,18.85,18.87,18.29,18.5,18.5,-0.4,1084.0,0.0,4139.0
2014-03-03,18.8,19.15,18.72,18.89,18.9,0.3,1305.0,0.0,3894.0
2014-02-28,18.37,18.69,18.32,18.55,18.6,0.15,1755.0,0.0,3640.0
2014-02-27,18.36,18.5,18.3,18.4,18.45,0.05,978.0,0.0,3055.0
2014-02-26,18.18,18.45,18.08,18.38,18.4,0.2,1448.0,0.0,2899.0
2014-02-25,18.15,18.27,18.13,18.16,18.2,0.0,1123.0,0.0,2748.0
2014-02-24,18.14,18.17,17.95,18.17,18.2,0.1,107.0,0.0,2110.0
2014-02-21,17.95,18.15,17.94,18.1,18.1,0.0,244.0,0.0,2080.0
2014-02-20,18.2,18.31,18.1,18.1,18.1,-0.1,293.0,0.0,2048.0
2014-02-19,17.58,18.09,17.57,17.92,17.95,0.35,2705.0,0.0,4510.0
2014-02-18,17.83,17.95,17.55,17.6,17.6,-0.3,1291.0,0.0,3747.0
2014-02-14,17.95,18.05,17.8,17.86,17.9,-0.05,711.0,0.0,3298.0
2014-02-13,18.1,18.27,17.78,17.97,17.95,-0.2,814.0,0.0,3246.0
2014-02-12,18.04,18.3,17.94,18.11,18.15,0.0,614.0,0.0,3192.0
2014-02-11,18.4,18.4,18.07,18.1,18.15,-0.3,647.0,0.0,3146.0
2014-02-10,18.5,18.55,18.25,18.44,18.45,-0.05,701.0,0.0,3095.0
2014-02-07,19.07,19.28,18.45,18.45,18.5,-0.6,962.0,0.0,3263.0
2014-02-06,19.83,19.91,19.1,19.1,19.1,-0.8,1177.0,0.0,3460.0
2014-02-05,19.4,19.91,19.25,19.91,19.9,0.4,2012.0,0.0,3397.0
2014-02-04,19.3,19.5,19.05,19.49,19.5,0.1,1471.0,0.0,2884.0
2014-02-03,18.85,19.33,18.68,19.33,19.4,0.55,1633.0,0.0,2497.0
2014-01-31,18.61,19.12,18.57,18.85,18.85,0.1,1580.0,0.0,2217.0
2014-01-30,18.2,18.73,18.2,18.73,18.75,0.15,541.0,0.0,1995.0
2014-01-29,18.36,18.67,18.2,18.6,18.6,0.2,1579.0,0.0,2122.0
2014-01-28,18.75,18.79,18.25,18.4,18.4,-0.4,435.0,0.0,1227.0
2014-01-27,18.7,19.1,18.25,18.75,18.8,-0.15,1051.0,0.0,1309.0
2014-01-24,18.35,18.9,18.25,18.9,18.95,0.7,768.0,0.0,834.0
2014-01-23,18.0,18.35,18.0,18.23,18.25,0.2,229.0,0.0,573.0
2014-01-22,18.05,18.1,17.65,17.67,17.7,-0.3,2232.0,0.0,2907.0
2014-01-21,18.2,18.25,17.9,17.99,18.0,-0.15,1071.0,0.0,1952.0
2014-01-17,18.02,18.2,18.02,18.13,18.15,0.1,211.0,0.0,1636.0
2014-01-16,17.95,18.1,17.9,18.1,18.05,0.0,230.0,0.0,1628.0
2014-01-15,17.89,18.06,17.8,18.03,18.05,0.15,379.0,0.0,1642.0
2014-01-14,18.0,18.0,17.87,17.95,17.9,-0.15,189.0,0.0,1551.0
2014-01-13,17.7,18.2,17.67,18.03,18.05,0.3,273.0,0.0,1513.0
2014-01-10,17.75,17.85,17.65,17.75,17.75,-0.1,205.0,0.0,1468.0
2014-01-09,17.65,17.9,17.6,17.84,17.85,0.15,174.0,0.0,1413.0
2014-01-08,17.85,17.85,17.67,17.7,17.7,-0.1,400.0,0.0,1379.0
2014-01-07,17.95,18.0,17.75,17.75,17.8,-0.25,121.0,0.0,1147.0
2014-01-06,18.1,18.1,17.8,18.1,18.05,-0.2,157.0,0.0,1082.0
2014-01-03,18.25,18.34,18.2,18.26,18.25,-0.05,109.0,0.0,1013.0
2014-01-02,18.1,18.3,18.09,18.3,18.3,0.2,134.0,0.0,1012.0
2013-12-31,18.2,18.25,18.0,18.1,18.1,-0.2,124.0,0.0,1001.0
2013-12-30,18.1,18.32,18.1,18.31,18.3,0.15,73.0,0.0,959.0
2013-12-27,18.05,18.2,18.05,18.1,18.15,0.05,41.0,0.0,946.0
2013-12-26,17.5,18.3,17.5,18.05,18.1,-0.2,94.0,0.0,955.0
2013-12-24,18.3,18.4,18.1,18.15,18.3,-0.2,82.0,0.0,951.0
2013-12-23,18.75,18.75,18.45,18.45,18.5,-0.2,84.0,0.0,962.0
2013-12-20,18.75,18.8,18.68,18.68,18.7,-0.1,247.0,0.0,934.0
2013-12-19,18.5,18.85,18.5,18.8,18.8,0.15,177.0,0.0,794.0
2013-12-18,18.75,18.8,18.15,18.28,18.3,-0.5,2547.0,0.0,6435.0
2013-12-17,18.93,18.98,18.68,18.75,18.8,-0.15,1636.0,0.0,5647.0
2013-12-16,18.75,18.95,18.6,18.95,18.95,0.05,3254.0,0.0,4811.0
2013-12-13,18.9,18.97,18.65,18.83,18.9,-0.05,509.0,0.0,3992.0
2013-12-12,18.75,18.95,18.56,18.95,18.95,0.1,1041.0,0.0,4106.0
2013-12-11,18.35,18.9,18.3,18.85,18.85,0.45,347.0,0.0,3840.0
2013-12-10,18.3,18.45,18.3,18.35,18.4,0.0,105.0,0.0,3702.0
2013-12-09,18.4,18.45,18.29,18.38,18.4,-0.2,88.0,0.0,3683.0
2013-12-06,18.75,18.79,18.55,18.62,18.6,-0.25,246.0,0.0,3668.0
2013-12-05,18.9,18.92,18.73,18.83,18.85,-0.05,1352.0,0.0,3617.0
2013-12-04,19.03,19.15,18.85,18.88,18.9,-0.15,712.0,0.0,3204.0
2013-12-03,19.05,19.24,18.95,19.1,19.05,-0.05,785.0,0.0,3113.0
2013-12-02,18.95,19.06,18.95,19.05,19.1,-0.05,779.0,0.0,2807.0
2013-11-29,18.45,19.1,18.45,19.1,19.15,0.0,22.0,0.0,2649.0
2013-11-27,19.06,19.15,19.03,19.09,19.15,0.0,111.0,0.0,2642.0
2013-11-26,19.05,19.17,18.9,19.15,19.15,0.1,238.0,0.0,2644.0
2013-11-25,19.0,19.15,18.96,19.1,19.05,-0.05,413.0,0.0,2610.0
2013-11-22,19.3,19.31,19.03,19.05,19.1,-0.15,400.0,0.0,2586.0
2013-11-21,19.1,20.7,19.1,19.25,19.25,-0.35,249.0,0.0,2532.0
2013-11-20,19.42,19.55,19.15,19.33,19.35,-0.1,1405.0,0.0,6846.0
2013-11-19,19.4,19.59,19.3,19.44,19.45,0.0,1291.0,0.0,6714.0
2013-11-18,19.45,19.54,19.38,19.5,19.45,-0.05,808.0,0.0,6170.0
2013-11-15,19.6,19.6,19.4,19.51,19.5,-0.05,1286.0,0.0,6104.0
2013-11-14,19.45,19.56,19.35,19.54,19.55,0.05,1031.0,0.0,5625.0
2013-11-13,19.31,19.53,19.31,19.45,19.5,0.15,1743.0,0.0,5124.0
2013-11-12,19.28,19.4,19.22,19.3,19.35,0.1,599.0,0.0,4091.0
2013-11-11,19.15,19.3,19.1,19.25,19.25,0.05,604.0,0.0,3878.0
2013-11-08,19.35,19.51,19.1,19.15,19.2,-0.25,789.0,0.0,3678.0
2013-11-07,19.15,19.55,19.1,19.4,19.45,0.25,897.0,0.0,3534.0
2013-11-06,19.2,19.35,19.15,19.25,19.2,-0.2,248.0,0.0,3220.0
2013-11-05,19.25,19.39,19.25,19.37,19.4,0.1,291.0,0.0,3184.0
2013-11-04,19.35,19.4,19.27,19.27,19.3,-0.2,466.0,0.0,3276.0
2013-11-01,19.39,19.55,19.26,19.5,19.5,0.15,499.0,0.0,3182.0
2013-10-31,19.29,19.4,19.19,19.4,19.35,0.0,417.0,0.0,2964.0
2013-10-30,19.27,19.45,19.15,19.4,19.35,0.1,1322.0,0.0,2835.0
2013-10-29,19.28,19.32,19.2,19.3,19.25,0.0,549.0,0.0,2465.0
2013-10-28,19.19,19.33,19.15,19.3,19.25,0.05,915.0,0.0,2166.0
2013-10-25,18.97,19.2,16.12,19.2,19.2,0.15,482.0,0.0,1796.0
2013-10-24,19.05,19.15,19.0,19.03,19.05,-0.1,304.0,0.0,1634.0
2013-10-23,19.1,19.25,19.1,19.1,19.15,0.15,812.0,0.0,1592.0
2013-10-22,18.72,18.99,18.65,18.95,19.0,0.1,324.0,0.0,1363.0
2013-10-21,18.6,18.95,18.55,18.9,18.9,0.05,79.0,0.0,1263.0
2013-10-18,18.85,19.1,18.65,18.87,18.85,-0.15,75.0,0.0,1253.0
2013-10-17,19.5,19.55,18.95,18.95,19.0,-0.45,316.0,0.0,1284.0
2013-10-16,19.35,19.35,18.84,19.22,19.25,-0.2,1986.0,2.0,4325.0
2013-10-15,19.25,19.65,19.2,19.5,19.45,0.15,1603.0,0.0,4037.0
2013-10-14,19.6,19.84,19.22,19.27,19.3,-0.05,1698.0,0.0,3490.0
2013-10-11,19.6,19.68,19.1,19.31,19.35,-0.4,772.0,0.0,3270.0
2013-10-10,19.97,20.3,19.55,19.7,19.75,-0.8,850.0,0.0,3474.0
2013-10-09,20.7,20.75,20.2,20.55,20.55,-0.1,1441.0,0.0,3759.0
2013-10-08,20.0,20.6,19.95,20.6,20.65,0.65,876.0,0.0,2669.0
2013-10-07,20.0,20.09,19.85,19.95,20.0,0.35,324.0,0.0,2470.0
2013-10-04,19.75,20.0,19.6,19.7,19.65,-0.15,226.0,0.0,2416.0
2013-10-03,19.65,19.97,19.6,19.8,19.8,0.15,410.0,0.0,2339.0
2013-10-02,19.5,19.68,19.4,19.64,19.65,0.2,615.0,0.0,2263.0
2013-10-01,19.65,19.65,19.35,19.35,19.45,-0.2,491.0,0.0,2031.0
2013-09-30,19.75,19.8,19.5,19.67,19.65,0.25,750.0,0.0,1802.0
2013-09-27,19.41,19.5,19.3,19.35,19.4,0.1,302.0,0.0,1765.0
2013-09-26,19.35,19.45,19.25,19.3,19.3,-0.2,304.0,0.0,1653.0
2013-09-25,19.55,19.6,19.38,19.5,19.5,0.0,428.0,0.0,1514.0
2013-09-24,19.52,19.55,19.35,19.5,19.5,-0.05,450.0,0.0,1251.0
2013-09-23,19.3,19.57,19.28,19.57,19.55,0.1,299.0,0.0,1077.0
2013-09-20,19.1,19.55,18.95,19.45,19.45,0.45,314.0,0.0,927.0
2013-09-19,18.75,19.12,18.75,18.95,19.0,0.05,73.0,0.0,829.0
2013-09-18,18.9,19.03,18.5,18.57,18.6,-0.35,1466.0,1.0,5107.0
2013-09-17,18.9,18.95,18.75,18.95,18.95,-0.1,802.0,0.0,4637.0
2013-09-16,18.9,19.1,18.8,19.0,19.05,-0.2,955.0,0.0,4203.0
2013-09-13,19.25,19.35,18.95,19.25,19.25,-0.05,495.0,0.0,3858.0
2013-09-12,19.05,19.41,18.97,19.25,19.3,0.1,1279.0,0.0,3910.0
2013-09-11,19.3,19.35,19.07,19.15,19.2,-0.2,409.0,0.0,3322.0
2013-09-10,19.4,19.5,19.35,19.4,19.4,-0.35,342.0,0.0,3320.0
2013-09-09,20.1,20.1,19.7,19.7,19.75,-0.4,520.0,0.0,3266.0
2013-09-06,20.0,20.5,19.85,20.2,20.15,0.05,1229.0,0.0,3208.0
2013-09-05,20.1,20.2,20.03,20.07,20.1,-0.05,318.0,0.0,3311.0
2013-09-04,20.34,20.34,20.1,20.15,20.15,-0.15,721.0,0.0,3285.0
2013-09-03,20.05,20.5,20.01,20.32,20.3,-0.45,520.0,0.0,3348.0
2013-08-30,20.51,20.85,20.42,20.7,20.75,0.15,496.0,0.0,3229.0
2013-08-29,20.2,20.62,20.18,20.59,20.6,0.15,1143.0,0.0,3087.0
2013-08-28,20.38,20.57,19.95,20.49,20.45,0.05,762.0,0.0,2492.0
2013-08-27,19.75,20.41,19.7,20.35,20.4,0.75,1507.0,0.0,2112.0
2013-08-26,19.22,19.72,19.05,19.67,19.65,0.35,500.0,0.0,1349.0
2013-08-23,19.25,19.38,19.2,19.3,19.3,-0.1,126.0,0.0,1085.0
2013-08-22,19.65,19.7,19.25,19.3,19.4,-0.45,165.0,0.0,1035.0
2013-08-21,19.6,19.85,19.05,19.57,19.6,0.05,2185.0,0.0,5044.0
2013-08-20,19.8,19.85,19.1,19.55,19.55,-0.3,782.0,0.0,4339.0
2013-08-19,19.62,19.85,19.55,19.85,19.85,0.2,420.0,0.0,4090.0
2013-08-16,19.65,19.72,19.25,19.63,19.65,-0.1,938.0,0.0,4066.0
2013-08-15,19.51,19.8,19.38,19.75,19.75,0.4,914.0,0.0,3990.0
2013-08-14,19.13,19.35,19.02,19.35,19.35,0.2,1032.0,0.0,3720.0
2013-08-13,18.87,19.17,18.85,19.17,19.15,0.2,1597.0,0.0,3339.0
2013-08-12,19.05,19.15,18.88,19.0,18.95,-0.05,367.0,0.0,2619.0
2013-08-09,18.8,18.99,18.7,18.99,19.0,0.2,241.0,0.0,2551.0
2013-08-08,18.75,18.9,18.64,18.8,18.8,-0.15,183.0,0.0,2483.0
2013-08-07,19.02,19.12,18.9,18.9,18.95,0.0,327.0,0.0,2401.0
2013-08-06,18.7,19.0,18.62,18.95,18.95,0.3,678.0,0.0,2267.0
2013-08-05,18.9,18.9,18.6,18.63,18.65,-0.25,1085.0,0.0,2244.0
2013-08-02,19.05,19.1,18.85,18.85,18.9,-0.15,288.0,0.0,1532.0
2013-08-01,19.1,19.16,18.98,19.05,19.05,-0.25,342.0,0.0,1473.0
2013-07-31,19.6,19.61,19.25,19.25,19.3,-0.35,377.0,0.0,1335.0
2013-07-30,19.7,19.83,19.57,19.6,19.65,-0.15,379.0,0.0,1339.0
2013-07-29,19.9,19.97,19.8,19.8,19.8,0.0,224.0,0.0,1204.0
2013-07-26,19.95,20.11,19.78,19.78,19.8,-0.1,187.0,0.0,1155.0
2013-07-25,20.1,20.25,19.85,19.85,19.9,-0.15,866.0,0.0,1112.0
2013-07-24,20.05,20.25,20.0,20.03,20.05,-0.05,366.0,0.0,725.0
2013-07-23,20.2,20.3,20.04,20.06,20.1,-0.15,159.0,0.0,631.0
2013-07-22,20.65,20.65,20.15,20.24,20.25,-0.15,412.0,0.0,791.0
2013-07-19,20.5,20.55,20.4,20.4,20.4,-0.1,251.0,0.0,378.0
2013-07-18,20.45,20.55,20.25,20.48,20.5,0.0,109.0,0.0,234.0
2013-07-17,20.3,20.36,20.05,20.13,20.15,-0.3,933.0,0.0,3271.0
2013-07-16,19.99,20.5,19.9,20.45,20.45,0.4,628.0,0.0,3104.0
2013-07-15,20.25,20.3,19.94,20.05,20.05,-0.3,207.0,0.0,3070.0
2013-07-12,20.1,20.37,20.0,20.36,20.35,0.1,381.0,0.0,3074.0
2013-07-11,20.25,20.31,19.95,20.25,20.25,-0.25,486.0,0.0,3053.0
2013-07-10,20.7,20.7,20.45,20.45,20.5,-0.25,397.0,0.0,2884.0
2013-07-09,20.75,20.85,20.5,20.77,20.75,-0.2,449.0,0.0,2740.0
2013-07-08,21.4,21.45,20.93,20.93,20.95,-0.55,284.0,0.0,2753.0
2013-07-05,21.7,21.85,21.5,21.5,21.5,-0.45,191.0,0.0,2739.0
2013-07-03,21.95,22.1,21.75,21.95,21.95,0.0,240.0,0.0,2747.0
2013-07-02,21.7,22.0,21.59,21.95,21.95,0.15,145.0,0.0,2704.0
2013-07-01,21.9,21.95,21.55,21.8,21.8,-0.3,176.0,0.0,2701.0
2013-06-28,22.0,22.26,21.8,22.05,22.1,0.05,382.0,0.0,2663.0
2013-06-27,22.15,22.2,22.0,22.03,22.05,-0.25,355.0,0.0,2555.0
2013-06-26,22.15,22.35,22.05,22.35,22.3,0.0,77.0,0.0,2447.0
2013-06-25,21.95,22.37,21.85,22.35,22.3,0.0,179.0,0.0,2437.0
2013-06-24,22.15,22.5,22.0,22.3,22.3,0.55,293.0,0.0,2379.0
2013-06-21,21.4,22.2,21.35,21.75,21.75,-0.1,255.0,0.0,2367.0
2013-06-20,21.5,22.23,21.45,21.85,21.85,0.5,387.0,0.0,2284.0
2013-06-19,20.91,21.05,20.25,20.98,21.0,0.05,2314.0,3.0,4644.0
2013-06-18,20.9,20.95,20.7,20.95,20.95,0.0,639.0,0.0,3878.0
2013-06-17,20.75,21.01,20.65,20.93,20.95,-0.1,449.0,0.0,3740.0
2013-06-14,20.64,21.06,20.45,21.04,21.05,0.5,366.0,0.0,3692.0
2013-06-13,21.0,21.0,20.45,20.55,20.55,-0.4,715.0,0.0,3671.0
2013-06-12,20.25,20.95,20.17,20.95,20.95,0.5,998.0,0.0,3458.0
2013-06-11,20.25,20.5,20.09,20.4,20.45,0.5,508.0,0.0,3367.0
2013-06-10,20.1,20.1,19.88,19.9,19.95,-0.2,253.0,0.0,3138.0
2013-06-07,20.27,20.36,19.95,20.15,20.15,-0.2,753.0,0.0,3100.0
2013-06-06,20.35,20.79,20.19,20.31,20.35,-0.05,452.0,0.0,2880.0
2013-06-05,20.32,20.5,20.2,20.4,20.4,0.25,508.0,0.0,2854.0
2013-06-04,20.09,20.3,20.03,20.15,20.15,0.0,537.0,0.0,2798.0
2013-06-03,19.85,20.26,19.84,20.15,20.15,0.2,596.0,0.0,2657.0
2013-05-31,19.65,19.95,19.55,19.95,19.95,0.3,692.0,0.0,2528.0
2013-05-30,19.75,19.75,19.49,19.6,19.65,0.05,306.0,0.0,2327.0
2013-05-29,19.75,19.75,19.42,19.55,19.6,0.0,838.0,0.0,2081.0
2013-05-28,19.55,19.75,19.55,19.61,19.6,-0.1,71.0,0.0,2175.0
2013-05-24,19.7,19.8,19.6,19.65,19.7,0.0,268.0,0.0,2169.0
2013-05-23,19.85,20.1,19.5,19.7,19.7,0.2,468.0,0.0,1953.0
2013-05-22,18.95,19.06,18.69,18.83,18.85,-0.15,2229.0,0.0,7784.0
2013-05-21,18.65,19.02,18.57,19.0,19.0,0.35,1146.0,0.0,7326.0
2013-05-20,18.5,18.65,18.39,18.65,18.65,0.2,587.0,0.0,7161.0
2013-05-17,18.55,18.64,18.4,18.45,18.45,-0.15,1024.0,0.0,7059.0
2013-05-16,18.35,18.61,18.33,18.61,18.6,0.2,562.0,0.0,6642.0
2013-05-15,18.35,18.46,18.29,18.4,18.4,0.15,519.0,0.0,6544.0
2013-05-14,18.3,18.35,18.2,18.25,18.25,-0.1,348.0,0.0,6379.0
2013-05-13,18.35,18.45,18.24,18.33,18.35,0.1,515.0,0.0,6221.0
2013-05-10,18.07,18.4,18.03,18.3,18.25,0.15,792.0,0.0,6004.0
2013-05-09,18.05,18.25,17.9,18.05,18.1,0.15,384.0,0.0,5762.0
2013-05-08,17.8,18.0,17.77,17.9,17.95,0.15,377.0,0.0,5649.0
2013-05-07,17.95,17.95,17.77,17.82,17.8,-0.2,652.0,0.0,5487.0
2013-05-06,18.25,18.32,17.96,18.0,18.0,-0.25,239.0,0.0,5203.0
2013-05-03,18.45,18.45,18.2,18.2,18.25,-0.2,710.0,0.0,5142.0
2013-05-02,18.45,18.61,18.27,18.45,18.45,-0.15,759.0,0.0,4955.0
2013-05-01,18.25,18.65,18.25,18.6,18.6,0.3,1127.0,0.0,4603.0
2013-04-30,18.45,18.54,18.2,18.3,18.3,-0.15,884.0,0.0,4113.0
2013-04-29,18.35,18.46,18.13,18.45,18.45,-0.15,1078.0,0.0,3711.0
2013-04-26,18.65,18.76,18.46,18.6,18.6,0.0,875.0,0.0,3360.0
2013-04-25,18.45,18.62,18.33,18.6,18.6,0.0,347.0,0.0,3092.0
2013-04-24,18.7,18.7,18.45,18.54,18.6,-0.05,472.0,0.0,2977.0
2013-04-23,18.95,19.7,18.65,18.65,18.65,-0.5,764.0,0.0,2713.0
2013-04-22,19.4,19.49,19.05,19.1,19.15,-0.35,835.0,0.0,2605.0
2013-04-19,19.2,19.55,19.05,19.55,19.5,0.1,1324.0,0.0,2413.0
2013-04-18,18.9,19.53,18.9,19.4,19.4,0.35,1028.0,0.0,2196.0
