Date,Open,High,Low,Adj Close,Volume,Prev Day OI,Prev Day Volume
2014-03-21,1873.0,1893.3,1870.75,1893.3,,1074234.0,344340.0
2014-03-20,1858.5,1874.25,1852.5,1873.75,,1166011.0,640709.0
2014-03-19,1871.0,1874.5,1849.5,1859.75,,1349263.0,871094.0
2014-03-18,1858.75,1874.0,1852.5,1870.75,,1781171.0,797416.0
2014-03-17,1839.5,1862.75,1830.5,1857.75,,2120009.0,1309202.0
2014-03-14,1847.25,1853.0,1839.0,1840.0,,2574695.0,2346907.0
2014-03-13,1868.75,1875.0,1841.5,1846.75,,3000644.0,1666288.0
2014-03-12,1864.75,1869.0,1853.75,1867.75,,3050825.0,1609666.0
2014-03-11,1876.25,1882.25,1863.0,1865.25,,3080700.0,1167755.0
2014-03-10,1875.5,1878.75,1865.75,1877.25,,3104782.0,1756169.0
2014-03-07,1876.25,1887.5,1869.25,1878.0,,3146004.0,1283006.0
2014-03-06,1873.75,1881.0,1871.0,1876.25,,3181131.0,1254803.0
2014-03-05,1870.75,1875.5,1867.75,1872.5,,3183505.0,1750397.0
2014-03-04,1843.75,1874.75,1843.5,1871.5,,3165575.0,2376689.0
2014-03-03,1846.0,1849.5,1832.25,1843.0,,3110444.0,2106508.0
2014-02-28,1854.5,1866.5,1845.25,1857.5,,3122222.0,1615828.0
2014-02-27,1843.75,1855.75,1832.75,1854.0,,3111778.0,1464320.0
2014-02-26,1847.5,1853.25,1838.0,1842.0,,3108523.0,1566204.0
2014-02-25,1844.75,1851.0,1837.25,1846.25,,3131431.0,1612323.0
2014-02-24,1835.25,1856.75,1829.25,1846.0,,3158062.0,1316655.0
2014-02-21,1836.0,1844.0,1832.75,1834.25,,3137291.0,1608588.0
2014-02-20,1826.0,1840.25,1817.25,1836.25,,3119786.0,1771087.0
2014-02-19,1837.25,1844.5,1823.25,1825.5,,3091043.0,1210508.0
2014-02-18,1833.5,1840.25,1831.5,1837.5,,3062413.0,1365228.0
2014-02-14,1823.75,1838.75,1816.0,1835.0,,3053239.0,1645236.0
2014-02-13,1816.75,1827.0,1802.25,1824.25,,3033223.0,1385941.0
2014-02-12,1813.25,1823.25,1811.25,1817.0,,3016462.0,1764385.0
2014-02-11,1795.25,1819.5,1794.25,1813.5,,2990620.0,1148560.0
2014-02-10,1793.0,1796.0,1786.25,1794.75,,2981889.0,2344919.0
2014-02-07,1768.0,1794.0,1758.25,1793.5,,2948744.0,1739245.0
2014-02-06,1744.75,1769.75,1744.0,1766.5,,2948425.0,2075514.0
2014-02-05,1744.25,1750.75,1732.0,1744.0,,2944236.0,2325416.0
2014-02-04,1738.25,1753.5,1734.0,1743.75,,2974534.0,3026524.0
2014-02-03,1777.5,1783.75,1732.25,1732.75,,2910899.0,2389820.0
2014-01-31,1783.5,1788.25,1761.25,1776.5,,2882901.0,1824579.0
2014-01-30,1770.0,1793.75,1767.75,1781.25,,2915163.0,2740741.0
2014-01-29,1796.0,1801.25,1764.0,1771.25,,2884678.0,1726338.0
2014-01-28,1771.25,1797.0,1771.0,1788.25,,2881669.0,2776036.0
2014-01-27,1781.75,1792.0,1767.0,1775.75,,2894357.0,2566321.0
2014-01-24,1824.0,1828.0,1780.0,1782.0,,2873168.0,1815516.0
2014-01-23,1839.0,1844.0,1813.75,1824.25,,2848291.0,941604.0
2014-01-22,1837.5,1843.25,1834.75,1838.5,,2852205.0,1329662.0
2014-01-21,1834.0,1844.0,1826.25,1838.5,,2855526.0,1182782.0
2014-01-17,1838.0,1842.75,1829.25,1834.25,,2878637.0,952497.0
2014-01-16,1841.5,1843.75,1834.5,1836.25,,2875586.0,1260095.0
2014-01-15,1833.0,1845.75,1831.5,1841.5,,2868227.0,1595178.0
2014-01-14,1815.75,1834.25,1812.75,1833.0,,2842950.0,1710408.0
2014-01-13,1838.5,1838.75,1809.5,1815.0,,2818929.0,1455887.0
2014-01-10,1833.25,1842.5,1826.25,1837.75,,2794685.0,1324605.0
2014-01-09,1831.75,1839.0,1824.25,1833.0,,2781053.0,1330414.0
2014-01-08,1830.75,1834.75,1825.5,1832.5,,2775966.0,1162443.0
2014-01-07,1819.75,1834.75,1819.5,1830.75,,2766711.0,1369207.0
2014-01-06,1824.0,1832.5,1817.25,1820.75,,2779107.0,961601.0
2014-01-03,1827.25,1833.0,1820.5,1825.5,,2781562.0,1243227.0
2014-01-02,1837.75,1840.75,1821.75,1826.5,,2782880.0,653055.0
2013-12-31,1835.5,1846.5,1834.25,1841.0,,2754443.0,581577.0
2013-12-30,1836.0,1838.5,1833.5,1834.75,,2765187.0,622702.0
2013-12-27,1836.5,1840.0,1833.25,1836.5,,2758851.0,438937.0
2013-12-26,1830.0,1837.75,1829.75,1836.5,,2745200.0,314408.0
2013-12-24,1822.75,1829.5,1820.5,1829.0,,2734782.0,737153.0
2013-12-23,1817.0,1824.5,1816.75,1822.75,,2720791.0,1356110.0
2013-12-20,1802.5,1818.0,1802.5,1814.5,,2658894.0,1516505.0
2013-12-19,1804.0,1806.75,1795.0,1802.0,,2580060.0,2702375.0
2013-12-18,1772.0,1806.75,1760.75,1804.75,,2327433.0,1826251.0
2013-12-17,1778.25,1782.5,1770.25,1773.0,,1895612.0,1793231.0
2013-12-16,1768.5,1786.25,1754.0,1780.25,,1445598.0,1558496.0
2013-12-13,1767.0,1776.75,1765.5,1768.5,,957167.0,833656.0
2013-12-12,1774.25,1777.75,1765.5,1768.5,,563420.0,370512.0
2013-12-11,1798.0,1801.5,1773.25,1774.5,,306095.0,130771.0
2013-12-10,1802.75,1805.25,1794.75,1796.75,,221695.0,67905.0
2013-12-09,1799.75,1805.0,1798.5,1802.75,,184545.0,66924.0
2013-12-06,1777.5,1799.5,1777.5,1798.5,,159329.0,38445.0
2013-12-05,1785.75,1788.0,1775.5,1777.5,,141038.0,21031.0
2013-12-04,1785.5,1793.0,1771.5,1785.25,,136973.0,40196.0
2013-12-03,1793.25,1795.25,1779.75,1785.0,,110954.0,13152.0
2013-12-02,1799.5,1802.5,1790.75,1793.25,,105989.0,15717.0
2013-11-29,1798.5,1805.75,1796.5,1797.75,,98042.0,24181.0
2013-11-27,1795.25,1801.0,1794.5,1798.0,,81762.0,19451.0
2013-11-26,1794.75,1800.25,1792.25,1795.5,,73854.0,3001.0
2013-11-25,1795.0,1802.5,1792.0,1795.75,,72577.0,14569.0
2013-11-22,1786.75,1796.5,1785.5,1794.5,,64631.0,5528.0
2013-11-21,1773.0,1788.75,1769.25,1787.0,,63467.0,3466.0
2013-11-20,1778.75,1787.25,1768.25,1773.0,,63359.0,3446.0
2013-11-19,1782.5,1787.0,1775.75,1778.5,,62445.0,5849.0
2013-11-18,1787.75,1793.0,1778.5,1782.0,,59023.0,6002.0
2013-11-15,1780.25,1789.0,1780.25,1787.0,,54735.0,4674.0
2013-11-14,1773.25,1782.25,1770.5,1781.0,,53210.0,4848.0
2013-11-13,1759.0,1775.25,1748.0,1772.0,,50783.0,4374.0
2013-11-12,1761.0,1763.0,1752.0,1758.5,,49804.0,4925.0
2013-11-11,1758.75,1763.5,1756.5,1761.0,,46393.0,6369.0
2013-11-08,1738.5,1761.25,1729.5,1759.5,,45194.0,5185.0
2013-11-07,1756.5,1767.75,1735.75,1738.75,,43357.0,2564.0
2013-11-06,1750.0,1763.5,1749.5,1759.0,,43103.0,7701.0
2013-11-05,1754.75,1757.0,1743.75,1750.0,,37016.0,1219.0
2013-11-04,1747.25,1757.5,1747.25,1756.5,,36909.0,2313.0
2013-11-01,1747.25,1754.25,1740.75,1748.25,,37306.0,16315.0
2013-10-31,1750.5,1757.25,1743.75,1744.5,,31292.0,8256.0
2013-10-30,1761.0,1766.5,1745.0,1754.0,,28318.0,7003.0
2013-10-29,1751.5,1762.0,1748.25,1760.8,,24123.0,3442.0
2013-10-28,1747.75,1755.25,1745.25,1752.25,,23259.0,2796.0
2013-10-25,1742.0,1748.75,1736.75,1747.25,,21855.0,3471.0
2013-10-24,1734.75,1745.0,1733.5,1742.0,,19891.0,3678.0
2013-10-23,1742.0,1742.0,1728.25,1735.25,,19255.0,7266.0
2013-10-22,1730.75,1747.5,1729.75,1742.75,,17237.0,3609.0
2013-10-21,1730.5,1735.75,1728.5,1731.5,,15282.0,5862.0
2013-10-18,1720.5,1733.5,1720.5,1730.0,,13463.0,1844.0
2013-10-17,1705.5,1722.0,1700.0,1721.25,,13149.0,5114.0
2013-10-16,1688.75,1710.25,1685.0,1706.75,,12786.0,5730.0
2013-10-15,1699.75,1702.75,1683.75,1685.5,,12028.0,4566.0
2013-10-14,1678.75,1700.0,1674.25,1697.5,,10677.0,4156.0
2013-10-11,1676.5,1693.25,1666.75,1692.25,,10160.0,7788.0
2013-10-10,1644.25,1681.0,1641.5,1678.25,,8751.0,9047.0
2013-10-09,1642.75,1651.25,1633.5,1642.0,,7400.0,4588.0
2013-10-08,1661.75,1664.75,1640.0,1643.75,,6587.0,6251.0
2013-10-07,1669.0,1673.0,1660.0,1661.0,,5811.0,6306.0
2013-10-04,1663.25,1679.0,1661.0,1678.0,,6002.0,4328.0
2013-10-03,1675.25,1677.75,1656.75,1663.0,,5523.0,7878.0
2013-10-02,1684.25,1684.5,1666.75,1676.5,,5694.0,5131.0
2013-10-01,1672.75,1685.25,1668.75,1682.75,,5769.0,7350.0
2013-09-30,1670.0,1674.0,1660.25,1667.5,,5161.0,2577.0
2013-09-27,1687.25,1688.25,1673.5,1679.5,,5099.0,3420.0
2013-09-26,1680.75,1690.5,1679.25,1685.75,,5106.0,5458.0
2013-09-25,1685.25,1688.0,1677.75,1679.0,,4898.0,3346.0
2013-09-24,1686.25,1694.0,1681.0,1685.75,,5103.0,2572.0
2013-09-23,1698.75,1700.5,1682.75,1686.0,,4938.0,3309.0
2013-09-20,1710.0,1712.75,1694.5,1695.5,,4012.0,889.0
2013-09-19,1711.5,1719.75,1707.0,1710.75,,3419.0,902.0
2013-09-18,1691.5,1716.0,1685.0,1711.25,,2840.0,164.0
2013-09-17,1683.75,1692.5,1681.25,1691.5,,2777.0,555.0
2013-09-16,1683.25,1696.75,1681.5,1684.5,,2941.0,105.0
2013-09-13,1669.0,1676.75,1668.0,1675.5,,2953.0,58.0
2013-09-12,1676.0,1676.5,1668.5,1671.75,,2952.0,491.0
2013-09-11,1668.0,1676.5,1665.0,1675.75,,2564.0,183.0
2013-09-10,1657.25,1670.0,1657.25,1669.0,,2460.0,112.0
2013-09-09,1645.25,1658.0,1639.75,1655.75,,2464.0,128.0
2013-09-06,1638.75,1650.5,1626.25,1640.25,,2437.0,16.0
2013-09-05,1640.75,1644.5,1637.75,1639.5,,2440.0,75.0
2013-09-04,1628.25,1641.0,1622.5,1640.0,,2479.0,46.0
2013-09-03,1625.0,1636.25,1618.5,1625.75,,2471.0,23.0
2013-08-30,1630.25,1631.25,1613.0,1618.0,,2468.0,34.0
2013-08-29,1617.5,1631.25,1615.25,1623.5,,2465.0,39.0
2013-08-28,1619.5,1625.75,1612.25,1619.0,,2472.0,119.0
2013-08-27,1640.0,1642.25,1613.75,1615.0,,2403.0,56.0
2013-08-26,1650.25,1654.25,1640.75,1641.0,,2375.0,72.0
2013-08-23,1644.0,1649.25,1637.25,1648.25,,2392.0,42.0
2013-08-22,1618.75,1644.0,1618.75,1641.5,,2389.0,169.0
2013-08-21,1637.25,1641.25,1622.25,1623.25,,2387.0,35.0
2013-08-20,1632.0,1643.75,1628.5,1637.25,,2384.0,39.0
2013-08-19,1637.25,1644.0,1629.75,1631.75,,2382.0,45.0
2013-08-16,1643.25,1648.75,1637.25,1638.0,,2375.0,76.0
2013-08-15,1666.25,1668.75,1642.75,1642.75,,2356.0,42.0
2013-08-14,1676.0,1679.75,1668.75,1669.0,,2335.0,161.0
2013-08-13,1675.25,1681.0,1667.0,1678.0,,2214.0,16.0
2013-08-12,1670.0,1675.0,1663.0,1674.25,,2213.0,28.0
2013-08-09,1680.75,1682.75,1670.25,1673.25,,2206.0,157.0
2013-08-08,1678.25,1683.5,1672.0,1680.75,,2082.0,34.0
2013-08-07,1676.75,1676.75,1668.25,1675.25,,2089.0,17.0
2013-08-06,1686.5,1690.0,1676.25,1681.0,,2090.0,7.0
2013-08-05,1688.75,1691.75,1686.5,1689.5,,2091.0,4.0
2013-08-02,1690.0,1691.75,1683.75,1691.0,,2088.0,52.0
2013-08-01,1678.25,1690.5,1676.5,1687.5,,2082.0,14.0
2013-07-31,1670.75,1681.0,1667.75,1667.75,,2082.0,42.0
2013-07-30,1673.75,1675.25,1665.25,1672.0,,2075.0,33.0
2013-07-29,1671.0,1674.75,1664.25,1669.75,,2063.0,70.0
2013-07-26,1673.75,1676.0,1658.25,1674.0,,2065.0,69.0
2013-07-25,1667.0,1673.5,1659.5,1671.25,,2054.0,80.0
2013-07-24,1675.25,1682.0,1665.0,1671.0,,2061.0,16.0
2013-07-23,1679.5,1682.5,1674.0,1675.5,,2060.0,17.0
2013-07-22,1679.0,1681.0,1673.25,1677.5,,2058.0,108.0
2013-07-19,1663.75,1678.0,1663.0,1676.75,,2046.0,62.0
2013-07-18,1661.5,1675.25,1659.75,1667.75,,2039.0,224.0
2013-07-17,1659.25,1667.25,1653.5,1662.75,,2022.0,27.0
2013-07-16,1663.25,1666.0,1654.0,1658.5,,2013.0,26.0
2013-07-15,1662.5,1666.25,1662.5,1664.5,,2007.0,9.0
2013-07-12,1656.75,1658.75,1655.75,1657.5,,2006.0,45.0
2013-07-11,1649.25,1657.75,1649.0,1657.25,,2014.0,18.0
2013-07-10,1630.5,1640.0,1629.75,1635.75,,2009.0,180.0
2013-07-09,1626.75,1632.75,1626.75,1632.75,,2010.0,33.0
2013-07-08,1616.75,1624.75,1616.75,1622.75,,2004.0,23.0
2013-07-05,1602.0,1615.0,1599.0,1614.5,,1998.0,156.0
2013-07-03,1590.5,1598.0,1582.5,1596.5,,2010.0,39.0
2013-07-02,1594.0,1605.25,1588.5,1594.5,,2001.0,121.0
2013-07-01,1583.25,1606.0,1581.25,1594.0,,2046.0,561.0
2013-06-28,1585.25,1591.5,1582.25,1586.5,,1607.0,33.0
2013-06-27,1584.5,1600.75,1584.25,1594.0,,1600.0,87.0
2013-06-26,1567.25,1587.0,1560.75,1583.0,,1594.0,81.0
2013-06-25,1546.5,1573.5,1546.0,1569.0,,1552.0,60.0
2013-06-24,1565.0,1565.0,1542.25,1553.5,,1563.0,47.0
2013-06-21,1581.0,1581.0,1559.0,1571.5,,1562.0,109.0
2013-06-20,1608.75,1608.75,1567.0,1571.25,,1543.0,42.0
2013-06-19,1633.0,1635.25,1611.0,1611.0,,1546.0,7.0
2013-06-18,1621.0,1633.0,1621.0,1632.75,,1547.0,324.0
2013-06-17,1616.0,1626.0,1614.5,1621.5,,1254.0,650.0
2013-06-14,1619.75,1619.75,1606.25,1606.25,,671.0,37.0
2013-06-13,1592.75,1618.75,1580.75,1618.75,,650.0,60.0
2013-06-12,1612.25,1619.75,1592.0,1592.0,,611.0,511.0
2013-06-11,1609.75,1613.0,1609.0,1609.25,,111.0,8.0
2013-06-10,1622.0,1627.25,1622.0,1624.25,,104.0,8.0
2013-06-07,1612.5,1620.5,1610.25,1620.5,,99.0,33.0
2013-06-06,1594.0,1604.5,1586.25,1604.5,,120.0,15.0
2013-06-05,1593.75,1594.25,1589.25,1590.0,,132.0,13.0
2013-06-04,1625.75,1625.75,1609.0,1613.25,,126.0,11.0
2013-06-03,1612.75,1619.25,1604.75,1618.25,,125.0,16.0
2013-05-31,1625.0,1625.0,1610.75,1611.25,,129.0,0.0
2013-05-30,1635.75,1635.75,1635.75,1635.75,,129.0,3.0
2013-05-29,1626.0,1630.0,1625.0,1629.0,,126.0,12.0
2013-05-28,1650.0,1654.0,1636.75,1636.75,,123.0,2.0
2013-05-24,1621.25,1632.75,1620.25,1632.75,,123.0,34.0
2013-05-23,1628.5,1633.75,1617.5,1632.25,,130.0,10.0
2013-05-22,1650.0,1662.0,1633.25,1637.75,,127.0,2.0
2013-05-21,1652.25,1652.25,1647.75,1647.75,,127.0,8.0
2013-05-20,1649.75,1652.0,1644.5,1646.75,,123.0,59.0
2013-05-17,1640.75,1650.0,1640.75,1645.0,,68.0,3.0
2013-05-16,1639.25,1639.25,1630.25,1630.25,,68.0,18.0
2013-05-15,1626.0,1641.0,1625.5,1636.25,,64.0,3.0
2013-05-14,1620.0,1629.75,1620.0,1629.75,,62.0,0.0
2013-05-13,1612.25,1612.25,1612.25,1612.25,,62.0,0.0
2013-05-10,1611.25,1611.25,1611.25,1611.25,,62.0,5.0
2013-05-09,1611.5,1611.5,1606.25,1606.25,,57.0,0.0
2013-05-08,1610.25,1610.25,1610.25,1610.25,,57.0,8.0
2013-05-07,1592.75,1602.0,1592.0,1602.0,,52.0,2.0
2013-05-06,1591.5,1594.75,1591.5,1594.75,,51.0,30.0
2013-05-03,1574.25,1590.0,1573.75,1590.0,,33.0,13.0
2013-05-02,1571.0,1579.75,1569.5,1573.75,,33.0,24.0
2013-05-01,1573.0,1574.25,1558.5,1558.5,,35.0,10.0
2013-04-30,1569.25,1573.5,1563.25,1573.5,,32.0,5.0
2013-04-29,1567.5,1572.25,1567.5,1569.5,,30.0,2.0
2013-04-26,1554.75,1557.75,1554.75,1557.75,,28.0,6.0
2013-04-25,1568.0,1568.0,1563.0,1563.0,,29.0,4.0
2013-04-24,1554.0,1558.5,1554.0,1555.5,,27.0,10.0
2013-04-23,1532.5,1555.0,1532.5,1555.0,,20.0,0.0
2013-04-22,1537.0,1537.0,1537.0,1537.0,,20.0,0.0
2013-04-19,1528.75,1528.75,1528.75,1528.75,,20.0,0.0
2013-04-18,1515.25,1515.25,1515.25,1515.25,,20.0,7.0
2013-04-17,1527.25,1527.25,1527.25,1527.25,,20.0,1.0
2013-04-16,1530.25,1549.75,1530.25,1549.75,,21.0,4.0
2013-04-15,1551.75,1551.75,1524.5,1524.5,,22.0,10.0
2013-04-12,1567.0,1567.0,1560.0,1563.0,,14.0,3.0
2013-04-11,1563.0,1569.0,1563.0,1569.0,,11.0,3.0
2013-04-10,1551.0,1564.0,1551.0,1564.0,,10.0,2.0
2013-04-09,1540.75,1544.25,1540.25,1544.25,,12.0,0.0
2013-04-08,1540.25,1540.25,1540.25,1540.25,,12.0,1.0
2013-04-05,1533.5,1533.5,1527.0,1527.0,,12.0,0.0
2013-04-04,1535.5,1535.5,1535.5,1535.5,,12.0,4.0
2013-04-03,1539.0,1539.0,1529.5,1529.5,,10.0,6.0
2013-04-02,1541.0,1549.25,1541.0,1545.5,,11.0,6.0
2013-04-01,1540.5,1542.5,1537.0,1537.0,,9.0,0.0
2013-03-28,1544.0,1544.0,1544.0,1544.0,,9.0,0.0
2013-03-27,1538.0,1538.0,1538.0,1538.0,,9.0,3.0
2013-03-26,1534.25,1538.5,1534.25,1538.5,,10.0,6.0
2013-03-25,1539.0,1539.5,1524.5,1528.25,,10.0,1.0
2013-03-22,1532.5,1533.25,1532.5,1533.25,,9.0,4.0
2013-03-21,1525.75,1525.75,1520.25,1520.25,,7.0,0.0
2013-03-20,1530.25,1530.25,1530.25,1530.25,,7.0,19.0
2013-03-19,1531.5,1531.5,1514.25,1523.25,,6.0,12.0
2013-03-18,1514.5,1532.25,1512.5,1527.5,,4.0,0.0
2013-03-15,1534.25,1534.25,1534.25,1534.25,,4.0,1.0
2013-03-14,1540.5,1540.5,1536.75,1536.75,,4.0,0.0
2013-03-13,1531.0,1531.0,1531.0,1531.0,,4.0,0.0
2013-03-12,1528.0,1528.0,1528.0,1528.0,,4.0,2.0
2013-03-11,1518.0,1532.0,1518.0,1532.0,,2.0,2.0
2013-03-08,1526.75,1526.75,1517.0,1526.0,,1.0,0.0
2013-03-07,1518.75,1518.75,1518.75,1518.75,,1.0,1.0
2013-03-06,1518.0,1518.0,1515.5,1515.5,0.0,0.0,0.0
2013-03-05,1512.75,1512.75,1512.75,1512.75,0.0,0.0,0.0
2013-03-04,1501.0,1501.0,1501.0,1501.0,0.0,0.0,0.0
2013-03-01,1491.5,1491.5,1491.5,1491.5,0.0,0.0,0.0
2013-02-28,1488.25,1488.25,1488.25,1488.25,0.0,0.0,0.0
2013-02-27,1490.5,1490.5,1490.5,1490.5,0.0,0.0,0.0
2013-02-26,1467.25,1467.25,1467.25,1467.25,0.0,0.0,0.0
2013-02-25,1462.25,1462.25,1462.25,1462.25,0.0,0.0,0.0
2013-02-22,1489.5,1489.5,1489.5,1489.5,0.0,0.0,0.0
2013-02-21,1476.0,1476.0,1476.0,1476.0,0.0,0.0,0.0
2013-02-20,1482.0,1482.0,1482.0,1482.0,0.0,0.0,0.0
2013-02-19,1502.75,1502.75,1502.75,1502.75,0.0,0.0,0.0
2013-02-15,1492.0,1492.0,1492.0,1492.0,0.0,0.0,0.0
2013-02-14,1493.0,1493.0,1493.0,1493.0,0.0,0.0,0.0
2013-02-13,1491.5,1491.5,1491.5,1491.5,0.0,0.0,0.0
2013-02-12,1490.5,1490.5,1490.5,1490.5,0.0,0.0,0.0
2013-02-11,1487.25,1487.25,1487.25,1487.25,0.0,0.0,0.0
2013-02-08,1486.5,1486.5,1486.5,1486.5,0.0,0.0,0.0
2013-02-07,1479.5,1479.5,1479.5,1479.5,0.0,0.0,0.0
2013-02-06,1481.0,1481.0,1481.0,1481.0,0.0,0.0,0.0
2013-02-05,1480.0,1480.0,1480.0,1480.0,0.0,0.0,0.0
2013-02-04,1467.5,1467.5,1467.5,1467.5,0.0,0.0,0.0
2013-02-01,1480.75,1480.75,1480.75,1480.75,0.0,0.0,0.0
2013-01-31,1467.25,1467.25,1467.25,1467.25,0.0,0.0,0.0
2013-01-30,1469.0,1469.0,1469.0,1469.0,0.0,0.0,0.0
2013-01-29,1478.75,1478.75,1478.75,1478.75,0.0,0.0,0.0
2013-01-28,1470.75,1470.75,1470.75,1470.75,0.0,0.0,0.0
2013-01-25,1469.0,1469.0,1469.0,1469.0,0.0,0.0,0.0
2013-01-24,1465.25,1465.25,1465.25,1465.25,0.0,0.0,0.0
2013-01-23,1463.75,1463.75,1463.75,1463.75,0.0,0.0,0.0
2013-01-22,1462.75,1462.75,1462.75,1462.75,0.0,0.0,0.0
2013-01-18,1452.25,1452.25,1452.25,1452.25,0.0,0.0,0.0
2013-01-17,1449.0,1449.0,1449.0,1449.0,0.0,0.0,0.0
2013-01-16,1439.0,1439.0,1439.0,1439.0,0.0,0.0,0.0
2013-01-15,1438.5,1438.5,1438.5,1438.5,0.0,0.0,0.0
2013-01-14,1437.75,1437.75,1437.75,1437.75,0.0,0.0,0.0
2013-01-11,1440.5,1440.5,1440.5,1440.5,0.0,0.0,0.0
2013-01-10,1440.5,1440.5,1440.5,1440.5,0.0,0.0,0.0
2013-01-09,1429.25,1429.25,1429.25,1429.25,0.0,0.0,0.0
2013-01-08,1425.75,1425.75,1425.75,1425.75,,0.0,5.0
2013-01-07,1429.25,1429.25,1429.25,1429.25,0.0,0.0,0.0
2013-01-04,1431.25,1431.25,1431.25,1431.25,0.0,0.0,0.0
2013-01-03,1427.0,1427.0,1427.0,1427.0,0.0,0.0,0.0
2013-01-02,1430.5,1430.5,1430.5,1430.5,0.0,0.0,0.0
2012-12-31,1393.75,1393.75,1393.75,1393.75,0.0,0.0,0.0
2012-12-28,1357.5,1357.5,1357.5,1357.5,0.0,0.0,0.0
2012-12-27,1384.5,1384.5,1384.5,1384.5,0.0,0.0,0.0
2012-12-26,1387.0,1387.0,1387.0,1387.0,0.0,0.0,0.0
2012-12-24,1393.25,1393.25,1393.25,1393.25,0.0,0.0,0.0
2012-12-21,1399.5,1399.5,1399.5,1399.5,0.0,0.0,0.0
2012-12-20,1414.0,1414.0,1414.0,1414.0,0.0,0.0,0.0
2012-12-19,1406.75,1406.75,1406.75,1406.75,0.0,0.0,0.0
Date,Open,High,Low,Close,Volume,Prev Day OI,Prev Day Volume
2014-06-20,1957.5,1970.0,1956.75,1964.52,,725602.0,369578.0
2014-06-19,1956.0,1960.25,1952.25,1958.5,,835246.0,522409.0
2014-06-18,1941.5,1958.0,1938.0,1957.0,,1033625.0,881102.0
2014-06-17,1936.5,1943.5,1931.25,1941.5,,1518849.0,866802.0
2014-06-16,1934.25,1940.75,1926.5,1936.5,,1953493.0,945294.0
2014-06-13,1930.75,1937.0,1926.5,1935.75,,2357317.0,1665612.0
2014-06-12,1943.75,1947.75,1924.75,1930.5,,2675663.0,1348569.0
2014-06-11,1950.75,1951.0,1938.5,1944.0,,2880779.0,1038073.0
2014-06-10,1949.25,1951.75,1943.0,1950.5,,2967325.0,1026966.0
2014-06-09,1949.25,1954.75,1945.75,1950.25,,3002048.0,1205739.0
2014-06-06,1938.5,1949.5,1937.75,1949.25,,3004963.0,1676659.0
2014-06-05,1925.5,1940.75,1921.0,1938.5,,3004762.0,917108.0
2014-06-04,1922.75,1927.0,1916.0,1925.75,,2999092.0,948001.0
2014-06-03,1921.5,1923.5,1916.0,1922.0,,3000582.0,1053526.0
2014-06-02,1921.25,1924.25,1913.75,1921.75,,2993669.0,1169034.0
2014-05-30,1917.0,1922.25,1914.25,1921.5,,2995771.0,981817.0
2014-05-29,1909.75,1918.0,1907.25,1918.0,,2988976.0,1062079.0
2014-05-28,1909.75,1914.0,1904.5,1909.0,,2984253.0,922499.0
2014-05-27,1898.0,1910.0,1897.0,1909.25,,2964687.0,761557.0
2014-05-23,1890.25,1899.25,1889.5,1897.0,,2969158.0,1026615.0
2014-05-22,1883.75,1894.0,1882.75,1890.25,,2960598.0,1358710.0
2014-05-21,1868.5,1886.5,1866.5,1885.0,,2926404.0,1564172.0
2014-05-20,1881.5,1884.5,1864.75,1868.0,,2913686.0,1035685.0
2014-05-19,1876.25,1883.0,1865.75,1882.25,,2907323.0,1522446.0
2014-05-16,1867.0,1875.75,1861.25,1874.75,,2927173.0,2247238.0
2014-05-15,1885.75,1888.5,1859.0,1867.25,,2917070.0,1186879.0
2014-05-14,1894.75,1897.25,1882.25,1885.25,,2927690.0,1076997.0
2014-05-13,1893.5,1898.5,1892.0,1894.25,,2903749.0,1183703.0
2014-05-12,1874.0,1894.0,1874.0,1892.75,,2861995.0,1476536.0
2014-05-09,1870.25,1875.0,1862.5,1873.5,,2863857.0,1753107.0
2014-05-08,1874.75,1884.75,1865.0,1872.25,,2850823.0,1999538.0
2014-05-07,1864.0,1875.75,1854.5,1874.25,,2829593.0,1379161.0
2014-05-06,1877.5,1881.5,1861.75,1864.25,,2833539.0,1176754.0
2014-05-05,1875.5,1880.0,1860.5,1875.75,,2823037.0,1717169.0
2014-05-02,1878.75,1886.0,1872.0,1874.5,,2822994.0,938351.0
2014-05-01,1879.5,1882.75,1871.5,1877.75,,2827771.0,1502102.0
2014-04-30,1870.5,1880.25,1866.25,1878.0,,2835160.0,1219110.0
2014-04-29,1866.0,1875.25,1865.0,1871.75,,2816864.0,2065197.0
2014-04-28,1861.75,1871.75,1844.0,1866.0,,2806635.0,1507792.0
2014-04-25,1872.5,1873.75,1853.0,1860.0,,2805837.0,1577086.0
2014-04-24,1879.0,1882.5,1863.75,1873.0,,2789027.0,1000557.0
2014-04-23,1873.0,1880.75,1867.5,1873.0,,2778573.0,1106460.0
2014-04-22,1864.25,1878.75,1860.75,1874.0,,2766346.0,533891.0
2014-04-21,1859.25,1865.5,1856.5,1864.5,,2766655.0,1255343.0
2014-04-17,1852.5,1863.75,1847.25,1858.0,,2757716.0,1643896.0
2014-04-16,1842.75,1857.0,1840.5,1852.75,,2795750.0,2609484.0
2014-04-15,1825.0,1844.0,1809.25,1839.5,,2792211.0,1885532.0
2014-04-14,1806.0,1828.0,1803.25,1824.5,,2789974.0,2527152.0
2014-04-11,1829.5,1832.0,1807.25,1811.75,,2782527.0,2378458.0
2014-04-10,1865.75,1867.5,1823.75,1827.0,,2740044.0,1414210.0
2014-04-09,1845.0,1866.5,1843.75,1864.75,,2752796.0,1854828.0
2014-04-08,1840.0,1849.0,1830.75,1845.0,,2772342.0,2179083.0
2014-04-07,1861.0,1861.75,1834.5,1838.0,,2782262.0,2496813.0
2014-04-04,1884.25,1892.5,1855.75,1860.0,,2798619.0,1239722.0
2014-04-03,1882.75,1887.5,1875.5,1883.0,,2797469.0,1181442.0
2014-04-02,1877.75,1886.25,1876.25,1883.0,,2793964.0,1213329.0
2014-04-01,1864.5,1878.75,1862.25,1877.75,,2792893.0,1572419.0
2014-03-31,1855.0,1868.0,1855.0,1864.5,,2790968.0,1502152.0
2014-03-28,1843.5,1859.5,1841.5,1850.5,,2788523.0,2031166.0
2014-03-27,1845.0,1848.5,1834.0,1840.5,,2805754.0,1898746.0
2014-03-26,1859.0,1868.75,1841.5,1842.5,,2796385.0,1657649.0
2014-03-25,1850.25,1864.5,1848.0,1859.25,,2807336.0,1835881.0
2014-03-24,1855.5,1866.0,1841.25,1849.5,,2815873.0,1750423.0
2014-03-21,1864.75,1876.75,1855.5,1857.0,,2814864.0,1671773.0
2014-03-20,1851.25,1866.5,1844.75,1866.0,,2756352.0,2004270.0
2014-03-19,1864.0,1867.5,1842.0,1852.25,,2525016.0,2054342.0
2014-03-18,1851.75,1867.0,1845.5,1863.75,,2004732.0,1854428.0
2014-03-17,1832.25,1855.75,1823.5,1850.75,,1552144.0,2197833.0
2014-03-14,1840.0,1846.25,1832.0,1833.0,,935257.0,1144194.0
2014-03-13,1861.5,1867.75,1834.5,1839.75,,456005.0,220481.0
2014-03-12,1857.5,1861.75,1846.75,1860.75,,314285.0,156638.0
2014-03-11,1869.5,1875.0,1855.75,1858.0,,227903.0,67815.0
2014-03-10,1868.75,1871.75,1858.75,1870.0,,188304.0,49223.0
2014-03-07,1869.5,1880.5,1862.25,1871.0,,163414.0,46447.0
2014-03-06,1866.0,1874.0,1864.25,1869.0,,129306.0,27182.0
2014-03-05,1863.5,1868.25,1860.75,1865.25,,114771.0,18028.0
2014-03-04,1837.5,1867.75,1836.75,1864.5,,109259.0,31822.0
2014-03-03,1840.0,1842.5,1825.0,1836.0,,95443.0,19259.0
2014-02-28,1847.75,1859.25,1838.5,1850.5,,89106.0,15840.0
2014-02-27,1836.5,1848.5,1826.0,1847.0,,80602.0,4027.0
2014-02-26,1840.25,1846.0,1831.25,1835.0,,79519.0,8161.0
2014-02-25,1838.25,1843.75,1830.5,1839.25,,78944.0,6691.0
2014-02-24,1828.25,1849.5,1822.5,1839.0,,77576.0,7686.0
2014-02-21,1829.0,1836.75,1826.0,1827.25,,75854.0,8687.0
2014-02-20,1820.75,1833.25,1810.5,1829.25,,72426.0,7246.0
2014-02-19,1830.75,1837.5,1816.75,1818.5,,69794.0,5490.0
2014-02-18,1827.25,1833.25,1824.5,1830.5,,68130.0,6600.0
2014-02-14,1816.0,1831.75,1809.25,1828.0,,64458.0,5985.0
2014-02-13,1809.25,1820.0,1795.5,1817.25,,61508.0,13151.0
2014-02-12,1806.5,1816.25,1804.5,1810.0,,58758.0,9466.0
2014-02-11,1787.75,1812.25,1787.5,1806.5,,53880.0,6532.0
2014-02-10,1786.5,1788.75,1779.5,1787.5,,49324.0,6399.0
2014-02-07,1761.0,1786.75,1751.75,1786.5,,46811.0,8726.0
2014-02-06,1739.25,1762.75,1737.25,1759.5,,42460.0,9093.0
2014-02-05,1739.0,1743.5,1725.25,1737.0,,38663.0,6532.0
2014-02-04,1730.0,1746.5,1727.25,1736.75,,36815.0,10503.0
2014-02-03,1772.0,1776.75,1725.5,1726.0,,33264.0,6986.0
2014-01-31,1776.75,1781.25,1754.75,1769.75,,31275.0,6900.0
2014-01-30,1765.5,1786.75,1761.0,1774.5,,27911.0,10677.0
2014-01-29,1788.75,1794.5,1757.5,1764.5,,24338.0,7894.0
2014-01-28,1767.25,1790.0,1767.0,1781.5,,21713.0,9069.0
2014-01-27,1774.25,1785.25,1760.5,1768.75,,20980.0,9942.0
2014-01-24,1817.25,1821.25,1773.25,1775.25,,19094.0,5689.0
2014-01-23,1833.0,1837.25,1807.5,1817.5,,17386.0,2947.0
2014-01-22,1830.25,1836.25,1828.25,1832.0,,16613.0,3588.0
2014-01-21,1827.0,1837.25,1819.75,1831.75,,15980.0,2466.0
2014-01-17,1831.0,1836.0,1822.75,1827.75,,15626.0,3212.0
2014-01-16,1834.75,1836.75,1828.0,1829.5,,15072.0,3604.0
2014-01-15,1826.5,1839.0,1825.0,1835.0,,14665.0,3899.0
2014-01-14,1809.0,1827.5,1806.25,1826.25,,13903.0,2637.0
2014-01-13,1832.0,1832.75,1803.25,1808.5,,13519.0,3227.0
2014-01-10,1826.75,1835.5,1820.0,1831.0,,12864.0,3055.0
2014-01-09,1824.75,1832.0,1817.75,1826.5,,12196.0,2882.0
2014-01-08,1823.75,1828.25,1818.75,1826.0,,12110.0,4740.0
2014-01-07,1814.0,1828.0,1813.5,1824.0,,10508.0,2389.0
2014-01-06,1818.0,1825.75,1811.0,1814.0,,9985.0,1536.0
2014-01-03,1821.25,1826.25,1814.25,1819.0,,9781.0,9231.0
2014-01-02,1833.0,1834.0,1815.25,1820.0,,5630.0,2450.0
2013-12-31,1828.25,1839.75,1828.0,1834.5,,4956.0,2582.0
2013-12-30,1829.5,1831.5,1827.0,1828.0,,4052.0,618.0
2013-12-27,1829.5,1833.0,1826.75,1829.75,,4063.0,373.0
2013-12-26,1822.75,1831.0,1822.75,1829.75,,4111.0,314.0
2013-12-24,1814.25,1822.25,1813.75,1822.25,,4066.0,1036.0
2013-12-23,1810.0,1817.5,1810.0,1816.0,,4010.0,1925.0
2013-12-20,1796.5,1811.0,1796.0,1807.5,,3131.0,698.0
2013-12-19,1797.25,1799.25,1788.0,1795.0,,2980.0,839.0
2013-12-18,1766.75,1799.0,1754.0,1797.5,,2764.0,283.0
2013-12-17,1773.0,1775.5,1763.5,1766.0,,2684.0,181.0
2013-12-16,1763.5,1778.5,1747.0,1773.25,,2691.0,632.0
2013-12-13,1764.0,1769.5,1758.5,1761.5,,2328.0,652.0
2013-12-12,1768.75,1770.75,1759.0,1761.75,,2238.0,344.0
2013-12-11,1791.5,1794.5,1766.75,1767.75,,2275.0,132.0
2013-12-10,1797.5,1798.25,1788.25,1790.0,,2285.0,133.0
2013-12-09,1794.75,1797.75,1792.0,1795.75,,2222.0,279.0
2013-12-06,1772.0,1792.25,1771.0,1791.75,,2188.0,52.0
2013-12-05,1776.25,1780.75,1769.25,1770.75,,2182.0,84.0
2013-12-04,1778.25,1785.75,1765.0,1778.5,,2158.0,57.0
2013-12-03,1786.0,1788.0,1773.5,1778.25,,2200.0,304.0
2013-12-02,1793.0,1795.25,1784.0,1786.5,,2237.0,276.0
2013-11-29,1793.25,1799.0,1790.0,1791.0,,1986.0,543.0
2013-11-27,1789.0,1794.0,1788.25,1791.0,,1770.0,67.0
2013-11-26,1790.75,1793.5,1785.75,1788.75,,1800.0,64.0
2013-11-25,1789.25,1795.25,1785.5,1789.0,,1795.0,31.0
2013-11-22,1781.25,1790.0,1779.0,1788.0,,1787.0,51.0
2013-11-21,1766.5,1781.75,1762.5,1780.5,,1783.0,30.0
2013-11-20,1774.5,1780.25,1761.5,1766.5,,1793.0,47.0
2013-11-19,1776.25,1780.0,1769.25,1772.0,,1818.0,94.0
2013-11-18,1781.0,1786.0,1772.0,1775.5,,1793.0,24.0
2013-11-15,1774.0,1782.25,1774.0,1780.25,,1788.0,67.0
2013-11-14,1768.5,1775.25,1764.75,1774.5,,1785.0,90.0
2013-11-13,1751.25,1768.5,1741.5,1765.5,,1725.0,6.0
2013-11-12,1756.0,1756.0,1745.5,1751.75,,1725.0,15.0
2013-11-11,1754.5,1756.5,1750.25,1754.5,,1725.0,321.0
2013-11-08,1735.0,1754.25,1723.5,1752.75,,1453.0,109.0
2013-11-07,1752.5,1760.75,1729.5,1732.0,,1378.0,26.0
2013-11-06,1751.5,1756.25,1743.0,1752.5,,1370.0,36.0
2013-11-05,1747.0,1747.75,1737.5,1743.25,,1346.0,6.0
2013-11-04,1744.5,1750.0,1740.5,1749.75,,1345.0,12.0
2013-11-01,1744.25,1747.25,1734.25,1741.5,,1347.0,11.0
2013-10-31,1748.25,1750.25,1737.75,1737.75,,1348.0,29.0
2013-10-30,1756.0,1759.25,1743.0,1747.25,,1349.0,7.0
2013-10-29,1750.25,1754.25,1741.75,1754.0,,1348.0,18.0
2013-10-28,1746.5,1748.25,1738.5,1745.5,,1348.0,9.0
2013-10-25,1737.5,1741.75,1730.5,1740.5,,1347.0,144.0
2013-10-24,1727.25,1737.25,1727.25,1735.0,,1243.0,6.0
2013-10-23,1727.5,1728.5,1722.0,1728.5,,1247.0,6.0
2013-10-22,1731.0,1740.5,1723.0,1736.0,,1247.0,4.0
2013-10-21,1726.0,1728.0,1722.25,1724.75,,1246.0,25.0
2013-10-18,1714.0,1726.25,1714.0,1723.0,,1240.0,11.0
2013-10-17,1698.0,1714.5,1693.5,1714.5,,1236.0,172.0
2013-10-16,1690.25,1703.0,1684.75,1700.0,,1075.0,353.0
2013-10-15,1694.5,1694.5,1678.5,1678.5,,983.0,9.0
2013-10-14,1670.5,1692.5,1668.25,1691.0,,982.0,122.0
2013-10-11,1670.75,1685.75,1665.5,1685.75,,1074.0,106.0
2013-10-10,1652.0,1671.75,1652.0,1671.75,,1168.0,8.0
2013-10-09,1643.25,1647.5,1627.5,1635.25,,1167.0,212.0
2013-10-08,1647.0,1657.25,1635.75,1637.0,,968.0,11.0
2013-10-07,1659.5,1659.5,1654.25,1654.25,,967.0,1.0
2013-10-04,1655.25,1671.5,1654.75,1671.25,,967.0,29.0
2013-10-03,1659.0,1670.5,1650.5,1656.0,,962.0,0.0
2013-10-02,1669.75,1677.5,1660.75,1669.75,,964.0,203.0
2013-10-01,1665.0,1678.0,1663.0,1676.0,,764.0,5.0
2013-09-30,1663.75,1666.75,1654.5,1661.0,,766.0,7.0
2013-09-27,1670.0,1681.25,1667.5,1673.0,,765.0,1.0
2013-09-26,1673.0,1683.25,1673.0,1679.0,,765.0,335.0
2013-09-25,1675.75,1680.75,1671.75,1672.5,,498.0,64.0
2013-09-24,1675.5,1686.75,1675.0,1679.0,,455.0,75.0
2013-09-23,1689.0,1693.0,1677.25,1679.25,,476.0,7.0
2013-09-20,1698.75,1705.0,1688.75,1689.0,,451.0,5.0
2013-09-19,1706.5,1713.0,1700.75,1704.0,,444.0,23.0
2013-09-18,1685.75,1709.0,1681.25,1704.5,,440.0,7.0
2013-09-17,1675.5,1685.75,1675.5,1685.25,,443.0,10.0
2013-09-16,1685.0,1690.0,1678.25,1678.25,,441.0,8.0
2013-09-13,1665.0,1669.25,1661.5,1669.25,,441.0,6.0
2013-09-12,1667.75,1667.75,1662.25,1665.5,,442.0,4.0
2013-09-11,1661.75,1669.5,1658.75,1669.5,,442.0,2.0
2013-09-10,1657.0,1663.0,1657.0,1662.75,,438.0,2.0
2013-09-09,1642.0,1651.0,1642.0,1649.25,,436.0,12.0
2013-09-06,1640.5,1643.25,1619.75,1633.75,,436.0,0.0
2013-09-05,1633.0,1637.25,1631.25,1633.0,,436.0,11.0
2013-09-04,1632.0,1633.75,1616.75,1633.5,,435.0,3.0
2013-09-03,1619.25,1629.0,1619.25,1619.25,,432.0,2.0
2013-08-30,1611.5,1624.0,1607.25,1611.5,,432.0,0.0
2013-08-29,1617.0,1624.0,1609.0,1617.0,,432.0,1.0
2013-08-28,1612.25,1618.25,1607.5,1612.5,,432.0,0.0
2013-08-27,1608.25,1634.75,1607.25,1608.25,,432.0,15.0
2013-08-26,1643.75,1646.75,1634.25,1634.5,,428.0,1.0
2013-08-23,1638.0,1642.25,1634.25,1641.5,,427.0,0.0
2013-08-22,1635.0,1637.25,1635.0,1635.0,,427.0,0.0
2013-08-21,1616.5,1616.5,1616.5,1616.5,,427.0,1.0
2013-08-20,1625.0,1634.75,1625.0,1630.75,,426.0,4.0
2013-08-19,1630.0,1636.25,1623.75,1625.25,,426.0,28.0
2013-08-16,1640.0,1645.75,1631.0,1631.5,,429.0,4.0
2013-08-15,1646.0,1646.0,1636.25,1636.25,,429.0,0.0
2013-08-14,1662.5,1662.5,1662.5,1662.5,,429.0,0.0
2013-08-13,1671.25,1672.0,1664.75,1671.25,,429.0,0.0
2013-08-12,1667.5,1667.75,1660.0,1667.5,,429.0,2.0
2013-08-09,1668.5,1668.5,1663.75,1666.5,,428.0,1.0
2013-08-08,1668.5,1675.25,1666.0,1674.0,,427.0,0.0
2013-08-07,1668.5,1668.5,1663.75,1668.5,,427.0,0.0
2013-08-06,1674.25,1674.25,1670.25,1674.25,,427.0,0.0
2013-08-05,1683.0,1683.0,1681.0,1683.0,,427.0,4.0
2013-08-02,1684.5,1684.5,1684.5,1684.5,,427.0,4.0
2013-08-01,1680.0,1682.0,1677.0,1680.75,,430.0,207.0
2013-07-31,1668.25,1675.0,1661.0,1661.0,,223.0,0.0
2013-07-30,1665.25,1667.25,1658.75,1665.25,,223.0,0.0
2013-07-29,1663.0,1663.0,1663.0,1663.0,,223.0,2.0
2013-07-26,1661.75,1667.25,1657.25,1667.25,,223.0,1.0
2013-07-25,1662.25,1664.5,1658.5,1664.5,,223.0,4.0
2013-07-24,1671.0,1671.25,1664.0,1664.5,,223.0,3.0
2013-07-23,1674.25,1675.5,1669.0,1669.0,,220.0,3.0
2013-07-22,1671.0,1673.75,1667.0,1671.0,,221.0,0.0
2013-07-19,1670.0,1670.0,1670.0,1670.0,,221.0,2.0
2013-07-18,1652.5,1666.75,1652.5,1661.0,,220.0,161.0
2013-07-17,1656.75,1656.75,1648.75,1656.0,,222.0,5.0
2013-07-16,1651.0,1658.5,1647.25,1651.5,,219.0,1.0
2013-07-15,1657.75,1659.0,1657.5,1657.5,,218.0,1.0
2013-07-12,1655.75,1655.75,1650.5,1650.5,,217.0,2.0
2013-07-11,1639.0,1650.25,1639.0,1650.25,,217.0,185.0
2013-07-10,1630.0,1633.25,1628.25,1628.75,,36.0,2.0
2013-07-09,1625.25,1625.75,1624.5,1625.75,,34.0,0.0
2013-07-08,1615.75,1615.75,1615.75,1615.75,,34.0,1.0
2013-07-05,1594.25,1607.5,1594.25,1607.5,,34.0,0.0
2013-07-03,1589.5,1589.5,1589.5,1589.5,,34.0,0.0
2013-07-02,1587.5,1587.5,1587.5,1587.5,,34.0,0.0
2013-07-01,1587.0,1587.0,1587.0,1587.0,,34.0,1.0
2013-06-28,1590.0,1590.0,1579.5,1579.5,,34.0,1.0
2013-06-27,1582.0,1587.0,1582.0,1587.0,,33.0,10.0
2013-06-26,1580.75,1582.0,1576.0,1576.0,,34.0,3.0
2013-06-25,1552.25,1562.0,1552.25,1562.0,,33.0,2.0
2013-06-24,1555.5,1559.5,1546.5,1546.5,,32.0,1.0
2013-06-21,1556.0,1564.5,1556.0,1564.5,,32.0,2.0
2013-06-20,1585.0,1585.0,1564.25,1564.25,,30.0,0.0
2013-06-19,1604.0,1604.0,1604.0,1604.0,,30.0,0.0
2013-06-18,1625.75,1625.75,1625.75,1625.75,,30.0,0.0
2013-06-17,1614.5,1614.5,1614.5,1614.5,,30.0,0.0
2013-06-14,1599.25,1599.25,1599.25,1599.25,,30.0,1.0
2013-06-13,1574.5,1611.75,1574.5,1611.75,,30.0,0.0
2013-06-12,1585.0,1585.0,1585.0,1585.0,,30.0,5.0
2013-06-11,1603.0,1603.0,1602.0,1602.25,,30.0,0.0
2013-06-10,1617.25,1617.25,1617.25,1617.25,,30.0,1.0
2013-06-07,1606.25,1613.5,1606.25,1613.5,,31.0,3.0
2013-06-06,1582.5,1597.5,1574.0,1597.5,,28.0,3.0
2013-06-05,1596.0,1596.0,1583.0,1583.0,,25.0,0.0
2013-06-04,1606.25,1606.25,1606.25,1606.25,,25.0,0.0
2013-06-03,1611.25,1611.25,1611.25,1611.25,,25.0,21.0
2013-05-31,1634.0,1634.0,1604.25,1604.25,,9.0,0.0
2013-05-30,1628.75,1628.75,1628.75,1628.75,,9.0,1.0
2013-05-29,1615.0,1622.0,1615.0,1622.0,,8.0,1.0
2013-05-28,1649.25,1649.25,1629.75,1629.75,,7.0,3.0
2013-05-24,1625.75,1625.75,1625.75,1625.75,,7.0,3.0
2013-05-23,1616.5,1628.0,1616.5,1625.25,,6.0,1.0
2013-05-22,1627.5,1630.75,1627.5,1630.75,,5.0,0.0
2013-05-21,1640.75,1640.75,1640.75,1640.75,,5.0,0.0
2013-05-20,1639.75,1639.75,1639.75,1639.75,,5.0,0.0
2013-05-17,1638.0,1638.0,1638.0,1638.0,,5.0,1.0
2013-05-16,1622.5,1623.25,1622.5,1623.25,,5.0,2.0
2013-05-15,1630.0,1630.0,1629.25,1629.25,,7.0,0.0
2013-05-14,1622.75,1622.75,1622.75,1622.75,,7.0,1.0
2013-05-13,1605.0,1605.25,1605.0,1605.25,,7.0,6.0
2013-05-10,1603.5,1604.25,1603.5,1604.25,,7.0,7.0
2013-05-09,1600.25,1600.25,1595.0,1599.25,,2.0,0.0
2013-05-08,1603.25,1603.25,1603.25,1603.25,,2.0,0.0
2013-05-07,1595.0,1595.0,1595.0,1595.0,,2.0,0.0
2013-05-06,1587.75,1587.75,1587.75,1587.75,,2.0,0.0
2013-05-03,1583.0,1583.0,1583.0,1583.0,,2.0,1.0
2013-05-02,1571.25,1571.25,1566.75,1566.75,,1.0,0.0
2013-05-01,1551.5,1551.5,1551.5,1551.5,,1.0,0.0
2013-04-30,1566.5,1566.5,1566.5,1566.5,,1.0,0.0
2013-04-29,1562.5,1562.5,1562.5,1562.5,,1.0,0.0
2013-04-26,1550.75,1550.75,1550.75,1550.75,,1.0,0.0
2013-04-25,1556.0,1556.0,1556.0,1556.0,,1.0,0.0
2013-04-24,1548.5,1548.5,1548.5,1548.5,,1.0,0.0
2013-04-23,1548.0,1548.0,1548.0,1548.0,,1.0,0.0
2013-04-22,1530.0,1530.0,1530.0,1530.0,,1.0,1.0
2013-04-19,1518.0,1521.75,1518.0,1521.75,0.0,0.0,0.0
2013-04-18,1508.25,1508.25,1508.25,1508.25,0.0,0.0,0.0
2013-04-17,1520.25,1520.25,1520.25,1520.25,,11.0,0.0
2013-04-16,1542.75,1542.75,1542.75,1542.75,,11.0,11.0
2013-04-15,1541.0,1541.0,1517.5,1517.5,,11.0,11.0
2013-04-12,1562.0,1562.0,1556.0,1556.0,0.0,0.0,0.0
2013-04-11,1562.0,1562.0,1562.0,1562.0,0.0,0.0,0.0
2013-04-10,1557.0,1557.0,1557.0,1557.0,0.0,0.0,0.0
2013-04-09,1537.25,1537.25,1537.25,1537.25,0.0,0.0,0.0
2013-04-08,1533.25,1533.25,1533.25,1533.25,0.0,0.0,0.0
2013-04-05,1520.0,1520.0,1520.0,1520.0,,0.0,4.0
2013-04-04,1517.75,1528.5,1517.75,1528.5,0.0,0.0,0.0
2013-04-03,1522.5,1522.5,1522.5,1522.5,0.0,0.0,0.0
2013-04-02,1538.5,1538.5,1538.5,1538.5,0.0,0.0,0.0
2013-04-01,1530.0,1530.0,1530.0,1530.0,,0.0,1.0
2013-03-28,1533.0,1537.0,1533.0,1537.0,,1.0,1.0
2013-03-27,1525.0,1531.0,1525.0,1531.0,0.0,0.0,0.0
2013-03-26,1531.5,1531.5,1531.5,1531.5,0.0,0.0,0.0
2013-03-25,1521.25,1521.25,1521.25,1521.25,0.0,0.0,0.0
2013-03-22,1526.25,1526.25,1526.25,1526.25,0.0,0.0,0.0
2013-03-21,1513.25,1513.25,1513.25,1513.25,0.0,0.0,0.0
2013-03-20,1523.25,1523.25,1523.25,1523.25,0.0,0.0,0.0
2013-03-19,1516.25,1516.25,1516.25,1516.25,0.0,0.0,0.0
2013-03-18,1520.5,1520.5,1520.5,1520.5,0.0,0.0,0.0
2013-03-15,1527.25,1527.25,1527.25,1527.25,0.0,0.0,0.0
Date,Open,High,Low,Close,Volume,Prev Day OI,Prev Day Volume
2014-09-19,2013.5,2022.5,2013.25,2022.46,,829823.0,333677.0
2014-09-18,2003.5,2014.5,2001.0,2012.25,,916367.0,623841.0
2014-09-17,1999.5,2010.75,1991.25,2001.5,,1146257.0,884642.0
2014-09-16,1984.75,2002.5,1978.5,1999.5,,1585550.0,854380.0
2014-09-15,1981.75,1987.25,1972.0,1984.25,,2041606.0,1254423.0
2014-09-12,1999.25,1999.25,1979.5,1984.75,,2549337.0,1742511.0
2014-09-11,1994.5,1999.5,1985.0,1997.0,,2885062.0,1590462.0
2014-09-10,1989.5,1996.25,1981.5,1995.0,,3017688.0,1768258.0
2014-09-09,2000.25,2003.0,1983.25,1989.75,,2992833.0,1212909.0
2014-09-08,2006.5,2006.75,1994.0,2000.5,,2989310.0,1693274.0
2014-09-05,1999.0,2007.75,1988.25,2006.0,,3005614.0,1519084.0
2014-09-04,1998.75,2010.0,1990.75,1997.75,,3009547.0,1297828.0
2014-09-03,2000.5,2011.0,1996.25,1998.75,,3008458.0,1244899.0
2014-09-02,1999.0,2006.25,1992.75,1999.75,,3011118.0,1042385.0
2014-08-29,1999.25,2003.75,1992.25,2001.5,,3004649.0,1088971.0
2014-08-28,1996.75,1999.0,1987.5,1996.75,,2996449.0,761368.0
2014-08-27,1999.25,2000.5,1993.5,1997.0,,2973216.0,878014.0
2014-08-26,1994.5,2002.75,1992.25,1998.5,,2972614.0,853066.0
2014-08-25,1990.0,1999.75,1988.75,1995.0,,2959504.0,1115885.0
2014-08-22,1989.75,1991.5,1981.5,1987.75,,2962627.0,841545.0
2014-08-21,1982.75,1992.0,1980.75,1989.5,,2954359.0,1058754.0
2014-08-20,1977.75,1986.0,1973.0,1983.25,,2960508.0,868384.0
2014-08-19,1968.5,1979.75,1968.25,1977.25,,2935727.0,890465.0
2014-08-18,1955.75,1969.0,1955.75,1967.5,,2930057.0,1813411.0
2014-08-15,1954.25,1961.0,1937.25,1952.5,,2947976.0,967191.0
2014-08-14,1946.0,1955.0,1942.0,1953.5,,2932233.0,1120054.0
2014-08-13,1932.25,1946.5,1930.75,1944.75,,2920411.0,1234217.0
2014-08-12,1934.0,1938.75,1923.5,1930.5,,2910845.0,1178957.0
2014-08-11,1923.5,1941.0,1923.25,1932.5,,2901948.0,1904778.0
2014-08-08,1905.25,1928.25,1890.25,1923.75,,2916013.0,1954046.0
2014-08-07,1914.75,1925.75,1899.75,1905.25,,2891258.0,1705227.0
2014-08-06,1914.75,1923.5,1903.0,1914.75,,2897573.0,2137277.0
2014-08-05,1931.0,1933.25,1907.5,1913.0,,2896652.0,1605356.0
2014-08-04,1919.5,1937.5,1914.75,1932.0,,2901142.0,2886317.0
2014-08-01,1926.0,1932.25,1910.25,1918.5,,2936401.0,2772401.0
2014-07-31,1965.0,1965.5,1923.5,1924.75,,2928531.0,1768972.0
2014-07-30,1964.25,1974.25,1956.5,1965.0,,2944211.0,1509091.0
2014-07-29,1972.5,1979.5,1962.0,1963.0,,2938486.0,1368020.0
2014-07-28,1970.75,1976.0,1960.75,1973.0,,2929174.0,1426906.0
2014-07-25,1978.75,1980.75,1968.0,1971.5,,2943169.0,1165644.0
2014-07-24,1981.0,1985.75,1976.75,1980.75,,2941364.0,1149621.0
2014-07-23,1973.0,1983.5,1972.75,1980.75,,2934875.0,1274851.0
2014-07-22,1965.75,1980.5,1965.25,1975.0,,2936374.0,1414256.0
2014-07-21,1970.25,1971.5,1959.0,1966.25,,2949424.0,1796625.0
2014-07-18,1949.25,1974.25,1942.5,1971.5,,2941204.0,2441561.0
2014-07-17,1971.25,1976.0,1948.5,1953.5,,2927567.0,1320381.0
2014-07-16,1968.0,1978.0,1967.0,1974.75,,2918047.0,1905617.0
2014-07-15,1971.25,1976.25,1958.75,1968.0,,2909158.0,1003831.0
2014-07-14,1962.75,1974.0,1962.5,1971.0,,2880205.0,1364154.0
2014-07-11,1957.25,1963.5,1953.0,1962.5,,2908909.0,1972746.0
2014-07-10,1967.5,1968.25,1945.25,1957.75,,2915996.0,1393006.0
2014-07-09,1960.5,1968.25,1958.25,1967.25,,2915133.0,1776514.0
2014-07-08,1970.5,1970.75,1952.75,1960.5,,2904863.0,1151705.0
2014-07-07,1975.75,1977.5,1967.25,1971.0,,2906788.0,846127.0
2014-07-03,1968.0,1978.25,1966.0,1977.5,,2915129.0,920982.0
2014-07-02,1966.25,1970.0,1964.5,1967.75,,2929352.0,1455654.0
2014-07-01,1954.5,1971.75,1953.5,1965.75,,2925452.0,1155861.0
2014-06-30,1951.75,1956.75,1948.0,1952.5,,2891207.0,1176129.0
2014-06-27,1948.25,1954.0,1942.75,1952.0,,2868132.0,1486643.0
2014-06-26,1948.75,1952.5,1936.25,1948.75,,2872653.0,1532088.0
2014-06-25,1942.25,1953.25,1937.25,1949.5,,2855130.0,1530560.0
2014-06-24,1951.25,1960.0,1939.75,1943.25,,2853357.0,1024411.0
2014-06-23,1952.75,1959.75,1950.0,1953.0,,2821923.0,1162086.0
2014-06-20,1949.0,1956.75,1948.25,1953.25,,2802321.0,1422610.0
2014-06-19,1948.0,1952.25,1944.0,1950.25,,2728287.0,1759084.0
2014-06-18,1933.5,1950.25,1929.25,1949.0,,2500698.0,1817231.0
2014-06-17,1929.0,1935.75,1923.75,1933.75,,1991427.0,1739592.0
2014-06-16,1928.0,1933.5,1919.0,1929.25,,1494709.0,1525197.0
2014-06-13,1923.5,1929.75,1919.0,1928.25,,997767.0,770064.0
2014-06-12,1936.75,1940.5,1917.5,1923.25,,590839.0,319445.0
2014-06-11,1943.5,1943.5,1931.5,1936.75,,328900.0,168609.0
2014-06-10,1941.75,1944.25,1935.75,1943.25,,197991.0,80420.0
2014-06-09,1942.0,1947.25,1938.5,1942.75,,139578.0,33429.0
2014-06-06,1930.75,1942.5,1930.25,1942.0,,119486.0,30557.0
2014-06-05,1918.25,1933.25,1913.5,1931.0,,99537.0,19024.0
2014-06-04,1915.75,1919.5,1908.75,1918.25,,86475.0,17767.0
2014-06-03,1913.5,1916.25,1908.5,1914.75,,71848.0,10273.0
2014-06-02,1913.5,1916.75,1906.25,1914.25,,66860.0,3820.0
2014-05-30,1909.75,1914.5,1906.75,1914.0,,66041.0,13734.0
2014-05-29,1902.0,1910.5,1899.75,1910.5,,59143.0,8554.0
2014-05-28,1902.0,1906.5,1897.5,1901.75,,53691.0,4309.0
2014-05-27,1890.5,1902.5,1889.5,1901.75,,52031.0,9718.0
2014-05-23,1882.25,1891.75,1882.25,1889.5,,45025.0,5815.0
2014-05-22,1876.75,1886.5,1875.5,1882.75,,40653.0,10129.0
2014-05-21,1861.5,1879.0,1859.25,1877.5,,33576.0,7983.0
2014-05-20,1874.25,1877.0,1857.5,1860.75,,28638.0,3710.0
2014-05-19,1868.75,1875.5,1858.5,1875.0,,27513.0,4897.0
2014-05-16,1860.0,1868.25,1854.0,1867.25,,25083.0,3785.0
2014-05-15,1878.75,1881.0,1851.75,1860.0,,24344.0,7000.0
2014-05-14,1887.0,1889.5,1874.75,1878.0,,21079.0,2115.0
2014-05-13,1885.75,1891.0,1884.5,1887.0,,20312.0,3755.0
2014-05-12,1867.25,1886.5,1867.25,1885.5,,18635.0,1693.0
2014-05-09,1862.0,1867.25,1855.25,1866.0,,18544.0,3712.0
2014-05-08,1866.5,1877.25,1858.0,1865.0,,18038.0,3247.0
2014-05-07,1856.25,1868.0,1847.25,1866.75,,17656.0,2689.0
2014-05-06,1870.0,1874.0,1854.5,1857.0,,17310.0,1645.0
2014-05-05,1866.75,1872.5,1853.25,1868.5,,17179.0,3783.0
2014-05-02,1870.75,1879.0,1865.0,1867.0,,16439.0,1955.0
2014-05-01,1872.5,1875.25,1864.25,1870.25,,15854.0,3651.0
2014-04-30,1863.25,1872.75,1859.25,1870.5,,14711.0,1826.0
2014-04-29,1858.0,1867.75,1858.0,1864.5,,14595.0,3820.0
2014-04-28,1854.0,1864.0,1836.75,1858.5,,14458.0,2203.0
2014-04-25,1864.5,1866.0,1846.0,1852.75,,14088.0,2998.0
2014-04-24,1872.5,1875.0,1856.5,1865.75,,12970.0,2458.0
2014-04-23,1865.75,1872.75,1860.25,1865.5,,12366.0,1475.0
2014-04-22,1857.0,1871.0,1853.75,1866.5,,11934.0,1583.0
2014-04-21,1851.25,1858.0,1849.5,1857.0,,12450.0,4764.0
2014-04-17,1844.5,1856.0,1840.0,1850.5,,11148.0,2512.0
2014-04-16,1834.25,1849.25,1833.0,1845.5,,10431.0,5673.0
2014-04-15,1817.5,1835.75,1802.25,1832.25,,9954.0,2696.0
2014-04-14,1799.0,1820.75,1796.25,1817.0,,9791.0,6105.0
2014-04-11,1819.5,1824.5,1800.25,1804.25,,7824.0,3165.0
2014-04-10,1858.25,1860.0,1816.75,1819.75,,6839.0,3431.0
2014-04-09,1837.5,1859.0,1836.75,1857.5,,6767.0,4614.0
2014-04-08,1834.25,1841.5,1823.75,1837.75,,6823.0,3863.0
2014-04-07,1853.75,1853.75,1827.5,1831.0,,6486.0,3295.0
2014-04-04,1876.75,1885.25,1849.0,1853.0,,6250.0,1629.0
2014-04-03,1875.75,1880.0,1868.5,1876.0,,6302.0,3214.0
2014-04-02,1870.75,1878.75,1869.0,1875.75,,5843.0,1938.0
2014-04-01,1857.25,1871.5,1855.75,1870.75,,5587.0,4202.0
2014-03-31,1847.75,1860.75,1847.75,1857.5,,4399.0,1636.0
2014-03-28,1836.5,1852.25,1834.5,1843.25,,4166.0,2480.0
2014-03-27,1837.0,1841.0,1827.0,1833.5,,4654.0,2294.0
2014-03-26,1852.25,1861.5,1834.75,1835.5,,4066.0,930.0
2014-03-25,1843.5,1857.25,1841.0,1852.0,,4114.0,1360.0
2014-03-24,1848.5,1858.75,1834.5,1842.25,,3965.0,1273.0
2014-03-21,1857.25,1869.5,1848.5,1850.0,,3958.0,855.0
2014-03-20,1845.25,1859.75,1837.75,1859.0,,3582.0,789.0
2014-03-19,1855.75,1860.0,1835.25,1845.0,,3541.0,634.0
2014-03-18,1845.75,1859.5,1838.75,1856.5,,3604.0,688.0
2014-03-17,1825.5,1848.25,1816.75,1843.5,,3346.0,518.0
2014-03-14,1833.25,1838.5,1825.0,1825.75,,3175.0,551.0
2014-03-13,1856.75,1860.25,1827.5,1832.5,,3156.0,505.0
2014-03-12,1850.25,1854.25,1839.5,1853.5,,3176.0,1176.0
2014-03-11,1863.25,1866.75,1848.0,1851.0,,2694.0,231.0
2014-03-10,1857.25,1864.25,1851.75,1862.75,,2664.0,198.0
2014-03-07,1863.25,1873.0,1855.75,1864.0,,2659.0,261.0
2014-03-06,1858.5,1866.75,1857.5,1862.0,,2627.0,63.0
2014-03-05,1854.5,1861.25,1854.25,1858.5,,2633.0,115.0
2014-03-04,1831.25,1859.75,1831.25,1857.75,,2608.0,383.0
2014-03-03,1830.25,1835.75,1818.75,1829.25,,2595.0,153.0
2014-02-28,1840.5,1852.5,1832.0,1843.75,,2588.0,376.0
2014-02-27,1826.25,1841.25,1819.5,1840.0,,2791.0,29.0
2014-02-26,1833.0,1839.25,1824.75,1828.25,,2777.0,72.0
2014-02-25,1831.75,1836.75,1824.0,1832.5,,2787.0,70.0
2014-02-24,1820.0,1842.5,1816.5,1832.0,,2765.0,79.0
2014-02-21,1825.25,1829.75,1819.5,1820.5,,2758.0,98.0
2014-02-20,1805.5,1826.25,1804.0,1822.5,,2746.0,145.0
2014-02-19,1819.0,1830.5,1810.0,1811.75,,2762.0,35.0
2014-02-18,1823.5,1826.25,1818.25,1823.75,,2762.0,163.0
2014-02-14,1811.0,1824.75,1802.5,1821.25,,2745.0,158.0
2014-02-13,1799.75,1813.0,1788.75,1810.5,,2727.0,2351.0
2014-02-12,1797.75,1809.0,1797.75,1803.5,,2909.0,80.0
2014-02-11,1783.5,1805.25,1783.5,1799.75,,2896.0,902.0
2014-02-10,1777.25,1781.25,1773.25,1780.75,,2881.0,190.0
2014-02-07,1758.5,1779.75,1745.5,1779.5,,2974.0,258.0
2014-02-06,1734.0,1755.75,1732.5,1752.75,,2876.0,65.0
2014-02-05,1721.25,1736.75,1718.75,1730.25,,2888.0,59.0
2014-02-04,1725.0,1739.5,1721.5,1730.25,,2882.0,135.0
2014-02-03,1760.75,1770.0,1719.25,1719.25,,2837.0,346.0
2014-01-31,1769.5,1774.5,1748.25,1763.25,,2838.0,128.0
2014-01-30,1760.0,1780.0,1755.0,1768.0,,2829.0,145.0
2014-01-29,1786.0,1787.5,1751.25,1758.0,,2817.0,36.0
2014-01-28,1763.0,1783.5,1763.0,1775.0,,2808.0,202.0
2014-01-27,1763.0,1778.25,1754.5,1762.5,,2906.0,593.0
2014-01-24,1812.25,1814.5,1767.75,1769.0,,2551.0,59.0
2014-01-23,1827.75,1830.75,1801.25,1811.25,,2512.0,58.0
2014-01-22,1823.75,1830.0,1822.25,1826.0,,2465.0,24.0
2014-01-21,1822.75,1830.75,1814.0,1825.75,,2468.0,27.0
2014-01-17,1823.75,1829.25,1816.75,1821.5,,2467.0,23.0
2014-01-16,1830.5,1830.5,1822.0,1823.5,,2465.0,21.0
2014-01-15,1824.5,1832.5,1819.25,1829.0,,2462.0,72.0
2014-01-14,1801.75,1820.5,1800.5,1820.25,,2465.0,36.0
2014-01-13,1820.0,1825.5,1797.25,1802.5,,2466.0,370.0
2014-01-10,1827.0,1829.5,1814.25,1825.0,,2146.0,17.0
2014-01-09,1823.75,1826.0,1812.0,1820.5,,2152.0,5.0
2014-01-08,1818.25,1821.75,1813.25,1820.0,,2154.0,1516.0
2014-01-07,1810.5,1821.75,1807.75,1818.0,,769.0,338.0
2014-01-06,1806.25,1819.25,1805.25,1808.0,,769.0,12.0
2014-01-03,1810.5,1819.75,1808.5,1812.75,,770.0,277.0
2014-01-02,1815.0,1815.0,1809.5,1814.0,,724.0,1.0
2013-12-31,1828.25,1833.0,1828.25,1828.25,,724.0,127.0
2013-12-30,1824.0,1824.75,1820.75,1821.75,,702.0,3.0
2013-12-27,1821.0,1826.0,1820.5,1823.25,,701.0,13.0
2013-12-26,1819.75,1823.75,1819.75,1823.0,,691.0,8.0
2013-12-24,1808.75,1815.5,1808.0,1815.5,,687.0,1.0
2013-12-23,1806.75,1810.25,1806.75,1809.0,,687.0,5.0
2013-12-20,1791.0,1803.25,1791.0,1800.75,,690.0,21.0
2013-12-19,1788.75,1791.75,1782.25,1788.25,,690.0,6.0
2013-12-18,1765.0,1792.0,1754.25,1790.75,,687.0,101.0
2013-12-17,1759.75,1768.5,1757.75,1759.5,,687.0,9.0
2013-12-16,1755.25,1771.5,1741.75,1767.0,,685.0,1.0
2013-12-13,1755.0,1762.5,1754.0,1755.0,,685.0,5.0
2013-12-12,1760.0,1763.0,1754.0,1755.25,,684.0,1.0
2013-12-11,1772.5,1786.75,1761.5,1761.5,,691.0,0.0
2013-12-10,1783.5,1791.25,1783.0,1783.5,,691.0,6.0
2013-12-09,1790.75,1790.75,1789.5,1789.5,,685.0,0.0
2013-12-06,1785.25,1785.25,1785.25,1785.25,,685.0,0.0
2013-12-05,1764.25,1772.75,1763.5,1764.25,,685.0,0.0
2013-12-04,1772.0,1778.0,1759.25,1772.0,,685.0,0.0
2013-12-03,1771.75,1771.75,1768.0,1771.75,,685.0,0.0
2013-12-02,1780.0,1780.0,1780.0,1780.0,,685.0,2.0
2013-11-29,1785.0,1785.25,1784.5,1784.5,,683.0,510.0
2013-11-27,1784.75,1784.75,1784.75,1784.75,,235.0,0.0
2013-11-26,1782.0,1782.0,1782.0,1782.0,,235.0,0.0
2013-11-25,1782.5,1787.5,1782.5,1782.5,,235.0,0.0
2013-11-22,1781.25,1781.25,1781.25,1781.25,,235.0,5.0
2013-11-21,1770.0,1774.0,1757.0,1773.75,,232.0,36.0
2013-11-20,1760.0,1772.75,1756.25,1760.0,,242.0,0.0
2013-11-19,1765.5,1765.5,1765.5,1765.5,,242.0,1.0
2013-11-18,1772.5,1778.25,1766.75,1769.0,,241.0,0.0
2013-11-15,1773.75,1774.75,1773.75,1773.75,,241.0,1.0
2013-11-14,1766.0,1768.0,1758.75,1768.0,,240.0,0.0
2013-11-13,1759.0,1759.0,1740.25,1759.0,,240.0,0.0
2013-11-12,1745.25,1748.0,1740.25,1745.25,,240.0,0.0
2013-11-11,1747.75,1748.75,1744.5,1747.75,,240.0,0.0
2013-11-08,1746.25,1746.25,1722.25,1746.25,,240.0,1.0
2013-11-07,1738.5,1752.5,1723.75,1725.5,,240.0,1.0
2013-11-06,1742.75,1748.25,1742.75,1745.75,,239.0,0.0
2013-11-05,1736.75,1736.75,1732.0,1736.75,,239.0,0.0
2013-11-04,1743.0,1743.0,1743.0,1743.0,,239.0,1.0
2013-11-01,1730.5,1739.5,1729.75,1735.0,,239.0,0.0
2013-10-31,1731.0,1742.5,1731.0,1731.0,,239.0,1.0
2013-10-30,1745.25,1745.25,1737.5,1740.5,,239.0,2.0
2013-10-29,1737.0,1747.5,1736.25,1747.5,,239.0,0.0
2013-10-28,1739.0,1740.25,1733.5,1739.0,,239.0,1.0
2013-10-25,1733.5,1734.0,1724.5,1734.0,,240.0,0.0
2013-10-24,1728.5,1730.0,1721.5,1728.5,,240.0,0.0
2013-10-23,1721.75,1721.75,1716.0,1721.75,,240.0,0.0
2013-10-22,1729.5,1733.0,1717.5,1729.5,,240.0,0.0
2013-10-21,1718.25,1719.75,1718.25,1718.25,,240.0,0.0
2013-10-18,1716.5,1716.5,1716.5,1716.5,,240.0,6.0
2013-10-17,1700.0,1707.75,1700.0,1707.75,,234.0,1.0
2013-10-16,1689.0,1693.25,1689.0,1693.25,,233.0,0.0
2013-10-15,1672.0,1688.25,1672.0,1672.0,,233.0,0.0
2013-10-14,1684.5,1684.5,1666.25,1684.5,,233.0,0.0
2013-10-11,1679.0,1679.0,1659.0,1679.0,,233.0,0.0
2013-10-10,1665.0,1666.0,1665.0,1665.0,,233.0,0.0
2013-10-09,1628.75,1635.0,1622.0,1628.75,,233.0,5.0
2013-10-08,1653.25,1653.25,1630.25,1630.25,,236.0,0.0
2013-10-07,1647.5,1647.5,1647.5,1647.5,,236.0,0.0
2013-10-04,1664.75,1664.75,1664.75,1664.75,,236.0,0.0
2013-10-03,1649.5,1649.5,1645.75,1649.5,,236.0,223.0
2013-10-02,1663.0,1663.0,1656.0,1663.0,,36.0,0.0
2013-10-01,1669.5,1669.5,1669.5,1669.5,,36.0,2.0
2013-09-30,1655.75,1655.75,1654.25,1654.25,,37.0,0.0
2013-09-27,1666.5,1666.5,1664.25,1666.5,,37.0,0.0
2013-09-26,1673.0,1675.25,1673.0,1673.0,,37.0,3.0
2013-09-25,1672.5,1672.5,1666.5,1666.5,,34.0,1.0
2013-09-24,1669.0,1678.75,1669.0,1673.0,,33.0,61.0
2013-09-23,1675.5,1684.75,1672.0,1673.25,,12.0,5.0
2013-09-20,1692.0,1696.75,1682.5,1682.5,,7.0,0.0
2013-09-19,1697.0,1701.0,1697.0,1697.0,,7.0,1.0
2013-09-18,1673.0,1700.5,1673.0,1697.5,,6.0,0.0
2013-09-17,1678.25,1678.25,1678.25,1678.25,,6.0,0.0
2013-09-16,1671.25,1679.0,1671.25,1671.25,,6.0,0.0
2013-09-13,1662.25,1662.25,1656.75,1662.25,,6.0,0.0
2013-09-12,1658.5,1658.5,1657.0,1658.5,,6.0,0.0
2013-09-11,1662.5,1662.5,1662.5,1662.5,,6.0,0.0
2013-09-10,1655.75,1655.75,1655.75,1655.75,,6.0,0.0
2013-09-09,1642.25,1642.25,1642.25,1642.25,,6.0,1.0
2013-09-06,1634.75,1634.75,1618.5,1626.75,,6.0,0.0
2013-09-05,1626.0,1626.0,1626.0,1626.0,,6.0,0.0
2013-09-04,1626.5,1626.5,1626.5,1626.5,,6.0,0.0
2013-09-03,1612.25,1615.5,1612.25,1612.25,,6.0,0.0
2013-08-30,1604.5,1604.5,1604.5,1604.5,,6.0,0.0
2013-08-29,1610.0,1611.25,1610.0,1610.0,,6.0,0.0
2013-08-28,1605.5,1605.5,1605.5,1605.5,,6.0,0.0
2013-08-27,1601.25,1601.25,1601.25,1601.25,,6.0,0.0
2013-08-26,1627.5,1627.5,1627.5,1627.5,,6.0,0.0
2013-08-23,1634.5,1634.5,1634.5,1634.5,,6.0,0.0
2013-08-22,1628.0,1628.0,1628.0,1628.0,,6.0,0.0
2013-08-21,1609.5,1609.5,1609.5,1609.5,,6.0,0.0
2013-08-20,1623.75,1623.75,1623.75,1623.75,,6.0,0.0
2013-08-19,1618.25,1618.25,1618.25,1618.25,,6.0,0.0
2013-08-16,1624.5,1624.5,1624.5,1624.5,,6.0,3.0
2013-08-15,1636.0,1636.0,1629.25,1629.25,,6.0,1.0
2013-08-14,1661.25,1661.25,1655.5,1655.5,,6.0,0.0
2013-08-13,1664.25,1664.25,1658.75,1664.25,,6.0,0.0
2013-08-12,1660.5,1660.5,1655.25,1660.5,,6.0,1.0
2013-08-09,1661.25,1661.25,1659.5,1659.5,,6.0,0.0
2013-08-08,1667.0,1667.0,1667.0,1667.0,,6.0,0.0
2013-08-07,1661.5,1661.5,1660.5,1661.5,,6.0,0.0
2013-08-06,1667.25,1667.25,1667.25,1667.25,,6.0,0.0
2013-08-05,1676.0,1676.0,1676.0,1676.0,,6.0,4.0
2013-08-02,1669.0,1677.5,1669.0,1677.5,,4.0,0.0
2013-08-01,1673.75,1673.75,1673.75,1673.75,,4.0,0.0
2013-07-31,1654.0,1661.0,1654.0,1654.0,,4.0,0.0
2013-07-30,1658.25,1658.25,1658.25,1658.25,,4.0,4.0
2013-07-29,1656.0,1656.0,1656.0,1656.0,,1.0,0.0
2013-07-26,1660.25,1660.25,1654.5,1660.25,,1.0,0.0
2013-07-25,1657.5,1657.5,1657.5,1657.5,,1.0,0.0
2013-07-24,1657.5,1657.5,1657.5,1657.5,,1.0,0.0
2013-07-23,1662.0,1662.0,1662.0,1662.0,,1.0,0.0
2013-07-22,1664.0,1664.0,1664.0,1664.0,,1.0,0.0
2013-07-19,1663.0,1663.0,1663.0,1663.0,,1.0,0.0
2013-07-18,1654.0,1654.0,1654.0,1654.0,,1.0,0.0
2013-07-17,1649.0,1649.0,1649.0,1649.0,,1.0,0.0
2013-07-16,1644.5,1644.5,1644.5,1644.5,,1.0,0.0
2013-07-15,1650.5,1650.5,1650.5,1650.5,,1.0,1.0
2013-07-12,1643.5,1643.5,1643.5,1643.5,0.0,0.0,0.0
2013-07-11,1643.25,1643.25,1643.25,1643.25,0.0,0.0,0.0
2013-07-10,1621.75,1621.75,1621.75,1621.75,0.0,0.0,0.0
2013-07-09,1618.75,1618.75,1618.75,1618.75,0.0,0.0,0.0
2013-07-08,1608.75,1608.75,1608.75,1608.75,0.0,0.0,0.0
2013-07-05,1600.5,1600.5,1600.5,1600.5,0.0,0.0,0.0
2013-07-03,1582.5,1582.5,1582.5,1582.5,0.0,0.0,0.0
2013-07-02,1580.5,1580.5,1580.5,1580.5,0.0,0.0,0.0
2013-07-01,1580.0,1580.0,1580.0,1580.0,0.0,0.0,0.0
2013-06-28,1572.5,1572.5,1572.5,1572.5,0.0,0.0,0.0
2013-06-27,1580.0,1580.0,1580.0,1580.0,0.0,0.0,0.0
2013-06-26,1569.0,1569.0,1569.0,1569.0,0.0,0.0,0.0
2013-06-25,1555.0,1555.0,1555.0,1555.0,0.0,0.0,0.0
2013-06-24,1539.5,1539.5,1539.5,1539.5,0.0,0.0,0.0
2013-06-21,1557.5,1557.5,1557.5,1557.5,0.0,0.0,0.0
2013-06-20,1557.25,1557.25,1557.25,1557.25,0.0,0.0,0.0
2013-06-19,1597.0,1597.0,1597.0,1597.0,0.0,0.0,0.0
Date,Open,High,Low,Close,Volume,Prev Day OI,Prev Day Volume
2014-12-19,2066.0,2079.75,2061.01,2061.01,,710791.0,538248.0
2014-12-18,2013.75,2068.0,2010.75,2065.0,,742173.0,785286.0
2014-12-17,1973.5,2017.0,1972.75,2014.25,,1000029.0,1219044.0
2014-12-16,1991.25,2018.0,1968.25,1971.5,,1398167.0,1128936.0
2014-12-15,1998.75,2019.25,1981.5,1990.0,,1818004.0,1487564.0
2014-12-12,2029.5,2032.25,1996.5,1997.25,,2241682.0,2255859.0
2014-12-11,2026.25,2056.5,2023.75,2031.0,,2651642.0,2376052.0
2014-12-10,2057.75,2060.0,2023.25,2026.5,,2818803.0,1893729.0
2014-12-09,2060.25,2062.25,2033.25,2057.5,,2874241.0,1414138.0
2014-12-08,2075.75,2077.5,2053.75,2059.5,,2908207.0,1148282.0
2014-12-05,2071.75,2079.0,2068.5,2076.0,,2946103.0,1374378.0
2014-12-04,2073.0,2077.25,2061.25,2072.0,,2944324.0,925314.0
2014-12-03,2066.5,2076.0,2063.25,2072.5,,2962937.0,1152160.0
2014-12-02,2051.0,2068.0,2050.75,2066.0,,2948066.0,1471696.0
2014-12-01,2063.25,2064.0,2048.25,2050.75,,2959182.0,783116.0
2014-11-28,2074.0,2074.75,2063.5,2066.25,,2945186.0,743541.0
2014-11-26,2068.25,2075.25,2065.25,2072.25,,2955905.0,977855.0
2014-11-25,2067.25,2073.0,2062.75,2067.5,,2958213.0,793915.0
2014-11-24,2062.25,2069.0,2060.75,2067.5,,2957158.0,1634315.0
2014-11-21,2052.25,2072.25,2049.75,2061.75,,2959677.0,1130058.0
2014-11-20,2047.0,2052.75,2035.25,2052.0,,2933002.0,1188471.0
2014-11-19,2048.75,2050.5,2037.75,2047.25,,2934115.0,1146480.0
2014-11-18,2039.25,2054.0,2035.75,2048.5,,2924370.0,1061143.0
2014-11-17,2038.5,2040.5,2025.25,2039.75,,2924312.0,1047384.0
2014-11-14,2033.0,2039.75,2032.0,2038.0,,2937647.0,1541477.0
2014-11-13,2034.75,2043.75,2026.75,2034.0,,2922873.0,1082280.0
2014-11-12,2036.5,2037.25,2026.75,2036.0,,2868786.0,779708.0
2014-11-11,2033.75,2039.0,2031.0,2036.5,,2863436.0,967814.0
2014-11-10,2025.75,2035.0,2021.0,2034.0,,2851049.0,1282437.0
2014-11-07,2027.25,2033.5,2020.5,2026.0,,2863233.0,1434905.0
2014-11-06,2018.5,2029.25,2010.75,2028.0,,2856834.0,1574778.0
2014-11-05,2006.25,2020.5,2003.75,2018.75,,2837987.0,1524332.0
2014-11-04,2010.5,2013.75,1995.25,2005.5,,2813514.0,1361523.0
2014-11-03,2011.25,2019.25,2007.0,2011.0,,2822107.0,1924396.0
2014-10-31,1987.75,2016.75,1986.75,2011.5,,2883991.0,1980796.0
2014-10-30,1971.75,1994.25,1959.25,1988.5,,2854076.0,1895667.0
2014-10-29,1976.0,1985.75,1962.0,1972.25,,2856633.0,1571000.0
2014-10-28,1957.75,1980.75,1956.75,1980.0,,2833776.0,1452059.0
2014-10-27,1960.25,1965.75,1944.5,1957.0,,2829899.0,1601260.0
2014-10-24,1946.0,1960.5,1931.75,1959.75,,2844152.0,2014997.0
2014-10-23,1924.5,1956.25,1922.25,1946.0,,2828457.0,2022453.0
2014-10-22,1938.25,1943.75,1920.25,1925.0,,2816714.0,2239114.0
2014-10-21,1903.5,1939.5,1885.75,1938.0,,2803942.0,1653127.0
2014-10-20,1884.0,1904.5,1872.25,1900.0,,2819776.0,2579053.0
2014-10-17,1853.0,1891.75,1851.0,1881.0,,2829253.0,3368379.0
2014-10-16,1846.75,1869.75,1815.25,1850.5,,2891394.0,4661757.0
2014-10-15,1878.25,1883.25,1813.0,1846.75,,2828933.0,3114778.0
2014-10-14,1866.25,1892.75,1864.75,1874.75,,2823640.0,2948075.0
2014-10-13,1892.0,1906.0,1864.25,1865.5,,2749030.0,3069299.0
2014-10-10,1917.0,1931.25,1893.25,1894.25,,2726452.0,3103761.0
2014-10-09,1961.5,1968.5,1915.25,1925.0,,2735211.0,2521875.0
2014-10-08,1926.25,1964.0,1918.0,1961.75,,2769360.0,2166031.0
2014-10-07,1953.25,1956.25,1924.5,1928.0,,2743862.0,1727529.0
2014-10-06,1961.0,1971.0,1950.5,1956.0,,2738142.0,1556834.0
2014-10-03,1938.5,1964.5,1935.75,1960.25,,2751445.0,2721573.0
2014-10-02,1940.75,1945.75,1918.25,1938.5,,2790666.0,2450968.0
2014-10-01,1961.0,1967.0,1933.75,1940.75,,2794635.0,1991628.0
2014-09-30,1968.75,1978.25,1960.5,1965.5,,2802910.0,1786769.0
2014-09-29,1974.75,1977.0,1955.5,1969.5,,2793774.0,1680945.0
2014-09-26,1961.0,1979.25,1956.5,1976.0,,2797856.0,2318873.0
2014-09-25,1990.75,1991.5,1957.75,1961.5,,2810957.0,1566690.0
2014-09-24,1969.75,1992.5,1969.5,1991.0,,2795261.0,1631355.0
2014-09-23,1984.0,1988.0,1968.25,1972.25,,2785075.0,1578996.0
2014-09-22,2002.0,2003.0,1982.5,1986.25,,2794169.0,1670453.0
2014-09-19,2006.0,2014.5,1998.25,2003.75,,2796367.0,1402964.0
2014-09-18,1995.5,2006.75,1993.0,2004.5,,2714990.0,2039712.0
2014-09-17,1991.5,2003.25,1983.25,1993.75,,2509195.0,2081652.0
2014-09-16,1976.75,1994.5,1970.25,1991.5,,2018909.0,1742226.0
2014-09-15,1973.75,1979.0,1968.0,1976.0,,1556670.0,1861290.0
2014-09-12,1991.25,1991.5,1971.25,1976.75,,945046.0,803889.0
2014-09-11,1986.75,1991.5,1977.25,1989.0,,423177.0,283842.0
2014-09-10,1981.75,1988.25,1973.75,1987.0,,225390.0,85879.0
2014-09-09,1992.5,1995.0,1975.25,1981.75,,185494.0,61986.0
2014-09-08,1998.0,1998.0,1986.0,1992.5,,146203.0,44212.0
2014-09-05,1991.25,1999.5,1980.5,1998.0,,121207.0,45297.0
2014-09-04,1991.0,2001.75,1982.75,1989.75,,88964.0,27707.0
2014-09-03,1991.75,2002.75,1988.25,1990.75,,71566.0,22377.0
2014-09-02,1991.0,1998.25,1984.75,1991.75,,61492.0,4168.0
2014-08-29,1990.75,1995.75,1984.5,1993.5,,61627.0,13036.0
2014-08-28,1988.25,1991.75,1979.5,1988.75,,55754.0,3995.0
2014-08-27,1990.75,1992.5,1985.75,1989.25,,53714.0,7791.0
2014-08-26,1987.0,1994.5,1984.5,1990.75,,49222.0,5825.0
2014-08-25,1980.25,1991.5,1980.25,1987.0,,47935.0,3557.0
2014-08-22,1982.0,1983.5,1973.75,1980.0,,47798.0,2750.0
2014-08-21,1974.75,1984.0,1973.0,1981.75,,46818.0,8137.0
2014-08-20,1969.5,1978.0,1965.5,1975.5,,43456.0,2211.0
2014-08-19,1960.75,1971.75,1960.75,1969.5,,42974.0,4727.0
2014-08-18,1948.25,1961.0,1948.25,1959.75,,41164.0,13700.0
2014-08-15,1946.25,1953.0,1929.5,1944.5,,40550.0,3065.0
2014-08-14,1937.75,1947.0,1934.25,1945.75,,39319.0,3222.0
2014-08-13,1924.75,1938.5,1923.25,1936.75,,38470.0,2347.0
2014-08-12,1927.0,1930.5,1915.75,1922.5,,37578.0,6170.0
2014-08-11,1918.25,1933.0,1917.0,1924.75,,34714.0,6294.0
2014-08-08,1897.75,1920.25,1882.75,1916.0,,34731.0,3740.0
2014-08-07,1907.5,1917.75,1892.0,1897.5,,34459.0,2952.0
2014-08-06,1905.75,1915.25,1895.25,1907.0,,34078.0,4256.0
2014-08-05,1922.75,1925.0,1899.75,1905.0,,33076.0,2828.0
2014-08-04,1912.0,1929.5,1907.25,1924.25,,32323.0,8453.0
2014-08-01,1919.75,1924.0,1902.5,1910.5,,29466.0,7643.0
2014-07-31,1957.25,1957.25,1916.0,1917.0,,28232.0,4343.0
2014-07-30,1957.0,1966.25,1948.75,1957.25,,27672.0,2301.0
2014-07-29,1964.75,1971.5,1954.5,1955.0,,26872.0,3521.0
2014-07-28,1963.25,1968.0,1953.25,1965.0,,25183.0,1959.0
2014-07-25,1971.0,1972.75,1960.5,1963.5,,25065.0,2762.0
2014-07-24,1972.75,1977.75,1969.0,1972.75,,25067.0,2242.0
2014-07-23,1967.0,1975.25,1965.25,1973.0,,24319.0,2102.0
2014-07-22,1957.75,1972.5,1957.75,1967.0,,24121.0,3194.0
2014-07-21,1962.5,1963.5,1951.25,1958.5,,22435.0,4342.0
2014-07-18,1940.5,1966.25,1934.75,1963.75,,21146.0,3890.0
2014-07-17,1964.0,1968.25,1941.0,1945.75,,19714.0,1477.0
2014-07-16,1960.25,1970.0,1959.5,1967.0,,19621.0,2709.0
2014-07-15,1963.25,1968.25,1951.25,1960.25,,19627.0,3428.0
2014-07-14,1954.75,1965.75,1951.75,1963.25,,17717.0,2837.0
2014-07-11,1949.0,1955.5,1945.25,1954.5,,16485.0,4226.0
2014-07-10,1959.75,1960.0,1937.75,1950.0,,15736.0,1235.0
2014-07-09,1953.25,1960.25,1950.5,1959.25,,15731.0,2271.0
2014-07-08,1962.25,1962.25,1945.0,1952.5,,14981.0,2633.0
2014-07-07,1968.75,1969.25,1959.75,1963.0,,13585.0,1721.0
2014-07-03,1960.0,1970.0,1958.25,1969.75,,12530.0,1511.0
2014-07-02,1958.25,1962.5,1957.0,1960.0,,11628.0,1355.0
2014-07-01,1947.25,1963.75,1946.0,1958.0,,11512.0,1085.0
2014-06-30,1943.5,1948.5,1940.25,1944.5,,11322.0,3361.0
2014-06-27,1940.75,1946.0,1935.0,1944.0,,9323.0,1227.0
2014-06-26,1941.0,1944.75,1928.25,1941.0,,9031.0,1653.0
2014-06-25,1934.0,1945.25,1929.75,1941.75,,8855.0,3193.0
2014-06-24,1943.5,1952.25,1932.25,1935.5,,8853.0,537.0
2014-06-23,1945.25,1952.25,1942.75,1945.25,,8824.0,396.0
2014-06-20,1942.25,1948.75,1941.0,1945.5,,8698.0,1355.0
2014-06-19,1940.75,1944.0,1936.5,1942.5,,8260.0,1122.0
2014-06-18,1925.5,1942.25,1923.25,1941.5,,8169.0,1881.0
2014-06-17,1922.25,1928.0,1916.75,1926.0,,7636.0,403.0
2014-06-16,1920.0,1925.5,1912.25,1921.5,,7441.0,266.0
2014-06-13,1913.75,1921.75,1911.75,1920.75,,7428.0,1194.0
2014-06-12,1927.75,1932.5,1911.25,1915.5,,6645.0,855.0
2014-06-11,1936.0,1936.0,1924.0,1929.0,,6106.0,379.0
2014-06-10,1934.25,1936.25,1928.25,1935.5,,5918.0,1008.0
2014-06-09,1933.5,1939.25,1930.75,1935.25,,5350.0,418.0
2014-06-06,1924.75,1934.5,1923.0,1934.25,,5403.0,542.0
2014-06-05,1910.5,1925.25,1906.25,1923.5,,5221.0,70.0
2014-06-04,1906.5,1911.25,1901.5,1910.5,,5184.0,64.0
2014-06-03,1905.75,1907.75,1901.5,1907.0,,5149.0,586.0
2014-06-02,1905.25,1908.75,1899.0,1906.75,,4921.0,71.0
2014-05-30,1902.0,1906.5,1899.0,1906.25,,4903.0,1259.0
2014-05-29,1894.0,1903.0,1892.75,1902.75,,4390.0,75.0
2014-05-28,1893.25,1898.75,1890.25,1894.0,,4347.0,94.0
2014-05-27,1883.0,1894.75,1883.0,1894.0,,4283.0,51.0
2014-05-23,1876.0,1883.75,1874.75,1881.75,,4246.0,114.0
2014-05-22,1871.75,1878.75,1868.5,1875.0,,4230.0,156.0
2014-05-21,1852.0,1871.25,1851.25,1870.0,,4112.0,58.0
2014-05-20,1864.5,1869.25,1850.25,1853.0,,4107.0,74.0
2014-05-19,1862.5,1867.5,1851.0,1867.25,,4092.0,82.0
2014-05-16,1848.25,1860.25,1847.0,1859.75,,4054.0,90.0
2014-05-15,1868.75,1873.25,1844.75,1852.5,,4030.0,61.0
2014-05-14,1880.75,1881.75,1867.0,1870.25,,3988.0,125.0
2014-05-13,1878.0,1883.0,1877.5,1879.25,,3884.0,272.0
2014-05-12,1860.25,1878.25,1860.25,1877.75,,3667.0,24.0
2014-05-09,1855.5,1859.5,1848.25,1858.5,,3663.0,77.0
2014-05-08,1860.0,1869.75,1850.75,1857.25,,3670.0,67.0
2014-05-07,1847.25,1860.0,1840.0,1859.25,,3690.0,57.0
2014-05-06,1861.75,1866.25,1847.5,1849.25,,3690.0,173.0
2014-05-05,1855.5,1864.25,1846.25,1860.75,,3547.0,142.0
2014-05-02,1864.0,1870.0,1857.75,1859.5,,3439.0,1527.0
2014-05-01,1863.75,1867.0,1857.5,1862.75,,2307.0,102.0
2014-04-30,1854.75,1864.5,1851.75,1863.0,,2279.0,17.0
2014-04-29,1855.5,1860.0,1850.75,1857.0,,2276.0,38.0
2014-04-28,1850.0,1856.25,1830.0,1851.0,,2277.0,26.0
2014-04-25,1856.5,1856.5,1839.0,1845.25,,2273.0,14.0
2014-04-24,1863.75,1866.75,1849.5,1858.25,,2272.0,18.0
2014-04-23,1858.0,1865.5,1853.5,1858.0,,2276.0,29.0
2014-04-22,1847.0,1863.0,1846.5,1859.0,,2273.0,13.0
2014-04-21,1844.25,1850.0,1842.25,1849.5,,2262.0,69.0
2014-04-17,1835.0,1848.0,1832.0,1843.0,,2265.0,126.0
2014-04-16,1826.5,1841.25,1826.5,1837.75,,2179.0,47.0
2014-04-15,1808.5,1828.0,1797.0,1824.5,,2178.0,38.0
2014-04-14,1790.0,1812.5,1788.75,1809.5,,2165.0,63.0
2014-04-11,1813.5,1816.75,1793.0,1796.75,,2151.0,1002.0
2014-04-10,1848.0,1852.25,1809.25,1812.25,,1188.0,21.0
2014-04-09,1833.5,1851.0,1829.5,1850.0,,1189.0,27.0
2014-04-08,1823.0,1833.5,1816.75,1830.25,,1191.0,68.0
2014-04-07,1844.5,1846.0,1820.5,1823.5,,1183.0,42.0
2014-04-04,1870.0,1880.0,1841.75,1845.5,,1185.0,8.0
2014-04-03,1867.0,1872.25,1861.5,1868.5,,1184.0,92.0
2014-04-02,1866.25,1871.0,1862.5,1868.25,,1188.0,22.0
2014-04-01,1856.0,1863.75,1848.25,1863.25,,1187.0,68.0
2014-03-31,1842.75,1853.0,1842.75,1850.0,,1170.0,8.0
2014-03-28,1838.0,1844.5,1836.0,1836.0,,1168.0,33.0
2014-03-27,1832.0,1833.5,1820.0,1826.25,,1162.0,540.0
2014-03-26,1845.0,1853.5,1827.5,1828.25,,672.0,96.0
2014-03-25,1836.5,1847.25,1834.0,1844.75,,654.0,28.0
2014-03-24,1842.75,1851.25,1827.5,1835.0,,656.0,46.0
2014-03-21,1853.5,1862.0,1841.25,1842.5,,660.0,43.0
2014-03-20,1834.5,1852.0,1831.0,1852.0,,653.0,207.0
2014-03-19,1852.0,1852.75,1828.25,1838.0,,531.0,28.0
2014-03-18,1842.5,1851.75,1832.0,1849.25,,516.0,30.0
2014-03-17,1816.75,1840.5,1810.0,1836.25,,499.0,48.0
2014-03-14,1830.0,1831.0,1818.5,1818.5,,475.0,5.0
2014-03-13,1849.25,1851.5,1821.5,1825.25,,472.0,275.0
2014-03-12,1839.5,1846.0,1834.0,1846.0,,221.0,70.0
2014-03-11,1850.0,1850.0,1843.5,1843.5,,170.0,7.0
2014-03-10,1848.0,1855.5,1848.0,1855.5,,169.0,3.0
2014-03-07,1856.5,1857.5,1856.5,1856.5,,166.0,7.0
2014-03-06,1855.5,1858.0,1855.0,1855.0,,162.0,2.0
2014-03-05,1854.0,1854.0,1848.5,1851.25,,160.0,4.0
2014-03-04,1850.0,1850.5,1850.0,1850.5,,164.0,1.0
2014-03-03,1822.0,1822.0,1822.0,1822.0,,163.0,5.0
2014-02-28,1831.5,1843.5,1828.0,1836.5,,166.0,17.0
2014-02-27,1825.0,1832.75,1817.5,1832.75,,164.0,5.0
2014-02-26,1829.5,1830.25,1818.75,1820.75,,163.0,7.0
2014-02-25,1828.0,1828.0,1818.0,1825.0,,168.0,10.0
2014-02-24,1821.0,1833.75,1810.0,1824.75,,170.0,1.0
2014-02-21,1813.0,1813.0,1813.0,1813.0,,169.0,17.0
2014-02-20,1803.25,1820.0,1802.25,1815.0,,168.0,1.0
2014-02-19,1804.5,1804.5,1804.5,1804.5,,167.0,8.0
2014-02-18,1814.0,1816.5,1813.75,1816.5,,170.0,8.0
2014-02-14,1797.5,1815.0,1797.5,1814.0,,173.0,3.0
2014-02-13,1794.5,1803.5,1783.75,1803.5,,171.0,3.0
2014-02-12,1790.75,1802.0,1790.75,1796.25,,170.0,10.0
2014-02-11,1778.0,1796.5,1778.0,1792.5,,173.0,2.0
2014-02-10,1771.0,1773.75,1767.5,1773.75,,174.0,24.0
2014-02-07,1752.5,1772.5,1745.0,1772.5,,175.0,10.0
2014-02-06,1736.0,1747.0,1736.0,1745.75,,176.0,4.0
2014-02-05,1723.0,1727.75,1713.5,1723.0,,174.0,2.0
2014-02-04,1720.0,1730.5,1720.0,1723.0,,175.0,15.0
2014-02-03,1745.75,1761.5,1712.0,1712.0,,171.0,7.0
2014-01-31,1760.75,1760.75,1756.0,1756.0,,174.0,39.0
2014-01-30,1756.25,1771.25,1749.5,1761.5,,174.0,16.0
2014-01-29,1761.0,1775.25,1751.0,1751.5,,169.0,5.0
2014-01-28,1764.0,1769.75,1762.0,1768.5,,168.0,9.0
2014-01-27,1766.0,1766.5,1753.25,1756.0,,165.0,9.0
2014-01-24,1782.0,1806.75,1762.0,1762.5,,161.0,10.0
2014-01-23,1811.0,1821.5,1796.25,1804.5,,159.0,0.0
2014-01-22,1819.25,1822.25,1817.25,1819.25,,159.0,6.0
2014-01-21,1821.0,1825.0,1808.5,1819.0,,154.0,6.0
2014-01-17,1815.0,1819.25,1811.75,1815.0,,155.0,7.0
2014-01-16,1819.0,1822.5,1816.75,1817.0,,155.0,4.0
2014-01-15,1819.0,1824.5,1819.0,1822.25,,155.0,32.0
2014-01-14,1800.0,1813.5,1795.75,1813.5,,138.0,3.0
2014-01-13,1800.0,1800.0,1791.75,1795.75,,136.0,10.0
2014-01-10,1815.25,1818.0,1809.5,1818.0,,132.0,0.0
2014-01-09,1813.5,1816.5,1806.75,1813.5,,132.0,0.0
2014-01-08,1813.0,1813.0,1808.5,1813.0,,132.0,0.0
2014-01-07,1811.0,1813.5,1811.0,1811.0,,132.0,0.0
2014-01-06,1801.0,1806.75,1801.0,1801.0,,132.0,0.0
2014-01-03,1806.0,1811.75,1802.5,1806.0,,132.0,7.0
2014-01-02,1811.75,1811.75,1804.25,1807.0,,130.0,6.0
2013-12-31,1819.75,1826.25,1819.75,1821.5,,130.0,1.0
2013-12-30,1814.25,1816.75,1814.25,1815.0,,130.0,0.0
2013-12-27,1816.25,1816.25,1816.25,1816.25,,130.0,0.0
2013-12-26,1816.0,1816.0,1816.0,1816.0,,130.0,0.0
2013-12-24,1808.5,1808.5,1808.5,1808.5,,130.0,1.0
2013-12-23,1801.0,1802.25,1801.0,1802.25,,130.0,3.0
2013-12-20,1787.25,1793.75,1787.25,1793.75,,130.0,3.0
2013-12-19,1780.0,1781.5,1775.75,1781.5,,129.0,21.0
2013-12-18,1756.25,1783.75,1749.0,1783.75,,137.0,10.0
2013-12-17,1760.0,1760.5,1751.5,1752.5,,137.0,16.0
2013-12-16,1755.5,1762.25,1743.5,1760.0,,132.0,8.0
2013-12-13,1748.75,1750.5,1748.25,1748.25,,130.0,1.0
2013-12-12,1750.0,1750.0,1748.5,1748.5,,129.0,2.0
2013-12-11,1771.0,1771.0,1754.5,1754.5,,128.0,2.0
2013-12-10,1778.5,1779.5,1776.75,1776.75,,127.0,0.0
2013-12-09,1782.5,1782.5,1782.5,1782.5,,129.0,2.0
2013-12-06,1770.75,1778.5,1770.75,1778.5,,129.0,5.0
2013-12-05,1758.25,1758.25,1757.5,1757.5,,126.0,0.0
2013-12-04,1765.25,1766.0,1757.75,1765.25,,126.0,2.0
2013-12-03,1767.5,1767.5,1760.0,1765.0,,125.0,5.0
2013-12-02,1780.0,1780.0,1773.25,1773.25,,120.0,0.0
2013-11-29,1777.5,1777.5,1777.5,1777.5,,120.0,0.0
2013-11-27,1777.75,1777.75,1777.75,1777.75,,120.0,0.0
2013-11-26,1775.25,1775.25,1775.25,1775.25,,120.0,56.0
2013-11-25,1779.0,1779.5,1774.25,1775.5,,111.0,0.0
2013-11-22,1774.5,1774.5,1774.5,1774.5,,111.0,0.0
2013-11-21,1767.0,1767.0,1767.0,1767.0,,111.0,36.0
2013-11-20,1753.0,1761.0,1753.0,1753.0,,111.0,0.0
2013-11-19,1758.75,1758.75,1758.75,1758.75,,111.0,0.0
2013-11-18,1762.5,1762.5,1762.5,1762.5,,111.0,0.0
2013-11-15,1767.25,1767.25,1767.25,1767.25,,111.0,1.0
2013-11-14,1755.0,1761.5,1755.0,1761.5,,111.0,0.0
2013-11-13,1752.5,1752.5,1734.0,1752.5,,111.0,0.0
2013-11-12,1738.5,1738.5,1738.5,1738.5,,111.0,0.0
2013-11-11,1741.25,1741.25,1741.25,1741.25,,111.0,0.0
2013-11-08,1739.5,1739.5,1716.5,1739.5,,111.0,4.0
2013-11-07,1735.0,1741.75,1718.75,1718.75,,107.0,0.0
2013-11-06,1739.25,1739.25,1739.25,1739.25,,107.0,0.0
2013-11-05,1730.0,1730.0,1730.0,1730.0,,107.0,0.0
2013-11-04,1736.5,1736.5,1736.5,1736.5,,107.0,0.0
2013-11-01,1728.25,1728.25,1728.25,1728.25,,107.0,0.0
2013-10-31,1724.5,1724.5,1724.5,1724.5,,107.0,16.0
2013-10-30,1741.75,1741.75,1728.0,1734.0,,105.0,0.0
2013-10-29,1740.75,1740.75,1740.75,1740.75,,105.0,0.0
2013-10-28,1732.25,1732.25,1732.25,1732.25,,105.0,0.0
2013-10-25,1727.25,1727.25,1727.25,1727.25,,105.0,0.0
2013-10-24,1722.0,1722.0,1722.0,1722.0,,105.0,0.0
2013-10-23,1715.25,1715.25,1714.5,1715.25,,105.0,0.0
2013-10-22,1722.75,1722.75,1722.75,1722.75,,105.0,0.0
2013-10-21,1711.5,1711.5,1711.5,1711.5,,105.0,0.0
2013-10-18,1710.0,1710.0,1710.0,1710.0,,105.0,0.0
2013-10-17,1701.25,1701.25,1701.25,1701.25,,105.0,0.0
2013-10-16,1686.75,1686.75,1686.75,1686.75,,105.0,0.0
2013-10-15,1665.5,1680.25,1665.5,1665.5,,105.0,0.0
2013-10-14,1677.75,1677.75,1663.25,1677.75,,105.0,0.0
2013-10-11,1672.5,1672.5,1653.0,1672.5,,105.0,5.0
2013-10-10,1635.25,1658.5,1635.25,1658.5,,105.0,0.0
2013-10-09,1622.0,1625.75,1619.75,1622.0,,105.0,0.0
2013-10-08,1623.75,1641.5,1623.75,1623.75,,105.0,0.0
2013-10-07,1641.0,1641.0,1641.0,1641.0,,105.0,4.0
2013-10-04,1642.75,1658.0,1642.75,1658.0,,105.0,0.0
2013-10-03,1643.0,1643.0,1642.75,1643.0,,105.0,10.0
2013-10-02,1649.25,1659.0,1649.25,1656.5,,100.0,0.0
2013-10-01,1662.75,1662.75,1662.75,1662.75,,100.0,2.0
2013-09-30,1647.75,1655.75,1644.5,1647.75,,100.0,0.0
2013-09-27,1659.75,1668.0,1658.25,1659.75,,100.0,0.0
2013-09-26,1667.0,1669.75,1667.0,1667.0,,100.0,2.0
2013-09-25,1666.5,1667.5,1660.5,1660.5,,100.0,0.0
2013-09-24,1667.0,1673.75,1664.75,1667.0,,100.0,230.0
2013-09-23,1675.25,1675.25,1667.25,1667.25,0.0,0.0,0.0
2013-09-20,1675.5,1675.5,1675.5,1675.5,0.0,0.0,0.0
2013-09-19,1690.0,1690.0,1690.0,1690.0,0.0,0.0,0.0
2013-09-18,1690.5,1690.5,1690.5,1690.5,0.0,0.0,0.0
