Date,Open,High,Low,Adj Close,Volume,Prev Day OI,Prev Day Volume
2012-12-19,1406.75,1406.75,1406.75,1406.75,0,0,0
2012-12-20,1414,1414,1414,1414,0,0,0
2012-12-21,1399.5,1399.5,1399.5,1399.5,0,0,0
2012-12-24,1393.25,1393.25,1393.25,1393.25,0,0,0
2012-12-26,1387,1387,1387,1387,0,0,0
2012-12-27,1384.5,1384.5,1384.5,1384.5,0,0,0
2012-12-28,1357.5,1357.5,1357.5,1357.5,0,0,0
2012-12-31,1393.75,1393.75,1393.75,1393.75,0,0,0
2013-01-02,1430.5,1430.5,1430.5,1430.5,0,0,0
2013-01-03,1427,1427,1427,1427,0,0,0
2013-01-04,1431.25,1431.25,1431.25,1431.25,0,0,0
2013-01-07,1429.25,1429.25,1429.25,1429.25,0,0,0
2013-01-08,1425.75,1425.75,1425.75,1425.75,,0,5
2013-01-09,1429.25,1429.25,1429.25,1429.25,0,0,0
2013-01-10,1440.5,1440.5,1440.5,1440.5,0,0,0
2013-01-11,1440.5,1440.5,1440.5,1440.5,0,0,0
2013-01-14,1437.75,1437.75,1437.75,1437.75,0,0,0
2013-01-15,1438.5,1438.5,1438.5,1438.5,0,0,0
2013-01-16,1439,1439,1439,1439,0,0,0
2013-01-17,1449,1449,1449,1449,0,0,0
2013-01-18,1452.25,1452.25,1452.25,1452.25,0,0,0
2013-01-22,1462.75,1462.75,1462.75,1462.75,0,0,0
2013-01-23,1463.75,1463.75,1463.75,1463.75,0,0,0
2013-01-24,1465.25,1465.25,1465.25,1465.25,0,0,0
2013-01-25,1469,1469,1469,1469,0,0,0
2013-01-28,1470.75,1470.75,1470.75,1470.75,0,0,0
2013-01-29,1478.75,1478.75,1478.75,1478.75,0,0,0
2013-01-30,1469,1469,1469,1469,0,0,0
2013-01-31,1467.25,1467.25,1467.25,1467.25,0,0,0
2013-02-01,1480.75,1480.75,1480.75,1480.75,0,0,0
2013-02-04,1467.5,1467.5,1467.5,1467.5,0,0,0
2013-02-05,1480,1480,1480,1480,0,0,0
2013-02-06,1481,1481,1481,1481,0,0,0
2013-02-07,1479.5,1479.5,1479.5,1479.5,0,0,0
2013-02-08,1486.5,1486.5,1486.5,1486.5,0,0,0
2013-02-11,1487.25,1487.25,1487.25,1487.25,0,0,0
2013-02-12,1490.5,1490.5,1490.5,1490.5,0,0,0
2013-02-13,1491.5,1491.5,1491.5,1491.5,0,0,0
2013-02-14,1493,1493,1493,1493,0,0,0
2013-02-15,1492,1492,1492,1492,0,0,0
2013-02-19,1502.75,1502.75,1502.75,1502.75,0,0,0
2013-02-20,1482,1482,1482,1482,0,0,0
2013-02-21,1476,1476,1476,1476,0,0,0
2013-02-22,1489.5,1489.5,1489.5,1489.5,0,0,0
2013-02-25,1462.25,1462.25,1462.25,1462.25,0,0,0
2013-02-26,1467.25,1467.25,1467.25,1467.25,0,0,0
2013-02-27,1490.5,1490.5,1490.5,1490.5,0,0,0
2013-02-28,1488.25,1488.25,1488.25,1488.25,0,0,0
2013-03-01,1491.5,1491.5,1491.5,1491.5,0,0,0
2013-03-04,1501,1501,1501,1501,0,0,0
2013-03-05,1512.75,1512.75,1512.75,1512.75,0,0,0
2013-03-06,1518,1518,1515.5,1515.5,0,0,0
2013-03-07,1518.75,1518.75,1518.75,1518.75,,1,1
2013-03-08,1526.75,1526.75,1517,1526,,1,0
2013-03-11,1518,1532,1518,1532,,2,2
2013-03-12,1528,1528,1528,1528,,4,2
2013-03-13,1531,1531,1531,1531,,4,0
2013-03-14,1540.5,1540.5,1536.75,1536.75,,4,0
2013-03-15,1534.25,1534.25,1534.25,1534.25,,4,1
2013-03-15,1527.25,1527.25,1527.25,1527.25,0,0,0
2013-03-18,1514.5,1532.25,1512.5,1527.5,,4,0
2013-03-18,1520.5,1520.5,1520.5,1520.5,0,0,0
2013-03-19,1531.5,1531.5,1514.25,1523.25,,6,12
2013-03-19,1516.25,1516.25,1516.25,1516.25,0,0,0
2013-03-20,1530.25,1530.25,1530.25,1530.25,,7,19
2013-03-20,1523.25,1523.25,1523.25,1523.25,0,0,0
2013-03-21,1525.75,1525.75,1520.25,1520.25,,7,0
2013-03-21,1513.25,1513.25,1513.25,1513.25,0,0,0
2013-03-22,1532.5,1533.25,1532.5,1533.25,,9,4
2013-03-22,1526.25,1526.25,1526.25,1526.25,0,0,0
2013-03-25,1539,1539.5,1524.5,1528.25,,10,1
2013-03-25,1521.25,1521.25,1521.25,1521.25,0,0,0
2013-03-26,1534.25,1538.5,1534.25,1538.5,,10,6
2013-03-26,1531.5,1531.5,1531.5,1531.5,0,0,0
2013-03-27,1538,1538,1538,1538,,9,3
2013-03-27,1525,1531,1525,1531,0,0,0
2013-03-28,1544,1544,1544,1544,,9,0
2013-03-28,1533,1537,1533,1537,,1,1
2013-04-01,1540.5,1542.5,1537,1537,,9,0
2013-04-01,1530,1530,1530,1530,,0,1
2013-04-02,1541,1549.25,1541,1545.5,,11,6
2013-04-02,1538.5,1538.5,1538.5,1538.5,0,0,0
2013-04-03,1539,1539,1529.5,1529.5,,10,6
2013-04-03,1522.5,1522.5,1522.5,1522.5,0,0,0
2013-04-04,1535.5,1535.5,1535.5,1535.5,,12,4
2013-04-04,1517.75,1528.5,1517.75,1528.5,0,0,0
2013-04-05,1533.5,1533.5,1527,1527,,12,0
2013-04-05,1520,1520,1520,1520,,0,4
2013-04-08,1540.25,1540.25,1540.25,1540.25,,12,1
2013-04-08,1533.25,1533.25,1533.25,1533.25,0,0,0
2013-04-09,1540.75,1544.25,1540.25,1544.25,,12,0
2013-04-09,1537.25,1537.25,1537.25,1537.25,0,0,0
2013-04-10,1551,1564,1551,1564,,10,2
2013-04-10,1557,1557,1557,1557,0,0,0
2013-04-11,1563,1569,1563,1569,,11,3
2013-04-11,1562,1562,1562,1562,0,0,0
2013-04-12,1567,1567,1560,1563,,14,3
2013-04-12,1562,1562,1556,1556,0,0,0
2013-04-15,1551.75,1551.75,1524.5,1524.5,,22,10
2013-04-15,1541,1541,1517.5,1517.5,,11,11
2013-04-16,1530.25,1549.75,1530.25,1549.75,,21,4
2013-04-16,1542.75,1542.75,1542.75,1542.75,,11,11
2013-04-17,1527.25,1527.25,1527.25,1527.25,,20,1
2013-04-17,1520.25,1520.25,1520.25,1520.25,,11,0
2013-04-18,1515.25,1515.25,1515.25,1515.25,,20,7
2013-04-18,1508.25,1508.25,1508.25,1508.25,0,0,0
2013-04-19,1528.75,1528.75,1528.75,1528.75,,20,0
2013-04-19,1518,1521.75,1518,1521.75,0,0,0
2013-04-22,1537,1537,1537,1537,,20,0
2013-04-22,1530,1530,1530,1530,,1,1
2013-04-23,1532.5,1555,1532.5,1555,,20,0
2013-04-23,1548,1548,1548,1548,,1,0
2013-04-24,1554,1558.5,1554,1555.5,,27,10
2013-04-24,1548.5,1548.5,1548.5,1548.5,,1,0
2013-04-25,1568,1568,1563,1563,,29,4
2013-04-25,1556,1556,1556,1556,,1,0
2013-04-26,1554.75,1557.75,1554.75,1557.75,,28,6
2013-04-26,1550.75,1550.75,1550.75,1550.75,,1,0
2013-04-29,1567.5,1572.25,1567.5,1569.5,,30,2
2013-04-29,1562.5,1562.5,1562.5,1562.5,,1,0
2013-04-30,1569.25,1573.5,1563.25,1573.5,,32,5
2013-04-30,1566.5,1566.5,1566.5,1566.5,,1,0
2013-05-01,1573,1574.25,1558.5,1558.5,,35,10
2013-05-01,1551.5,1551.5,1551.5,1551.5,,1,0
2013-05-02,1571,1579.75,1569.5,1573.75,,33,24
2013-05-02,1571.25,1571.25,1566.75,1566.75,,1,0
2013-05-03,1574.25,1590,1573.75,1590,,33,13
2013-05-03,1583,1583,1583,1583,,2,1
2013-05-06,1591.5,1594.75,1591.5,1594.75,,51,30
2013-05-06,1587.75,1587.75,1587.75,1587.75,,2,0
2013-05-07,1592.75,1602,1592,1602,,52,2
2013-05-07,1595,1595,1595,1595,,2,0
2013-05-08,1610.25,1610.25,1610.25,1610.25,,57,8
2013-05-08,1603.25,1603.25,1603.25,1603.25,,2,0
2013-05-09,1611.5,1611.5,1606.25,1606.25,,57,0
2013-05-09,1600.25,1600.25,1595,1599.25,,2,0
2013-05-10,1611.25,1611.25,1611.25,1611.25,,62,5
2013-05-10,1603.5,1604.25,1603.5,1604.25,,7,7
2013-05-13,1612.25,1612.25,1612.25,1612.25,,62,0
2013-05-13,1605,1605.25,1605,1605.25,,7,6
2013-05-14,1620,1629.75,1620,1629.75,,62,0
2013-05-14,1622.75,1622.75,1622.75,1622.75,,7,1
2013-05-15,1626,1641,1625.5,1636.25,,64,3
2013-05-15,1630,1630,1629.25,1629.25,,7,0
2013-05-16,1639.25,1639.25,1630.25,1630.25,,68,18
2013-05-16,1622.5,1623.25,1622.5,1623.25,,5,2
2013-05-17,1640.75,1650,1640.75,1645,,68,3
2013-05-17,1638,1638,1638,1638,,5,1
2013-05-20,1649.75,1652,1644.5,1646.75,,123,59
2013-05-20,1639.75,1639.75,1639.75,1639.75,,5,0
2013-05-21,1652.25,1652.25,1647.75,1647.75,,127,8
2013-05-21,1640.75,1640.75,1640.75,1640.75,,5,0
2013-05-22,1650,1662,1633.25,1637.75,,127,2
2013-05-22,1627.5,1630.75,1627.5,1630.75,,5,0
2013-05-23,1628.5,1633.75,1617.5,1632.25,,130,10
2013-05-23,1616.5,1628,1616.5,1625.25,,6,1
2013-05-24,1621.25,1632.75,1620.25,1632.75,,123,34
2013-05-24,1625.75,1625.75,1625.75,1625.75,,7,3
2013-05-28,1650,1654,1636.75,1636.75,,123,2
2013-05-28,1649.25,1649.25,1629.75,1629.75,,7,3
2013-05-29,1626,1630,1625,1629,,126,12
2013-05-29,1615,1622,1615,1622,,8,1
2013-05-30,1635.75,1635.75,1635.75,1635.75,,129,3
2013-05-30,1628.75,1628.75,1628.75,1628.75,,9,1
2013-05-31,1625,1625,1610.75,1611.25,,129,0
2013-05-31,1634,1634,1604.25,1604.25,,9,0
2013-06-03,1612.75,1619.25,1604.75,1618.25,,125,16
2013-06-03,1611.25,1611.25,1611.25,1611.25,,25,21
2013-06-04,1625.75,1625.75,1609,1613.25,,126,11
2013-06-04,1606.25,1606.25,1606.25,1606.25,,25,0
2013-06-05,1593.75,1594.25,1589.25,1590,,132,13
2013-06-05,1596,1596,1583,1583,,25,0
2013-06-06,1594,1604.5,1586.25,1604.5,,120,15
2013-06-06,1582.5,1597.5,1574,1597.5,,28,3
2013-06-07,1612.5,1620.5,1610.25,1620.5,,99,33
2013-06-07,1606.25,1613.5,1606.25,1613.5,,31,3
2013-06-10,1622,1627.25,1622,1624.25,,104,8
2013-06-10,1617.25,1617.25,1617.25,1617.25,,30,1
2013-06-11,1609.75,1613,1609,1609.25,,111,8
2013-06-11,1603,1603,1602,1602.25,,30,0
2013-06-12,1612.25,1619.75,1592,1592,,611,511
2013-06-12,1585,1585,1585,1585,,30,5
2013-06-13,1592.75,1618.75,1580.75,1618.75,,650,60
2013-06-13,1574.5,1611.75,1574.5,1611.75,,30,0
2013-06-14,1619.75,1619.75,1606.25,1606.25,,671,37
2013-06-14,1599.25,1599.25,1599.25,1599.25,,30,1
2013-06-17,1616,1626,1614.5,1621.5,,1254,650
2013-06-17,1614.5,1614.5,1614.5,1614.5,,30,0
2013-06-18,1621,1633,1621,1632.75,,1547,324
2013-06-18,1625.75,1625.75,1625.75,1625.75,,30,0
2013-06-19,1633,1635.25,1611,1611,,1546,7
2013-06-19,1604,1604,1604,1604,,30,0
2013-06-19,1597,1597,1597,1597,0,0,0
2013-06-20,1608.75,1608.75,1567,1571.25,,1543,42
2013-06-20,1585,1585,1564.25,1564.25,,30,0
2013-06-20,1557.25,1557.25,1557.25,1557.25,0,0,0
2013-06-21,1581,1581,1559,1571.5,,1562,109
2013-06-21,1556,1564.5,1556,1564.5,,32,2
2013-06-21,1557.5,1557.5,1557.5,1557.5,0,0,0
2013-06-24,1565,1565,1542.25,1553.5,,1563,47
2013-06-24,1555.5,1559.5,1546.5,1546.5,,32,1
2013-06-24,1539.5,1539.5,1539.5,1539.5,0,0,0
2013-06-25,1546.5,1573.5,1546,1569,,1552,60
2013-06-25,1552.25,1562,1552.25,1562,,33,2
2013-06-25,1555,1555,1555,1555,0,0,0
2013-06-26,1567.25,1587,1560.75,1583,,1594,81
2013-06-26,1580.75,1582,1576,1576,,34,3
2013-06-26,1569,1569,1569,1569,0,0,0
2013-06-27,1584.5,1600.75,1584.25,1594,,1600,87
2013-06-27,1582,1587,1582,1587,,33,10
2013-06-27,1580,1580,1580,1580,0,0,0
2013-06-28,1585.25,1591.5,1582.25,1586.5,,1607,33
2013-06-28,1590,1590,1579.5,1579.5,,34,1
2013-06-28,1572.5,1572.5,1572.5,1572.5,0,0,0
2013-07-01,1583.25,1606,1581.25,1594,,2046,561
2013-07-01,1587,1587,1587,1587,,34,1
2013-07-01,1580,1580,1580,1580,0,0,0
2013-07-02,1594,1605.25,1588.5,1594.5,,2001,121
2013-07-02,1587.5,1587.5,1587.5,1587.5,,34,0
2013-07-02,1580.5,1580.5,1580.5,1580.5,0,0,0
2013-07-03,1590.5,1598,1582.5,1596.5,,2010,39
2013-07-03,1589.5,1589.5,1589.5,1589.5,,34,0
2013-07-03,1582.5,1582.5,1582.5,1582.5,0,0,0
2013-07-05,1602,1615,1599,1614.5,,1998,156
2013-07-05,1594.25,1607.5,1594.25,1607.5,,34,0
2013-07-05,1600.5,1600.5,1600.5,1600.5,0,0,0
2013-07-08,1616.75,1624.75,1616.75,1622.75,,2004,23
2013-07-08,1615.75,1615.75,1615.75,1615.75,,34,1
2013-07-08,1608.75,1608.75,1608.75,1608.75,0,0,0
2013-07-09,1626.75,1632.75,1626.75,1632.75,,2010,33
2013-07-09,1625.25,1625.75,1624.5,1625.75,,34,0
2013-07-09,1618.75,1618.75,1618.75,1618.75,0,0,0
2013-07-10,1630.5,1640,1629.75,1635.75,,2009,180
2013-07-10,1630,1633.25,1628.25,1628.75,,36,2
2013-07-10,1621.75,1621.75,1621.75,1621.75,0,0,0
2013-07-11,1649.25,1657.75,1649,1657.25,,2014,18
2013-07-11,1639,1650.25,1639,1650.25,,217,185
2013-07-11,1643.25,1643.25,1643.25,1643.25,0,0,0
2013-07-12,1656.75,1658.75,1655.75,1657.5,,2006,45
2013-07-12,1655.75,1655.75,1650.5,1650.5,,217,2
2013-07-12,1643.5,1643.5,1643.5,1643.5,0,0,0
2013-07-15,1662.5,1666.25,1662.5,1664.5,,2007,9
2013-07-15,1657.75,1659,1657.5,1657.5,,218,1
2013-07-15,1650.5,1650.5,1650.5,1650.5,,1,1
2013-07-16,1663.25,1666,1654,1658.5,,2013,26
2013-07-16,1651,1658.5,1647.25,1651.5,,219,1
2013-07-16,1644.5,1644.5,1644.5,1644.5,,1,0
2013-07-17,1659.25,1667.25,1653.5,1662.75,,2022,27
2013-07-17,1656.75,1656.75,1648.75,1656,,222,5
2013-07-17,1649,1649,1649,1649,,1,0
2013-07-18,1661.5,1675.25,1659.75,1667.75,,2039,224
2013-07-18,1652.5,1666.75,1652.5,1661,,220,161
2013-07-18,1654,1654,1654,1654,,1,0
2013-07-19,1663.75,1678,1663,1676.75,,2046,62
2013-07-19,1670,1670,1670,1670,,221,2
2013-07-19,1663,1663,1663,1663,,1,0
2013-07-22,1679,1681,1673.25,1677.5,,2058,108
2013-07-22,1671,1673.75,1667,1671,,221,0
2013-07-22,1664,1664,1664,1664,,1,0
2013-07-23,1679.5,1682.5,1674,1675.5,,2060,17
2013-07-23,1674.25,1675.5,1669,1669,,220,3
2013-07-23,1662,1662,1662,1662,,1,0
2013-07-24,1675.25,1682,1665,1671,,2061,16
2013-07-24,1671,1671.25,1664,1664.5,,223,3
2013-07-24,1657.5,1657.5,1657.5,1657.5,,1,0
2013-07-25,1667,1673.5,1659.5,1671.25,,2054,80
2013-07-25,1662.25,1664.5,1658.5,1664.5,,223,4
2013-07-25,1657.5,1657.5,1657.5,1657.5,,1,0
2013-07-26,1673.75,1676,1658.25,1674,,2065,69
2013-07-26,1661.75,1667.25,1657.25,1667.25,,223,1
2013-07-26,1660.25,1660.25,1654.5,1660.25,,1,0
2013-07-29,1671,1674.75,1664.25,1669.75,,2063,70
2013-07-29,1663,1663,1663,1663,,223,2
2013-07-29,1656,1656,1656,1656,,1,0
2013-07-30,1673.75,1675.25,1665.25,1672,,2075,33
2013-07-30,1665.25,1667.25,1658.75,1665.25,,223,0
2013-07-30,1658.25,1658.25,1658.25,1658.25,,4,4
2013-07-31,1670.75,1681,1667.75,1667.75,,2082,42
2013-07-31,1668.25,1675,1661,1661,,223,0
2013-07-31,1654,1661,1654,1654,,4,0
2013-08-01,1678.25,1690.5,1676.5,1687.5,,2082,14
2013-08-01,1680,1682,1677,1680.75,,430,207
2013-08-01,1673.75,1673.75,1673.75,1673.75,,4,0
2013-08-02,1690,1691.75,1683.75,1691,,2088,52
2013-08-02,1684.5,1684.5,1684.5,1684.5,,427,4
2013-08-02,1669,1677.5,1669,1677.5,,4,0
2013-08-05,1688.75,1691.75,1686.5,1689.5,,2091,4
2013-08-05,1683,1683,1681,1683,,427,4
2013-08-05,1676,1676,1676,1676,,6,4
2013-08-06,1686.5,1690,1676.25,1681,,2090,7
2013-08-06,1674.25,1674.25,1670.25,1674.25,,427,0
2013-08-06,1667.25,1667.25,1667.25,1667.25,,6,0
2013-08-07,1676.75,1676.75,1668.25,1675.25,,2089,17
2013-08-07,1668.5,1668.5,1663.75,1668.5,,427,0
2013-08-07,1661.5,1661.5,1660.5,1661.5,,6,0
2013-08-08,1678.25,1683.5,1672,1680.75,,2082,34
2013-08-08,1668.5,1675.25,1666,1674,,427,0
2013-08-08,1667,1667,1667,1667,,6,0
2013-08-09,1680.75,1682.75,1670.25,1673.25,,2206,157
2013-08-09,1668.5,1668.5,1663.75,1666.5,,428,1
2013-08-09,1661.25,1661.25,1659.5,1659.5,,6,0
2013-08-12,1670,1675,1663,1674.25,,2213,28
2013-08-12,1667.5,1667.75,1660,1667.5,,429,2
2013-08-12,1660.5,1660.5,1655.25,1660.5,,6,1
2013-08-13,1675.25,1681,1667,1678,,2214,16
2013-08-13,1671.25,1672,1664.75,1671.25,,429,0
2013-08-13,1664.25,1664.25,1658.75,1664.25,,6,0
2013-08-14,1676,1679.75,1668.75,1669,,2335,161
2013-08-14,1662.5,1662.5,1662.5,1662.5,,429,0
2013-08-14,1661.25,1661.25,1655.5,1655.5,,6,0
2013-08-15,1666.25,1668.75,1642.75,1642.75,,2356,42
2013-08-15,1646,1646,1636.25,1636.25,,429,0
2013-08-15,1636,1636,1629.25,1629.25,,6,1
2013-08-16,1643.25,1648.75,1637.25,1638,,2375,76
2013-08-16,1640,1645.75,1631,1631.5,,429,4
2013-08-16,1624.5,1624.5,1624.5,1624.5,,6,3
2013-08-19,1637.25,1644,1629.75,1631.75,,2382,45
2013-08-19,1630,1636.25,1623.75,1625.25,,426,28
2013-08-19,1618.25,1618.25,1618.25,1618.25,,6,0
2013-08-20,1632,1643.75,1628.5,1637.25,,2384,39
2013-08-20,1625,1634.75,1625,1630.75,,426,4
2013-08-20,1623.75,1623.75,1623.75,1623.75,,6,0
2013-08-21,1637.25,1641.25,1622.25,1623.25,,2387,35
2013-08-21,1616.5,1616.5,1616.5,1616.5,,427,1
2013-08-21,1609.5,1609.5,1609.5,1609.5,,6,0
2013-08-22,1618.75,1644,1618.75,1641.5,,2389,169
2013-08-22,1635,1637.25,1635,1635,,427,0
2013-08-22,1628,1628,1628,1628,,6,0
2013-08-23,1644,1649.25,1637.25,1648.25,,2392,42
2013-08-23,1638,1642.25,1634.25,1641.5,,427,0
2013-08-23,1634.5,1634.5,1634.5,1634.5,,6,0
2013-08-26,1650.25,1654.25,1640.75,1641,,2375,72
2013-08-26,1643.75,1646.75,1634.25,1634.5,,428,1
2013-08-26,1627.5,1627.5,1627.5,1627.5,,6,0
2013-08-27,1640,1642.25,1613.75,1615,,2403,56
2013-08-27,1608.25,1634.75,1607.25,1608.25,,432,15
2013-08-27,1601.25,1601.25,1601.25,1601.25,,6,0
2013-08-28,1619.5,1625.75,1612.25,1619,,2472,119
2013-08-28,1612.25,1618.25,1607.5,1612.5,,432,0
2013-08-28,1605.5,1605.5,1605.5,1605.5,,6,0
2013-08-29,1617.5,1631.25,1615.25,1623.5,,2465,39
2013-08-29,1617,1624,1609,1617,,432,1
2013-08-29,1610,1611.25,1610,1610,,6,0
2013-08-30,1630.25,1631.25,1613,1618,,2468,34
2013-08-30,1611.5,1624,1607.25,1611.5,,432,0
2013-08-30,1604.5,1604.5,1604.5,1604.5,,6,0
2013-09-03,1625,1636.25,1618.5,1625.75,,2471,23
2013-09-03,1619.25,1629,1619.25,1619.25,,432,2
2013-09-03,1612.25,1615.5,1612.25,1612.25,,6,0
2013-09-04,1628.25,1641,1622.5,1640,,2479,46
2013-09-04,1632,1633.75,1616.75,1633.5,,435,3
2013-09-04,1626.5,1626.5,1626.5,1626.5,,6,0
2013-09-05,1640.75,1644.5,1637.75,1639.5,,2440,75
2013-09-05,1633,1637.25,1631.25,1633,,436,11
2013-09-05,1626,1626,1626,1626,,6,0
2013-09-06,1638.75,1650.5,1626.25,1640.25,,2437,16
2013-09-06,1640.5,1643.25,1619.75,1633.75,,436,0
2013-09-06,1634.75,1634.75,1618.5,1626.75,,6,0
2013-09-09,1645.25,1658,1639.75,1655.75,,2464,128
2013-09-09,1642,1651,1642,1649.25,,436,12
2013-09-09,1642.25,1642.25,1642.25,1642.25,,6,1
2013-09-10,1657.25,1670,1657.25,1669,,2460,112
2013-09-10,1657,1663,1657,1662.75,,438,2
2013-09-10,1655.75,1655.75,1655.75,1655.75,,6,0
2013-09-11,1668,1676.5,1665,1675.75,,2564,183
2013-09-11,1661.75,1669.5,1658.75,1669.5,,442,2
2013-09-11,1662.5,1662.5,1662.5,1662.5,,6,0
2013-09-12,1676,1676.5,1668.5,1671.75,,2952,491
2013-09-12,1667.75,1667.75,1662.25,1665.5,,442,4
2013-09-12,1658.5,1658.5,1657,1658.5,,6,0
2013-09-13,1669,1676.75,1668,1675.5,,2953,58
2013-09-13,1665,1669.25,1661.5,1669.25,,441,6
2013-09-13,1662.25,1662.25,1656.75,1662.25,,6,0
2013-09-16,1683.25,1696.75,1681.5,1684.5,,2941,105
2013-09-16,1685,1690,1678.25,1678.25,,441,8
2013-09-16,1671.25,1679,1671.25,1671.25,,6,0
2013-09-17,1683.75,1692.5,1681.25,1691.5,,2777,555
2013-09-17,1675.5,1685.75,1675.5,1685.25,,443,10
2013-09-17,1678.25,1678.25,1678.25,1678.25,,6,0
2013-09-18,1691.5,1716,1685,1711.25,,2840,164
2013-09-18,1685.75,1709,1681.25,1704.5,,440,7
2013-09-18,1673,1700.5,1673,1697.5,,6,0
2013-09-18,1690.5,1690.5,1690.5,1690.5,0,0,0
2013-09-19,1711.5,1719.75,1707,1710.75,,3419,902
2013-09-19,1706.5,1713,1700.75,1704,,444,23
2013-09-19,1697,1701,1697,1697,,7,1
2013-09-19,1690,1690,1690,1690,0,0,0
2013-09-20,1710,1712.75,1694.5,1695.5,,4012,889
2013-09-20,1698.75,1705,1688.75,1689,,451,5
2013-09-20,1692,1696.75,1682.5,1682.5,,7,0
2013-09-20,1675.5,1675.5,1675.5,1675.5,0,0,0
2013-09-23,1698.75,1700.5,1682.75,1686,,4938,3309
2013-09-23,1689,1693,1677.25,1679.25,,476,7
2013-09-23,1675.5,1684.75,1672,1673.25,,12,5
2013-09-23,1675.25,1675.25,1667.25,1667.25,0,0,0
2013-09-24,1686.25,1694,1681,1685.75,,5103,2572
2013-09-24,1675.5,1686.75,1675,1679,,455,75
2013-09-24,1669,1678.75,1669,1673,,33,61
2013-09-24,1667,1673.75,1664.75,1667,,100,230
2013-09-25,1685.25,1688,1677.75,1679,,4898,3346
2013-09-25,1675.75,1680.75,1671.75,1672.5,,498,64
2013-09-25,1672.5,1672.5,1666.5,1666.5,,34,1
2013-09-25,1666.5,1667.5,1660.5,1660.5,,100,0
2013-09-26,1680.75,1690.5,1679.25,1685.75,,5106,5458
2013-09-26,1673,1683.25,1673,1679,,765,335
2013-09-26,1673,1675.25,1673,1673,,37,3
2013-09-26,1667,1669.75,1667,1667,,100,2
2013-09-27,1687.25,1688.25,1673.5,1679.5,,5099,3420
2013-09-27,1670,1681.25,1667.5,1673,,765,1
2013-09-27,1666.5,1666.5,1664.25,1666.5,,37,0
2013-09-27,1659.75,1668,1658.25,1659.75,,100,0
2013-09-30,1670,1674,1660.25,1667.5,,5161,2577
2013-09-30,1663.75,1666.75,1654.5,1661,,766,7
2013-09-30,1655.75,1655.75,1654.25,1654.25,,37,0
2013-09-30,1647.75,1655.75,1644.5,1647.75,,100,0
2013-10-01,1672.75,1685.25,1668.75,1682.75,,5769,7350
2013-10-01,1665,1678,1663,1676,,764,5
2013-10-01,1669.5,1669.5,1669.5,1669.5,,36,2
2013-10-01,1662.75,1662.75,1662.75,1662.75,,100,2
2013-10-02,1684.25,1684.5,1666.75,1676.5,,5694,5131
2013-10-02,1669.75,1677.5,1660.75,1669.75,,964,203
2013-10-02,1663,1663,1656,1663,,36,0
2013-10-02,1649.25,1659,1649.25,1656.5,,100,0
2013-10-03,1675.25,1677.75,1656.75,1663,,5523,7878
2013-10-03,1659,1670.5,1650.5,1656,,962,0
2013-10-03,1649.5,1649.5,1645.75,1649.5,,236,223
2013-10-03,1643,1643,1642.75,1643,,105,10
2013-10-04,1663.25,1679,1661,1678,,6002,4328
2013-10-04,1655.25,1671.5,1654.75,1671.25,,967,29
2013-10-04,1664.75,1664.75,1664.75,1664.75,,236,0
2013-10-04,1642.75,1658,1642.75,1658,,105,0
2013-10-07,1669,1673,1660,1661,,5811,6306
2013-10-07,1659.5,1659.5,1654.25,1654.25,,967,1
2013-10-07,1647.5,1647.5,1647.5,1647.5,,236,0
2013-10-07,1641,1641,1641,1641,,105,4
2013-10-08,1661.75,1664.75,1640,1643.75,,6587,6251
2013-10-08,1647,1657.25,1635.75,1637,,968,11
2013-10-08,1653.25,1653.25,1630.25,1630.25,,236,0
2013-10-08,1623.75,1641.5,1623.75,1623.75,,105,0
2013-10-09,1642.75,1651.25,1633.5,1642,,7400,4588
2013-10-09,1643.25,1647.5,1627.5,1635.25,,1167,212
2013-10-09,1628.75,1635,1622,1628.75,,233,5
2013-10-09,1622,1625.75,1619.75,1622,,105,0
2013-10-10,1644.25,1681,1641.5,1678.25,,8751,9047
2013-10-10,1652,1671.75,1652,1671.75,,1168,8
2013-10-10,1665,1666,1665,1665,,233,0
2013-10-10,1635.25,1658.5,1635.25,1658.5,,105,0
2013-10-11,1676.5,1693.25,1666.75,1692.25,,10160,7788
2013-10-11,1670.75,1685.75,1665.5,1685.75,,1074,106
2013-10-11,1679,1679,1659,1679,,233,0
2013-10-11,1672.5,1672.5,1653,1672.5,,105,5
2013-10-14,1678.75,1700,1674.25,1697.5,,10677,4156
2013-10-14,1670.5,1692.5,1668.25,1691,,982,122
2013-10-14,1684.5,1684.5,1666.25,1684.5,,233,0
2013-10-14,1677.75,1677.75,1663.25,1677.75,,105,0
2013-10-15,1699.75,1702.75,1683.75,1685.5,,12028,4566
2013-10-15,1694.5,1694.5,1678.5,1678.5,,983,9
2013-10-15,1672,1688.25,1672,1672,,233,0
2013-10-15,1665.5,1680.25,1665.5,1665.5,,105,0
2013-10-16,1688.75,1710.25,1685,1706.75,,12786,5730
2013-10-16,1690.25,1703,1684.75,1700,,1075,353
2013-10-16,1689,1693.25,1689,1693.25,,233,0
2013-10-16,1686.75,1686.75,1686.75,1686.75,,105,0
2013-10-17,1705.5,1722,1700,1721.25,,13149,5114
2013-10-17,1698,1714.5,1693.5,1714.5,,1236,172
2013-10-17,1700,1707.75,1700,1707.75,,234,1
2013-10-17,1701.25,1701.25,1701.25,1701.25,,105,0
2013-10-18,1720.5,1733.5,1720.5,1730,,13463,1844
2013-10-18,1714,1726.25,1714,1723,,1240,11
2013-10-18,1716.5,1716.5,1716.5,1716.5,,240,6
2013-10-18,1710,1710,1710,1710,,105,0
2013-10-21,1730.5,1735.75,1728.5,1731.5,,15282,5862
2013-10-21,1726,1728,1722.25,1724.75,,1246,25
2013-10-21,1718.25,1719.75,1718.25,1718.25,,240,0
2013-10-21,1711.5,1711.5,1711.5,1711.5,,105,0
2013-10-22,1730.75,1747.5,1729.75,1742.75,,17237,3609
2013-10-22,1731,1740.5,1723,1736,,1247,4
2013-10-22,1729.5,1733,1717.5,1729.5,,240,0
2013-10-22,1722.75,1722.75,1722.75,1722.75,,105,0
2013-10-23,1742,1742,1728.25,1735.25,,19255,7266
2013-10-23,1727.5,1728.5,1722,1728.5,,1247,6
2013-10-23,1721.75,1721.75,1716,1721.75,,240,0
2013-10-23,1715.25,1715.25,1714.5,1715.25,,105,0
2013-10-24,1734.75,1745,1733.5,1742,,19891,3678
2013-10-24,1727.25,1737.25,1727.25,1735,,1243,6
2013-10-24,1728.5,1730,1721.5,1728.5,,240,0
2013-10-24,1722,1722,1722,1722,,105,0
2013-10-25,1742,1748.75,1736.75,1747.25,,21855,3471
2013-10-25,1737.5,1741.75,1730.5,1740.5,,1347,144
2013-10-25,1733.5,1734,1724.5,1734,,240,0
2013-10-25,1727.25,1727.25,1727.25,1727.25,,105,0
2013-10-28,1747.75,1755.25,1745.25,1752.25,,23259,2796
2013-10-28,1746.5,1748.25,1738.5,1745.5,,1348,9
2013-10-28,1739,1740.25,1733.5,1739,,239,1
2013-10-28,1732.25,1732.25,1732.25,1732.25,,105,0
2013-10-29,1751.5,1762,1748.25,1760.8,,24123,3442
2013-10-29,1750.25,1754.25,1741.75,1754,,1348,18
2013-10-29,1737,1747.5,1736.25,1747.5,,239,0
2013-10-29,1740.75,1740.75,1740.75,1740.75,,105,0
2013-10-30,1761,1766.5,1745,1754,,28318,7003
2013-10-30,1756,1759.25,1743,1747.25,,1349,7
2013-10-30,1745.25,1745.25,1737.5,1740.5,,239,2
2013-10-30,1741.75,1741.75,1728,1734,,105,0
2013-10-31,1750.5,1757.25,1743.75,1744.5,,31292,8256
2013-10-31,1748.25,1750.25,1737.75,1737.75,,1348,29
2013-10-31,1731,1742.5,1731,1731,,239,1
2013-10-31,1724.5,1724.5,1724.5,1724.5,,107,16
2013-11-01,1747.25,1754.25,1740.75,1748.25,,37306,16315
2013-11-01,1744.25,1747.25,1734.25,1741.5,,1347,11
2013-11-01,1730.5,1739.5,1729.75,1735,,239,0
2013-11-01,1728.25,1728.25,1728.25,1728.25,,107,0
2013-11-04,1747.25,1757.5,1747.25,1756.5,,36909,2313
2013-11-04,1744.5,1750,1740.5,1749.75,,1345,12
2013-11-04,1743,1743,1743,1743,,239,1
2013-11-04,1736.5,1736.5,1736.5,1736.5,,107,0
2013-11-05,1754.75,1757,1743.75,1750,,37016,1219
2013-11-05,1747,1747.75,1737.5,1743.25,,1346,6
2013-11-05,1736.75,1736.75,1732,1736.75,,239,0
2013-11-05,1730,1730,1730,1730,,107,0
2013-11-06,1750,1763.5,1749.5,1759,,43103,7701
2013-11-06,1751.5,1756.25,1743,1752.5,,1370,36
2013-11-06,1742.75,1748.25,1742.75,1745.75,,239,0
2013-11-06,1739.25,1739.25,1739.25,1739.25,,107,0
2013-11-07,1756.5,1767.75,1735.75,1738.75,,43357,2564
2013-11-07,1752.5,1760.75,1729.5,1732,,1378,26
2013-11-07,1738.5,1752.5,1723.75,1725.5,,240,1
2013-11-07,1735,1741.75,1718.75,1718.75,,107,0
2013-11-08,1738.5,1761.25,1729.5,1759.5,,45194,5185
2013-11-08,1735,1754.25,1723.5,1752.75,,1453,109
2013-11-08,1746.25,1746.25,1722.25,1746.25,,240,1
2013-11-08,1739.5,1739.5,1716.5,1739.5,,111,4
2013-11-11,1758.75,1763.5,1756.5,1761,,46393,6369
2013-11-11,1754.5,1756.5,1750.25,1754.5,,1725,321
2013-11-11,1747.75,1748.75,1744.5,1747.75,,240,0
2013-11-11,1741.25,1741.25,1741.25,1741.25,,111,0
2013-11-12,1761,1763,1752,1758.5,,49804,4925
2013-11-12,1756,1756,1745.5,1751.75,,1725,15
2013-11-12,1745.25,1748,1740.25,1745.25,,240,0
2013-11-12,1738.5,1738.5,1738.5,1738.5,,111,0
2013-11-13,1759,1775.25,1748,1772,,50783,4374
2013-11-13,1751.25,1768.5,1741.5,1765.5,,1725,6
2013-11-13,1759,1759,1740.25,1759,,240,0
2013-11-13,1752.5,1752.5,1734,1752.5,,111,0
2013-11-14,1773.25,1782.25,1770.5,1781,,53210,4848
2013-11-14,1768.5,1775.25,1764.75,1774.5,,1785,90
2013-11-14,1766,1768,1758.75,1768,,240,0
2013-11-14,1755,1761.5,1755,1761.5,,111,0
2013-11-15,1780.25,1789,1780.25,1787,,54735,4674
2013-11-15,1774,1782.25,1774,1780.25,,1788,67
2013-11-15,1773.75,1774.75,1773.75,1773.75,,241,1
2013-11-15,1767.25,1767.25,1767.25,1767.25,,111,1
2013-11-18,1787.75,1793,1778.5,1782,,59023,6002
2013-11-18,1781,1786,1772,1775.5,,1793,24
2013-11-18,1772.5,1778.25,1766.75,1769,,241,0
2013-11-18,1762.5,1762.5,1762.5,1762.5,,111,0
2013-11-19,1782.5,1787,1775.75,1778.5,,62445,5849
2013-11-19,1776.25,1780,1769.25,1772,,1818,94
2013-11-19,1765.5,1765.5,1765.5,1765.5,,242,1
2013-11-19,1758.75,1758.75,1758.75,1758.75,,111,0
2013-11-20,1778.75,1787.25,1768.25,1773,,63359,3446
2013-11-20,1774.5,1780.25,1761.5,1766.5,,1793,47
2013-11-20,1760,1772.75,1756.25,1760,,242,0
2013-11-20,1753,1761,1753,1753,,111,0
2013-11-21,1773,1788.75,1769.25,1787,,63467,3466
2013-11-21,1766.5,1781.75,1762.5,1780.5,,1783,30
2013-11-21,1770,1774,1757,1773.75,,232,36
2013-11-21,1767,1767,1767,1767,,111,36
2013-11-22,1786.75,1796.5,1785.5,1794.5,,64631,5528
2013-11-22,1781.25,1790,1779,1788,,1787,51
2013-11-22,1781.25,1781.25,1781.25,1781.25,,235,5
2013-11-22,1774.5,1774.5,1774.5,1774.5,,111,0
2013-11-25,1795,1802.5,1792,1795.75,,72577,14569
2013-11-25,1789.25,1795.25,1785.5,1789,,1795,31
2013-11-25,1782.5,1787.5,1782.5,1782.5,,235,0
2013-11-25,1779,1779.5,1774.25,1775.5,,111,0
2013-11-26,1794.75,1800.25,1792.25,1795.5,,73854,3001
2013-11-26,1790.75,1793.5,1785.75,1788.75,,1800,64
2013-11-26,1782,1782,1782,1782,,235,0
2013-11-26,1775.25,1775.25,1775.25,1775.25,,120,56
2013-11-27,1795.25,1801,1794.5,1798,,81762,19451
2013-11-27,1789,1794,1788.25,1791,,1770,67
2013-11-27,1784.75,1784.75,1784.75,1784.75,,235,0
2013-11-27,1777.75,1777.75,1777.75,1777.75,,120,0
2013-11-29,1798.5,1805.75,1796.5,1797.75,,98042,24181
2013-11-29,1793.25,1799,1790,1791,,1986,543
2013-11-29,1785,1785.25,1784.5,1784.5,,683,510
2013-11-29,1777.5,1777.5,1777.5,1777.5,,120,0
2013-12-02,1799.5,1802.5,1790.75,1793.25,,105989,15717
2013-12-02,1793,1795.25,1784,1786.5,,2237,276
2013-12-02,1780,1780,1780,1780,,685,2
2013-12-02,1780,1780,1773.25,1773.25,,120,0
2013-12-03,1793.25,1795.25,1779.75,1785,,110954,13152
2013-12-03,1786,1788,1773.5,1778.25,,2200,304
2013-12-03,1771.75,1771.75,1768,1771.75,,685,0
2013-12-03,1767.5,1767.5,1760,1765,,125,5
2013-12-04,1785.5,1793,1771.5,1785.25,,136973,40196
2013-12-04,1778.25,1785.75,1765,1778.5,,2158,57
2013-12-04,1772,1778,1759.25,1772,,685,0
2013-12-04,1765.25,1766,1757.75,1765.25,,126,2
2013-12-05,1785.75,1788,1775.5,1777.5,,141038,21031
2013-12-05,1776.25,1780.75,1769.25,1770.75,,2182,84
2013-12-05,1764.25,1772.75,1763.5,1764.25,,685,0
2013-12-05,1758.25,1758.25,1757.5,1757.5,,126,0
2013-12-06,1777.5,1799.5,1777.5,1798.5,,159329,38445
2013-12-06,1772,1792.25,1771,1791.75,,2188,52
2013-12-06,1785.25,1785.25,1785.25,1785.25,,685,0
2013-12-06,1770.75,1778.5,1770.75,1778.5,,129,5
2013-12-09,1799.75,1805,1798.5,1802.75,,184545,66924
2013-12-09,1794.75,1797.75,1792,1795.75,,2222,279
2013-12-09,1790.75,1790.75,1789.5,1789.5,,685,0
2013-12-09,1782.5,1782.5,1782.5,1782.5,,129,2
2013-12-10,1802.75,1805.25,1794.75,1796.75,,221695,67905
2013-12-10,1797.5,1798.25,1788.25,1790,,2285,133
2013-12-10,1783.5,1791.25,1783,1783.5,,691,6
2013-12-10,1778.5,1779.5,1776.75,1776.75,,127,0
2013-12-11,1798,1801.5,1773.25,1774.5,,306095,130771
2013-12-11,1791.5,1794.5,1766.75,1767.75,,2275,132
2013-12-11,1772.5,1786.75,1761.5,1761.5,,691,0
2013-12-11,1771,1771,1754.5,1754.5,,128,2
2013-12-12,1774.25,1777.75,1765.5,1768.5,,563420,370512
2013-12-12,1768.75,1770.75,1759,1761.75,,2238,344
2013-12-12,1760,1763,1754,1755.25,,684,1
2013-12-12,1750,1750,1748.5,1748.5,,129,2
2013-12-13,1767,1776.75,1765.5,1768.5,,957167,833656
2013-12-13,1764,1769.5,1758.5,1761.5,,2328,652
2013-12-13,1755,1762.5,1754,1755,,685,5
2013-12-13,1748.75,1750.5,1748.25,1748.25,,130,1
2013-12-16,1768.5,1786.25,1754,1780.25,,1445598,1558496
2013-12-16,1763.5,1778.5,1747,1773.25,,2691,632
2013-12-16,1755.25,1771.5,1741.75,1767,,685,1
2013-12-16,1755.5,1762.25,1743.5,1760,,132,8
2013-12-17,1778.25,1782.5,1770.25,1773,,1895612,1793231
2013-12-17,1773,1775.5,1763.5,1766,,2684,181
2013-12-17,1759.75,1768.5,1757.75,1759.5,,687,9
2013-12-17,1760,1760.5,1751.5,1752.5,,137,16
2013-12-18,1772,1806.75,1760.75,1804.75,,2327433,1826251
2013-12-18,1766.75,1799,1754,1797.5,,2764,283
2013-12-18,1765,1792,1754.25,1790.75,,687,101
2013-12-18,1756.25,1783.75,1749,1783.75,,137,10
2013-12-19,1804,1806.75,1795,1802,,2580060,2702375
2013-12-19,1797.25,1799.25,1788,1795,,2980,839
2013-12-19,1788.75,1791.75,1782.25,1788.25,,690,6
2013-12-19,1780,1781.5,1775.75,1781.5,,129,21
2013-12-20,1802.5,1818,1802.5,1814.5,,2658894,1516505
2013-12-20,1796.5,1811,1796,1807.5,,3131,698
2013-12-20,1791,1803.25,1791,1800.75,,690,21
2013-12-20,1787.25,1793.75,1787.25,1793.75,,130,3
2013-12-23,1817,1824.5,1816.75,1822.75,,2720791,1356110
2013-12-23,1810,1817.5,1810,1816,,4010,1925
2013-12-23,1806.75,1810.25,1806.75,1809,,687,5
2013-12-23,1801,1802.25,1801,1802.25,,130,3
2013-12-24,1822.75,1829.5,1820.5,1829,,2734782,737153
2013-12-24,1814.25,1822.25,1813.75,1822.25,,4066,1036
2013-12-24,1808.75,1815.5,1808,1815.5,,687,1
2013-12-24,1808.5,1808.5,1808.5,1808.5,,130,1
2013-12-26,1830,1837.75,1829.75,1836.5,,2745200,314408
2013-12-26,1822.75,1831,1822.75,1829.75,,4111,314
2013-12-26,1819.75,1823.75,1819.75,1823,,691,8
2013-12-26,1816,1816,1816,1816,,130,0
2013-12-27,1836.5,1840,1833.25,1836.5,,2758851,438937
2013-12-27,1829.5,1833,1826.75,1829.75,,4063,373
2013-12-27,1821,1826,1820.5,1823.25,,701,13
2013-12-27,1816.25,1816.25,1816.25,1816.25,,130,0
2013-12-30,1836,1838.5,1833.5,1834.75,,2765187,622702
2013-12-30,1829.5,1831.5,1827,1828,,4052,618
2013-12-30,1824,1824.75,1820.75,1821.75,,702,3
2013-12-30,1814.25,1816.75,1814.25,1815,,130,0
2013-12-31,1835.5,1846.5,1834.25,1841,,2754443,581577
2013-12-31,1828.25,1839.75,1828,1834.5,,4956,2582
2013-12-31,1828.25,1833,1828.25,1828.25,,724,127
2013-12-31,1819.75,1826.25,1819.75,1821.5,,130,1
2014-01-02,1837.75,1840.75,1821.75,1826.5,,2782880,653055
2014-01-02,1833,1834,1815.25,1820,,5630,2450
2014-01-02,1815,1815,1809.5,1814,,724,1
2014-01-02,1811.75,1811.75,1804.25,1807,,130,6
2014-01-03,1827.25,1833,1820.5,1825.5,,2781562,1243227
2014-01-03,1821.25,1826.25,1814.25,1819,,9781,9231
2014-01-03,1810.5,1819.75,1808.5,1812.75,,770,277
2014-01-03,1806,1811.75,1802.5,1806,,132,7
2014-01-06,1824,1832.5,1817.25,1820.75,,2779107,961601
2014-01-06,1818,1825.75,1811,1814,,9985,1536
2014-01-06,1806.25,1819.25,1805.25,1808,,769,12
2014-01-06,1801,1806.75,1801,1801,,132,0
2014-01-07,1819.75,1834.75,1819.5,1830.75,,2766711,1369207
2014-01-07,1814,1828,1813.5,1824,,10508,2389
2014-01-07,1810.5,1821.75,1807.75,1818,,769,338
2014-01-07,1811,1813.5,1811,1811,,132,0
2014-01-08,1830.75,1834.75,1825.5,1832.5,,2775966,1162443
2014-01-08,1823.75,1828.25,1818.75,1826,,12110,4740
2014-01-08,1818.25,1821.75,1813.25,1820,,2154,1516
2014-01-08,1813,1813,1808.5,1813,,132,0
2014-01-09,1831.75,1839,1824.25,1833,,2781053,1330414
2014-01-09,1824.75,1832,1817.75,1826.5,,12196,2882
2014-01-09,1823.75,1826,1812,1820.5,,2152,5
2014-01-09,1813.5,1816.5,1806.75,1813.5,,132,0
2014-01-10,1833.25,1842.5,1826.25,1837.75,,2794685,1324605
2014-01-10,1826.75,1835.5,1820,1831,,12864,3055
2014-01-10,1827,1829.5,1814.25,1825,,2146,17
2014-01-10,1815.25,1818,1809.5,1818,,132,0
2014-01-13,1838.5,1838.75,1809.5,1815,,2818929,1455887
2014-01-13,1832,1832.75,1803.25,1808.5,,13519,3227
2014-01-13,1820,1825.5,1797.25,1802.5,,2466,370
2014-01-13,1800,1800,1791.75,1795.75,,136,10
2014-01-14,1815.75,1834.25,1812.75,1833,,2842950,1710408
2014-01-14,1809,1827.5,1806.25,1826.25,,13903,2637
2014-01-14,1801.75,1820.5,1800.5,1820.25,,2465,36
2014-01-14,1800,1813.5,1795.75,1813.5,,138,3
2014-01-15,1833,1845.75,1831.5,1841.5,,2868227,1595178
2014-01-15,1826.5,1839,1825,1835,,14665,3899
2014-01-15,1824.5,1832.5,1819.25,1829,,2462,72
2014-01-15,1819,1824.5,1819,1822.25,,155,32
2014-01-16,1841.5,1843.75,1834.5,1836.25,,2875586,1260095
2014-01-16,1834.75,1836.75,1828,1829.5,,15072,3604
2014-01-16,1830.5,1830.5,1822,1823.5,,2465,21
2014-01-16,1819,1822.5,1816.75,1817,,155,4
2014-01-17,1838,1842.75,1829.25,1834.25,,2878637,952497
2014-01-17,1831,1836,1822.75,1827.75,,15626,3212
2014-01-17,1823.75,1829.25,1816.75,1821.5,,2467,23
2014-01-17,1815,1819.25,1811.75,1815,,155,7
2014-01-21,1834,1844,1826.25,1838.5,,2855526,1182782
2014-01-21,1827,1837.25,1819.75,1831.75,,15980,2466
2014-01-21,1822.75,1830.75,1814,1825.75,,2468,27
2014-01-21,1821,1825,1808.5,1819,,154,6
2014-01-22,1837.5,1843.25,1834.75,1838.5,,2852205,1329662
2014-01-22,1830.25,1836.25,1828.25,1832,,16613,3588
2014-01-22,1823.75,1830,1822.25,1826,,2465,24
2014-01-22,1819.25,1822.25,1817.25,1819.25,,159,6
2014-01-23,1839,1844,1813.75,1824.25,,2848291,941604
2014-01-23,1833,1837.25,1807.5,1817.5,,17386,2947
2014-01-23,1827.75,1830.75,1801.25,1811.25,,2512,58
2014-01-23,1811,1821.5,1796.25,1804.5,,159,0
2014-01-24,1824,1828,1780,1782,,2873168,1815516
2014-01-24,1817.25,1821.25,1773.25,1775.25,,19094,5689
2014-01-24,1812.25,1814.5,1767.75,1769,,2551,59
2014-01-24,1782,1806.75,1762,1762.5,,161,10
2014-01-27,1781.75,1792,1767,1775.75,,2894357,2566321
2014-01-27,1774.25,1785.25,1760.5,1768.75,,20980,9942
2014-01-27,1763,1778.25,1754.5,1762.5,,2906,593
2014-01-27,1766,1766.5,1753.25,1756,,165,9
2014-01-28,1771.25,1797,1771,1788.25,,2881669,2776036
2014-01-28,1767.25,1790,1767,1781.5,,21713,9069
2014-01-28,1763,1783.5,1763,1775,,2808,202
2014-01-28,1764,1769.75,1762,1768.5,,168,9
2014-01-29,1796,1801.25,1764,1771.25,,2884678,1726338
2014-01-29,1788.75,1794.5,1757.5,1764.5,,24338,7894
2014-01-29,1786,1787.5,1751.25,1758,,2817,36
2014-01-29,1761,1775.25,1751,1751.5,,169,5
2014-01-30,1770,1793.75,1767.75,1781.25,,2915163,2740741
2014-01-30,1765.5,1786.75,1761,1774.5,,27911,10677
2014-01-30,1760,1780,1755,1768,,2829,145
2014-01-30,1756.25,1771.25,1749.5,1761.5,,174,16
2014-01-31,1783.5,1788.25,1761.25,1776.5,,2882901,1824579
2014-01-31,1776.75,1781.25,1754.75,1769.75,,31275,6900
2014-01-31,1769.5,1774.5,1748.25,1763.25,,2838,128
2014-01-31,1760.75,1760.75,1756,1756,,174,39
2014-02-03,1777.5,1783.75,1732.25,1732.75,,2910899,2389820
2014-02-03,1772,1776.75,1725.5,1726,,33264,6986
2014-02-03,1760.75,1770,1719.25,1719.25,,2837,346
2014-02-03,1745.75,1761.5,1712,1712,,171,7
2014-02-04,1738.25,1753.5,1734,1743.75,,2974534,3026524
2014-02-04,1730,1746.5,1727.25,1736.75,,36815,10503
2014-02-04,1725,1739.5,1721.5,1730.25,,2882,135
2014-02-04,1720,1730.5,1720,1723,,175,15
2014-02-05,1744.25,1750.75,1732,1744,,2944236,2325416
2014-02-05,1739,1743.5,1725.25,1737,,38663,6532
2014-02-05,1721.25,1736.75,1718.75,1730.25,,2888,59
2014-02-05,1723,1727.75,1713.5,1723,,174,2
2014-02-06,1744.75,1769.75,1744,1766.5,,2948425,2075514
2014-02-06,1739.25,1762.75,1737.25,1759.5,,42460,9093
2014-02-06,1734,1755.75,1732.5,1752.75,,2876,65
2014-02-06,1736,1747,1736,1745.75,,176,4
2014-02-07,1768,1794,1758.25,1793.5,,2948744,1739245
2014-02-07,1761,1786.75,1751.75,1786.5,,46811,8726
2014-02-07,1758.5,1779.75,1745.5,1779.5,,2974,258
2014-02-07,1752.5,1772.5,1745,1772.5,,175,10
2014-02-10,1793,1796,1786.25,1794.75,,2981889,2344919
2014-02-10,1786.5,1788.75,1779.5,1787.5,,49324,6399
2014-02-10,1777.25,1781.25,1773.25,1780.75,,2881,190
2014-02-10,1771,1773.75,1767.5,1773.75,,174,24
2014-02-11,1795.25,1819.5,1794.25,1813.5,,2990620,1148560
2014-02-11,1787.75,1812.25,1787.5,1806.5,,53880,6532
2014-02-11,1783.5,1805.25,1783.5,1799.75,,2896,902
2014-02-11,1778,1796.5,1778,1792.5,,173,2
2014-02-12,1813.25,1823.25,1811.25,1817,,3016462,1764385
2014-02-12,1806.5,1816.25,1804.5,1810,,58758,9466
2014-02-12,1797.75,1809,1797.75,1803.5,,2909,80
2014-02-12,1790.75,1802,1790.75,1796.25,,170,10
2014-02-13,1816.75,1827,1802.25,1824.25,,3033223,1385941
2014-02-13,1809.25,1820,1795.5,1817.25,,61508,13151
2014-02-13,1799.75,1813,1788.75,1810.5,,2727,2351
2014-02-13,1794.5,1803.5,1783.75,1803.5,,171,3
2014-02-14,1823.75,1838.75,1816,1835,,3053239,1645236
2014-02-14,1816,1831.75,1809.25,1828,,64458,5985
2014-02-14,1811,1824.75,1802.5,1821.25,,2745,158
2014-02-14,1797.5,1815,1797.5,1814,,173,3
2014-02-18,1833.5,1840.25,1831.5,1837.5,,3062413,1365228
2014-02-18,1827.25,1833.25,1824.5,1830.5,,68130,6600
2014-02-18,1823.5,1826.25,1818.25,1823.75,,2762,163
2014-02-18,1814,1816.5,1813.75,1816.5,,170,8
2014-02-19,1837.25,1844.5,1823.25,1825.5,,3091043,1210508
2014-02-19,1830.75,1837.5,1816.75,1818.5,,69794,5490
2014-02-19,1819,1830.5,1810,1811.75,,2762,35
2014-02-19,1804.5,1804.5,1804.5,1804.5,,167,8
2014-02-20,1826,1840.25,1817.25,1836.25,,3119786,1771087
2014-02-20,1820.75,1833.25,1810.5,1829.25,,72426,7246
2014-02-20,1805.5,1826.25,1804,1822.5,,2746,145
2014-02-20,1803.25,1820,1802.25,1815,,168,1
2014-02-21,1836,1844,1832.75,1834.25,,3137291,1608588
2014-02-21,1829,1836.75,1826,1827.25,,75854,8687
2014-02-21,1825.25,1829.75,1819.5,1820.5,,2758,98
2014-02-21,1813,1813,1813,1813,,169,17
2014-02-24,1835.25,1856.75,1829.25,1846,,3158062,1316655
2014-02-24,1828.25,1849.5,1822.5,1839,,77576,7686
2014-02-24,1820,1842.5,1816.5,1832,,2765,79
2014-02-24,1821,1833.75,1810,1824.75,,170,1
2014-02-25,1844.75,1851,1837.25,1846.25,,3131431,1612323
2014-02-25,1838.25,1843.75,1830.5,1839.25,,78944,6691
2014-02-25,1831.75,1836.75,1824,1832.5,,2787,70
2014-02-25,1828,1828,1818,1825,,168,10
2014-02-26,1847.5,1853.25,1838,1842,,3108523,1566204
2014-02-26,1840.25,1846,1831.25,1835,,79519,8161
2014-02-26,1833,1839.25,1824.75,1828.25,,2777,72
2014-02-26,1829.5,1830.25,1818.75,1820.75,,163,7
2014-02-27,1843.75,1855.75,1832.75,1854,,3111778,1464320
2014-02-27,1836.5,1848.5,1826,1847,,80602,4027
2014-02-27,1826.25,1841.25,1819.5,1840,,2791,29
2014-02-27,1825,1832.75,1817.5,1832.75,,164,5
2014-02-28,1854.5,1866.5,1845.25,1857.5,,3122222,1615828
2014-02-28,1847.75,1859.25,1838.5,1850.5,,89106,15840
2014-02-28,1840.5,1852.5,1832,1843.75,,2588,376
2014-02-28,1831.5,1843.5,1828,1836.5,,166,17
2014-03-03,1846,1849.5,1832.25,1843,,3110444,2106508
2014-03-03,1840,1842.5,1825,1836,,95443,19259
2014-03-03,1830.25,1835.75,1818.75,1829.25,,2595,153
2014-03-03,1822,1822,1822,1822,,163,5
2014-03-04,1843.75,1874.75,1843.5,1871.5,,3165575,2376689
2014-03-04,1837.5,1867.75,1836.75,1864.5,,109259,31822
2014-03-04,1831.25,1859.75,1831.25,1857.75,,2608,383
2014-03-04,1850,1850.5,1850,1850.5,,164,1
2014-03-05,1870.75,1875.5,1867.75,1872.5,,3183505,1750397
2014-03-05,1863.5,1868.25,1860.75,1865.25,,114771,18028
2014-03-05,1854.5,1861.25,1854.25,1858.5,,2633,115
2014-03-05,1854,1854,1848.5,1851.25,,160,4
2014-03-06,1873.75,1881,1871,1876.25,,3181131,1254803
2014-03-06,1866,1874,1864.25,1869,,129306,27182
2014-03-06,1858.5,1866.75,1857.5,1862,,2627,63
2014-03-06,1855.5,1858,1855,1855,,162,2
2014-03-07,1876.25,1887.5,1869.25,1878,,3146004,1283006
2014-03-07,1869.5,1880.5,1862.25,1871,,163414,46447
2014-03-07,1863.25,1873,1855.75,1864,,2659,261
2014-03-07,1856.5,1857.5,1856.5,1856.5,,166,7
2014-03-10,1875.5,1878.75,1865.75,1877.25,,3104782,1756169
2014-03-10,1868.75,1871.75,1858.75,1870,,188304,49223
2014-03-10,1857.25,1864.25,1851.75,1862.75,,2664,198
2014-03-10,1848,1855.5,1848,1855.5,,169,3
2014-03-11,1876.25,1882.25,1863,1865.25,,3080700,1167755
2014-03-11,1869.5,1875,1855.75,1858,,227903,67815
2014-03-11,1863.25,1866.75,1848,1851,,2694,231
2014-03-11,1850,1850,1843.5,1843.5,,170,7
2014-03-12,1864.75,1869,1853.75,1867.75,,3050825,1609666
2014-03-12,1857.5,1861.75,1846.75,1860.75,,314285,156638
2014-03-12,1850.25,1854.25,1839.5,1853.5,,3176,1176
2014-03-12,1839.5,1846,1834,1846,,221,70
2014-03-13,1868.75,1875,1841.5,1846.75,,3000644,1666288
2014-03-13,1861.5,1867.75,1834.5,1839.75,,456005,220481
2014-03-13,1856.75,1860.25,1827.5,1832.5,,3156,505
2014-03-13,1849.25,1851.5,1821.5,1825.25,,472,275
2014-03-14,1847.25,1853,1839,1840,,2574695,2346907
2014-03-14,1840,1846.25,1832,1833,,935257,1144194
2014-03-14,1833.25,1838.5,1825,1825.75,,3175,551
2014-03-14,1830,1831,1818.5,1818.5,,475,5
2014-03-17,1839.5,1862.75,1830.5,1857.75,,2120009,1309202
2014-03-17,1832.25,1855.75,1823.5,1850.75,,1552144,2197833
2014-03-17,1825.5,1848.25,1816.75,1843.5,,3346,518
2014-03-17,1816.75,1840.5,1810,1836.25,,499,48
2014-03-18,1858.75,1874,1852.5,1870.75,,1781171,797416
2014-03-18,1851.75,1867,1845.5,1863.75,,2004732,1854428
2014-03-18,1845.75,1859.5,1838.75,1856.5,,3604,688
2014-03-18,1842.5,1851.75,1832,1849.25,,516,30
2014-03-19,1871,1874.5,1849.5,1859.75,,1349263,871094
2014-03-19,1864,1867.5,1842,1852.25,,2525016,2054342
2014-03-19,1855.75,1860,1835.25,1845,,3541,634
2014-03-19,1852,1852.75,1828.25,1838,,531,28
2014-03-20,1858.5,1874.25,1852.5,1873.75,,1166011,640709
2014-03-20,1851.25,1866.5,1844.75,1866,,2756352,2004270
2014-03-20,1845.25,1859.75,1837.75,1859,,3582,789
2014-03-20,1834.5,1852,1831,1852,,653,207
2014-03-21,1873,1893.3,1870.75,1893.3,,1074234,344340
2014-03-21,1864.75,1876.75,1855.5,1857,,2814864,1671773
2014-03-21,1857.25,1869.5,1848.5,1850,,3958,855
2014-03-21,1853.5,1862,1841.25,1842.5,,660,43
2014-03-24,1855.5,1866,1841.25,1849.5,,2815873,1750423
2014-03-24,1848.5,1858.75,1834.5,1842.25,,3965,1273
2014-03-24,1842.75,1851.25,1827.5,1835,,656,46
2014-03-25,1850.25,1864.5,1848,1859.25,,2807336,1835881
2014-03-25,1843.5,1857.25,1841,1852,,4114,1360
2014-03-25,1836.5,1847.25,1834,1844.75,,654,28
2014-03-26,1859,1868.75,1841.5,1842.5,,2796385,1657649
2014-03-26,1852.25,1861.5,1834.75,1835.5,,4066,930
2014-03-26,1845,1853.5,1827.5,1828.25,,672,96
2014-03-27,1845,1848.5,1834,1840.5,,2805754,1898746
2014-03-27,1837,1841,1827,1833.5,,4654,2294
2014-03-27,1832,1833.5,1820,1826.25,,1162,540
2014-03-28,1843.5,1859.5,1841.5,1850.5,,2788523,2031166
2014-03-28,1836.5,1852.25,1834.5,1843.25,,4166,2480
2014-03-28,1838,1844.5,1836,1836,,1168,33
2014-03-31,1855,1868,1855,1864.5,,2790968,1502152
2014-03-31,1847.75,1860.75,1847.75,1857.5,,4399,1636
2014-03-31,1842.75,1853,1842.75,1850,,1170,8
2014-04-01,1864.5,1878.75,1862.25,1877.75,,2792893,1572419
2014-04-01,1857.25,1871.5,1855.75,1870.75,,5587,4202
2014-04-01,1856,1863.75,1848.25,1863.25,,1187,68
2014-04-02,1877.75,1886.25,1876.25,1883,,2793964,1213329
2014-04-02,1870.75,1878.75,1869,1875.75,,5843,1938
2014-04-02,1866.25,1871,1862.5,1868.25,,1188,22
2014-04-03,1882.75,1887.5,1875.5,1883,,2797469,1181442
2014-04-03,1875.75,1880,1868.5,1876,,6302,3214
2014-04-03,1867,1872.25,1861.5,1868.5,,1184,92
2014-04-04,1884.25,1892.5,1855.75,1860,,2798619,1239722
2014-04-04,1876.75,1885.25,1849,1853,,6250,1629
2014-04-04,1870,1880,1841.75,1845.5,,1185,8
2014-04-07,1861,1861.75,1834.5,1838,,2782262,2496813
2014-04-07,1853.75,1853.75,1827.5,1831,,6486,3295
2014-04-07,1844.5,1846,1820.5,1823.5,,1183,42
2014-04-08,1840,1849,1830.75,1845,,2772342,2179083
2014-04-08,1834.25,1841.5,1823.75,1837.75,,6823,3863
2014-04-08,1823,1833.5,1816.75,1830.25,,1191,68
2014-04-09,1845,1866.5,1843.75,1864.75,,2752796,1854828
2014-04-09,1837.5,1859,1836.75,1857.5,,6767,4614
2014-04-09,1833.5,1851,1829.5,1850,,1189,27
2014-04-10,1865.75,1867.5,1823.75,1827,,2740044,1414210
2014-04-10,1858.25,1860,1816.75,1819.75,,6839,3431
2014-04-10,1848,1852.25,1809.25,1812.25,,1188,21
2014-04-11,1829.5,1832,1807.25,1811.75,,2782527,2378458
2014-04-11,1819.5,1824.5,1800.25,1804.25,,7824,3165
2014-04-11,1813.5,1816.75,1793,1796.75,,2151,1002
2014-04-14,1806,1828,1803.25,1824.5,,2789974,2527152
2014-04-14,1799,1820.75,1796.25,1817,,9791,6105
2014-04-14,1790,1812.5,1788.75,1809.5,,2165,63
2014-04-15,1825,1844,1809.25,1839.5,,2792211,1885532
2014-04-15,1817.5,1835.75,1802.25,1832.25,,9954,2696
2014-04-15,1808.5,1828,1797,1824.5,,2178,38
2014-04-16,1842.75,1857,1840.5,1852.75,,2795750,2609484
2014-04-16,1834.25,1849.25,1833,1845.5,,10431,5673
2014-04-16,1826.5,1841.25,1826.5,1837.75,,2179,47
2014-04-17,1852.5,1863.75,1847.25,1858,,2757716,1643896
2014-04-17,1844.5,1856,1840,1850.5,,11148,2512
2014-04-17,1835,1848,1832,1843,,2265,126
2014-04-21,1859.25,1865.5,1856.5,1864.5,,2766655,1255343
2014-04-21,1851.25,1858,1849.5,1857,,12450,4764
2014-04-21,1844.25,1850,1842.25,1849.5,,2262,69
2014-04-22,1864.25,1878.75,1860.75,1874,,2766346,533891
2014-04-22,1857,1871,1853.75,1866.5,,11934,1583
2014-04-22,1847,1863,1846.5,1859,,2273,13
2014-04-23,1873,1880.75,1867.5,1873,,2778573,1106460
2014-04-23,1865.75,1872.75,1860.25,1865.5,,12366,1475
2014-04-23,1858,1865.5,1853.5,1858,,2276,29
2014-04-24,1879,1882.5,1863.75,1873,,2789027,1000557
2014-04-24,1872.5,1875,1856.5,1865.75,,12970,2458
2014-04-24,1863.75,1866.75,1849.5,1858.25,,2272,18
2014-04-25,1872.5,1873.75,1853,1860,,2805837,1577086
2014-04-25,1864.5,1866,1846,1852.75,,14088,2998
2014-04-25,1856.5,1856.5,1839,1845.25,,2273,14
2014-04-28,1861.75,1871.75,1844,1866,,2806635,1507792
2014-04-28,1854,1864,1836.75,1858.5,,14458,2203
2014-04-28,1850,1856.25,1830,1851,,2277,26
2014-04-29,1866,1875.25,1865,1871.75,,2816864,2065197
2014-04-29,1858,1867.75,1858,1864.5,,14595,3820
2014-04-29,1855.5,1860,1850.75,1857,,2276,38
2014-04-30,1870.5,1880.25,1866.25,1878,,2835160,1219110
2014-04-30,1863.25,1872.75,1859.25,1870.5,,14711,1826
2014-04-30,1854.75,1864.5,1851.75,1863,,2279,17
2014-05-01,1879.5,1882.75,1871.5,1877.75,,2827771,1502102
2014-05-01,1872.5,1875.25,1864.25,1870.25,,15854,3651
2014-05-01,1863.75,1867,1857.5,1862.75,,2307,102
2014-05-02,1878.75,1886,1872,1874.5,,2822994,938351
2014-05-02,1870.75,1879,1865,1867,,16439,1955
2014-05-02,1864,1870,1857.75,1859.5,,3439,1527
2014-05-05,1875.5,1880,1860.5,1875.75,,2823037,1717169
2014-05-05,1866.75,1872.5,1853.25,1868.5,,17179,3783
2014-05-05,1855.5,1864.25,1846.25,1860.75,,3547,142
2014-05-06,1877.5,1881.5,1861.75,1864.25,,2833539,1176754
2014-05-06,1870,1874,1854.5,1857,,17310,1645
2014-05-06,1861.75,1866.25,1847.5,1849.25,,3690,173
2014-05-07,1864,1875.75,1854.5,1874.25,,2829593,1379161
2014-05-07,1856.25,1868,1847.25,1866.75,,17656,2689
2014-05-07,1847.25,1860,1840,1859.25,,3690,57
2014-05-08,1874.75,1884.75,1865,1872.25,,2850823,1999538
2014-05-08,1866.5,1877.25,1858,1865,,18038,3247
2014-05-08,1860,1869.75,1850.75,1857.25,,3670,67
2014-05-09,1870.25,1875,1862.5,1873.5,,2863857,1753107
2014-05-09,1862,1867.25,1855.25,1866,,18544,3712
2014-05-09,1855.5,1859.5,1848.25,1858.5,,3663,77
2014-05-12,1874,1894,1874,1892.75,,2861995,1476536
2014-05-12,1867.25,1886.5,1867.25,1885.5,,18635,1693
2014-05-12,1860.25,1878.25,1860.25,1877.75,,3667,24
2014-05-13,1893.5,1898.5,1892,1894.25,,2903749,1183703
2014-05-13,1885.75,1891,1884.5,1887,,20312,3755
2014-05-13,1878,1883,1877.5,1879.25,,3884,272
2014-05-14,1894.75,1897.25,1882.25,1885.25,,2927690,1076997
2014-05-14,1887,1889.5,1874.75,1878,,21079,2115
2014-05-14,1880.75,1881.75,1867,1870.25,,3988,125
2014-05-15,1885.75,1888.5,1859,1867.25,,2917070,1186879
2014-05-15,1878.75,1881,1851.75,1860,,24344,7000
2014-05-15,1868.75,1873.25,1844.75,1852.5,,4030,61
2014-05-16,1867,1875.75,1861.25,1874.75,,2927173,2247238
2014-05-16,1860,1868.25,1854,1867.25,,25083,3785
2014-05-16,1848.25,1860.25,1847,1859.75,,4054,90
2014-05-19,1876.25,1883,1865.75,1882.25,,2907323,1522446
2014-05-19,1868.75,1875.5,1858.5,1875,,27513,4897
2014-05-19,1862.5,1867.5,1851,1867.25,,4092,82
2014-05-20,1881.5,1884.5,1864.75,1868,,2913686,1035685
2014-05-20,1874.25,1877,1857.5,1860.75,,28638,3710
2014-05-20,1864.5,1869.25,1850.25,1853,,4107,74
2014-05-21,1868.5,1886.5,1866.5,1885,,2926404,1564172
2014-05-21,1861.5,1879,1859.25,1877.5,,33576,7983
2014-05-21,1852,1871.25,1851.25,1870,,4112,58
2014-05-22,1883.75,1894,1882.75,1890.25,,2960598,1358710
2014-05-22,1876.75,1886.5,1875.5,1882.75,,40653,10129
2014-05-22,1871.75,1878.75,1868.5,1875,,4230,156
2014-05-23,1890.25,1899.25,1889.5,1897,,2969158,1026615
2014-05-23,1882.25,1891.75,1882.25,1889.5,,45025,5815
2014-05-23,1876,1883.75,1874.75,1881.75,,4246,114
2014-05-27,1898,1910,1897,1909.25,,2964687,761557
2014-05-27,1890.5,1902.5,1889.5,1901.75,,52031,9718
2014-05-27,1883,1894.75,1883,1894,,4283,51
2014-05-28,1909.75,1914,1904.5,1909,,2984253,922499
2014-05-28,1902,1906.5,1897.5,1901.75,,53691,4309
2014-05-28,1893.25,1898.75,1890.25,1894,,4347,94
2014-05-29,1909.75,1918,1907.25,1918,,2988976,1062079
2014-05-29,1902,1910.5,1899.75,1910.5,,59143,8554
2014-05-29,1894,1903,1892.75,1902.75,,4390,75
2014-05-30,1917,1922.25,1914.25,1921.5,,2995771,981817
2014-05-30,1909.75,1914.5,1906.75,1914,,66041,13734
2014-05-30,1902,1906.5,1899,1906.25,,4903,1259
2014-06-02,1921.25,1924.25,1913.75,1921.75,,2993669,1169034
2014-06-02,1913.5,1916.75,1906.25,1914.25,,66860,3820
2014-06-02,1905.25,1908.75,1899,1906.75,,4921,71
2014-06-03,1921.5,1923.5,1916,1922,,3000582,1053526
2014-06-03,1913.5,1916.25,1908.5,1914.75,,71848,10273
2014-06-03,1905.75,1907.75,1901.5,1907,,5149,586
2014-06-04,1922.75,1927,1916,1925.75,,2999092,948001
2014-06-04,1915.75,1919.5,1908.75,1918.25,,86475,17767
2014-06-04,1906.5,1911.25,1901.5,1910.5,,5184,64
2014-06-05,1925.5,1940.75,1921,1938.5,,3004762,917108
2014-06-05,1918.25,1933.25,1913.5,1931,,99537,19024
2014-06-05,1910.5,1925.25,1906.25,1923.5,,5221,70
2014-06-06,1938.5,1949.5,1937.75,1949.25,,3004963,1676659
2014-06-06,1930.75,1942.5,1930.25,1942,,119486,30557
2014-06-06,1924.75,1934.5,1923,1934.25,,5403,542
2014-06-09,1949.25,1954.75,1945.75,1950.25,,3002048,1205739
2014-06-09,1942,1947.25,1938.5,1942.75,,139578,33429
2014-06-09,1933.5,1939.25,1930.75,1935.25,,5350,418
2014-06-10,1949.25,1951.75,1943,1950.5,,2967325,1026966
2014-06-10,1941.75,1944.25,1935.75,1943.25,,197991,80420
2014-06-10,1934.25,1936.25,1928.25,1935.5,,5918,1008
2014-06-11,1950.75,1951,1938.5,1944,,2880779,1038073
2014-06-11,1943.5,1943.5,1931.5,1936.75,,328900,168609
2014-06-11,1936,1936,1924,1929,,6106,379
2014-06-12,1943.75,1947.75,1924.75,1930.5,,2675663,1348569
2014-06-12,1936.75,1940.5,1917.5,1923.25,,590839,319445
2014-06-12,1927.75,1932.5,1911.25,1915.5,,6645,855
2014-06-13,1930.75,1937,1926.5,1935.75,,2357317,1665612
2014-06-13,1923.5,1929.75,1919,1928.25,,997767,770064
2014-06-13,1913.75,1921.75,1911.75,1920.75,,7428,1194
2014-06-16,1934.25,1940.75,1926.5,1936.5,,1953493,945294
2014-06-16,1928,1933.5,1919,1929.25,,1494709,1525197
2014-06-16,1920,1925.5,1912.25,1921.5,,7441,266
2014-06-17,1936.5,1943.5,1931.25,1941.5,,1518849,866802
2014-06-17,1929,1935.75,1923.75,1933.75,,1991427,1739592
2014-06-17,1922.25,1928,1916.75,1926,,7636,403
2014-06-18,1941.5,1958,1938,1957,,1033625,881102
2014-06-18,1933.5,1950.25,1929.25,1949,,2500698,1817231
2014-06-18,1925.5,1942.25,1923.25,1941.5,,8169,1881
2014-06-19,1956,1960.25,1952.25,1958.5,,835246,522409
2014-06-19,1948,1952.25,1944,1950.25,,2728287,1759084
2014-06-19,1940.75,1944,1936.5,1942.5,,8260,1122
2014-06-20,1957.5,1970,1956.75,1964.52,,725602,369578
2014-06-20,1949,1956.75,1948.25,1953.25,,2802321,1422610
2014-06-20,1942.25,1948.75,1941,1945.5,,8698,1355
2014-06-23,1952.75,1959.75,1950,1953,,2821923,1162086
2014-06-23,1945.25,1952.25,1942.75,1945.25,,8824,396
2014-06-24,1951.25,1960,1939.75,1943.25,,2853357,1024411
2014-06-24,1943.5,1952.25,1932.25,1935.5,,8853,537
2014-06-25,1942.25,1953.25,1937.25,1949.5,,2855130,1530560
2014-06-25,1934,1945.25,1929.75,1941.75,,8855,3193
2014-06-26,1948.75,1952.5,1936.25,1948.75,,2872653,1532088
2014-06-26,1941,1944.75,1928.25,1941,,9031,1653
2014-06-27,1948.25,1954,1942.75,1952,,2868132,1486643
2014-06-27,1940.75,1946,1935,1944,,9323,1227
2014-06-30,1951.75,1956.75,1948,1952.5,,2891207,1176129
2014-06-30,1943.5,1948.5,1940.25,1944.5,,11322,3361
2014-07-01,1954.5,1971.75,1953.5,1965.75,,2925452,1155861
2014-07-01,1947.25,1963.75,1946,1958,,11512,1085
2014-07-02,1966.25,1970,1964.5,1967.75,,2929352,1455654
2014-07-02,1958.25,1962.5,1957,1960,,11628,1355
2014-07-03,1968,1978.25,1966,1977.5,,2915129,920982
2014-07-03,1960,1970,1958.25,1969.75,,12530,1511
2014-07-07,1975.75,1977.5,1967.25,1971,,2906788,846127
2014-07-07,1968.75,1969.25,1959.75,1963,,13585,1721
2014-07-08,1970.5,1970.75,1952.75,1960.5,,2904863,1151705
2014-07-08,1962.25,1962.25,1945,1952.5,,14981,2633
2014-07-09,1960.5,1968.25,1958.25,1967.25,,2915133,1776514
2014-07-09,1953.25,1960.25,1950.5,1959.25,,15731,2271
2014-07-10,1967.5,1968.25,1945.25,1957.75,,2915996,1393006
2014-07-10,1959.75,1960,1937.75,1950,,15736,1235
2014-07-11,1957.25,1963.5,1953,1962.5,,2908909,1972746
2014-07-11,1949,1955.5,1945.25,1954.5,,16485,4226
2014-07-14,1962.75,1974,1962.5,1971,,2880205,1364154
2014-07-14,1954.75,1965.75,1951.75,1963.25,,17717,2837
2014-07-15,1971.25,1976.25,1958.75,1968,,2909158,1003831
2014-07-15,1963.25,1968.25,1951.25,1960.25,,19627,3428
2014-07-16,1968,1978,1967,1974.75,,2918047,1905617
2014-07-16,1960.25,1970,1959.5,1967,,19621,2709
2014-07-17,1971.25,1976,1948.5,1953.5,,2927567,1320381
2014-07-17,1964,1968.25,1941,1945.75,,19714,1477
2014-07-18,1949.25,1974.25,1942.5,1971.5,,2941204,2441561
2014-07-18,1940.5,1966.25,1934.75,1963.75,,21146,3890
2014-07-21,1970.25,1971.5,1959,1966.25,,2949424,1796625
2014-07-21,1962.5,1963.5,1951.25,1958.5,,22435,4342
2014-07-22,1965.75,1980.5,1965.25,1975,,2936374,1414256
2014-07-22,1957.75,1972.5,1957.75,1967,,24121,3194
2014-07-23,1973,1983.5,1972.75,1980.75,,2934875,1274851
2014-07-23,1967,1975.25,1965.25,1973,,24319,2102
2014-07-24,1981,1985.75,1976.75,1980.75,,2941364,1149621
2014-07-24,1972.75,1977.75,1969,1972.75,,25067,2242
2014-07-25,1978.75,1980.75,1968,1971.5,,2943169,1165644
2014-07-25,1971,1972.75,1960.5,1963.5,,25065,2762
2014-07-28,1970.75,1976,1960.75,1973,,2929174,1426906
2014-07-28,1963.25,1968,1953.25,1965,,25183,1959
2014-07-29,1972.5,1979.5,1962,1963,,2938486,1368020
2014-07-29,1964.75,1971.5,1954.5,1955,,26872,3521
2014-07-30,1964.25,1974.25,1956.5,1965,,2944211,1509091
2014-07-30,1957,1966.25,1948.75,1957.25,,27672,2301
2014-07-31,1965,1965.5,1923.5,1924.75,,2928531,1768972
2014-07-31,1957.25,1957.25,1916,1917,,28232,4343
2014-08-01,1926,1932.25,1910.25,1918.5,,2936401,2772401
2014-08-01,1919.75,1924,1902.5,1910.5,,29466,7643
2014-08-04,1919.5,1937.5,1914.75,1932,,2901142,2886317
2014-08-04,1912,1929.5,1907.25,1924.25,,32323,8453
2014-08-05,1931,1933.25,1907.5,1913,,2896652,1605356
2014-08-05,1922.75,1925,1899.75,1905,,33076,2828
2014-08-06,1914.75,1923.5,1903,1914.75,,2897573,2137277
2014-08-06,1905.75,1915.25,1895.25,1907,,34078,4256
2014-08-07,1914.75,1925.75,1899.75,1905.25,,2891258,1705227
2014-08-07,1907.5,1917.75,1892,1897.5,,34459,2952
2014-08-08,1905.25,1928.25,1890.25,1923.75,,2916013,1954046
2014-08-08,1897.75,1920.25,1882.75,1916,,34731,3740
2014-08-11,1923.5,1941,1923.25,1932.5,,2901948,1904778
2014-08-11,1918.25,1933,1917,1924.75,,34714,6294
2014-08-12,1934,1938.75,1923.5,1930.5,,2910845,1178957
2014-08-12,1927,1930.5,1915.75,1922.5,,37578,6170
2014-08-13,1932.25,1946.5,1930.75,1944.75,,2920411,1234217
2014-08-13,1924.75,1938.5,1923.25,1936.75,,38470,2347
2014-08-14,1946,1955,1942,1953.5,,2932233,1120054
2014-08-14,1937.75,1947,1934.25,1945.75,,39319,3222
2014-08-15,1954.25,1961,1937.25,1952.5,,2947976,967191
2014-08-15,1946.25,1953,1929.5,1944.5,,40550,3065
2014-08-18,1955.75,1969,1955.75,1967.5,,2930057,1813411
2014-08-18,1948.25,1961,1948.25,1959.75,,41164,13700
2014-08-19,1968.5,1979.75,1968.25,1977.25,,2935727,890465
2014-08-19,1960.75,1971.75,1960.75,1969.5,,42974,4727
2014-08-20,1977.75,1986,1973,1983.25,,2960508,868384
2014-08-20,1969.5,1978,1965.5,1975.5,,43456,2211
2014-08-21,1982.75,1992,1980.75,1989.5,,2954359,1058754
2014-08-21,1974.75,1984,1973,1981.75,,46818,8137
2014-08-22,1989.75,1991.5,1981.5,1987.75,,2962627,841545
2014-08-22,1982,1983.5,1973.75,1980,,47798,2750
2014-08-25,1990,1999.75,1988.75,1995,,2959504,1115885
2014-08-25,1980.25,1991.5,1980.25,1987,,47935,3557
2014-08-26,1994.5,2002.75,1992.25,1998.5,,2972614,853066
2014-08-26,1987,1994.5,1984.5,1990.75,,49222,5825
2014-08-27,1999.25,2000.5,1993.5,1997,,2973216,878014
2014-08-27,1990.75,1992.5,1985.75,1989.25,,53714,7791
2014-08-28,1996.75,1999,1987.5,1996.75,,2996449,761368
2014-08-28,1988.25,1991.75,1979.5,1988.75,,55754,3995
2014-08-29,1999.25,2003.75,1992.25,2001.5,,3004649,1088971
2014-08-29,1990.75,1995.75,1984.5,1993.5,,61627,13036
2014-09-02,1999,2006.25,1992.75,1999.75,,3011118,1042385
2014-09-02,1991,1998.25,1984.75,1991.75,,61492,4168
2014-09-03,2000.5,2011,1996.25,1998.75,,3008458,1244899
2014-09-03,1991.75,2002.75,1988.25,1990.75,,71566,22377
2014-09-04,1998.75,2010,1990.75,1997.75,,3009547,1297828
2014-09-04,1991,2001.75,1982.75,1989.75,,88964,27707
2014-09-05,1999,2007.75,1988.25,2006,,3005614,1519084
2014-09-05,1991.25,1999.5,1980.5,1998,,121207,45297
2014-09-08,2006.5,2006.75,1994,2000.5,,2989310,1693274
2014-09-08,1998,1998,1986,1992.5,,146203,44212
2014-09-09,2000.25,2003,1983.25,1989.75,,2992833,1212909
2014-09-09,1992.5,1995,1975.25,1981.75,,185494,61986
2014-09-10,1989.5,1996.25,1981.5,1995,,3017688,1768258
2014-09-10,1981.75,1988.25,1973.75,1987,,225390,85879
2014-09-11,1994.5,1999.5,1985,1997,,2885062,1590462
2014-09-11,1986.75,1991.5,1977.25,1989,,423177,283842
2014-09-12,1999.25,1999.25,1979.5,1984.75,,2549337,1742511
2014-09-12,1991.25,1991.5,1971.25,1976.75,,945046,803889
2014-09-15,1981.75,1987.25,1972,1984.25,,2041606,1254423
2014-09-15,1973.75,1979,1968,1976,,1556670,1861290
2014-09-16,1984.75,2002.5,1978.5,1999.5,,1585550,854380
2014-09-16,1976.75,1994.5,1970.25,1991.5,,2018909,1742226
2014-09-17,1999.5,2010.75,1991.25,2001.5,,1146257,884642
2014-09-17,1991.5,2003.25,1983.25,1993.75,,2509195,2081652
2014-09-18,2003.5,2014.5,2001,2012.25,,916367,623841
2014-09-18,1995.5,2006.75,1993,2004.5,,2714990,2039712
2014-09-19,2013.5,2022.5,2013.25,2022.46,,829823,333677
2014-09-19,2006,2014.5,1998.25,2003.75,,2796367,1402964
2014-09-22,2002,2003,1982.5,1986.25,,2794169,1670453
2014-09-23,1984,1988,1968.25,1972.25,,2785075,1578996
2014-09-24,1969.75,1992.5,1969.5,1991,,2795261,1631355
2014-09-25,1990.75,1991.5,1957.75,1961.5,,2810957,1566690
2014-09-26,1961,1979.25,1956.5,1976,,2797856,2318873
2014-09-29,1974.75,1977,1955.5,1969.5,,2793774,1680945
2014-09-30,1968.75,1978.25,1960.5,1965.5,,2802910,1786769
2014-10-01,1961,1967,1933.75,1940.75,,2794635,1991628
2014-10-02,1940.75,1945.75,1918.25,1938.5,,2790666,2450968
2014-10-03,1938.5,1964.5,1935.75,1960.25,,2751445,2721573
2014-10-06,1961,1971,1950.5,1956,,2738142,1556834
2014-10-07,1953.25,1956.25,1924.5,1928,,2743862,1727529
2014-10-08,1926.25,1964,1918,1961.75,,2769360,2166031
2014-10-09,1961.5,1968.5,1915.25,1925,,2735211,2521875
2014-10-10,1917,1931.25,1893.25,1894.25,,2726452,3103761
2014-10-13,1892,1906,1864.25,1865.5,,2749030,3069299
2014-10-14,1866.25,1892.75,1864.75,1874.75,,2823640,2948075
2014-10-15,1878.25,1883.25,1813,1846.75,,2828933,3114778
2014-10-16,1846.75,1869.75,1815.25,1850.5,,2891394,4661757
2014-10-17,1853,1891.75,1851,1881,,2829253,3368379
2014-10-20,1884,1904.5,1872.25,1900,,2819776,2579053
2014-10-21,1903.5,1939.5,1885.75,1938,,2803942,1653127
2014-10-22,1938.25,1943.75,1920.25,1925,,2816714,2239114
2014-10-23,1924.5,1956.25,1922.25,1946,,2828457,2022453
2014-10-24,1946,1960.5,1931.75,1959.75,,2844152,2014997
2014-10-27,1960.25,1965.75,1944.5,1957,,2829899,1601260
2014-10-28,1957.75,1980.75,1956.75,1980,,2833776,1452059
2014-10-29,1976,1985.75,1962,1972.25,,2856633,1571000
2014-10-30,1971.75,1994.25,1959.25,1988.5,,2854076,1895667
2014-10-31,1987.75,2016.75,1986.75,2011.5,,2883991,1980796
2014-11-03,2011.25,2019.25,2007,2011,,2822107,1924396
2014-11-04,2010.5,2013.75,1995.25,2005.5,,2813514,1361523
2014-11-05,2006.25,2020.5,2003.75,2018.75,,2837987,1524332
2014-11-06,2018.5,2029.25,2010.75,2028,,2856834,1574778
2014-11-07,2027.25,2033.5,2020.5,2026,,2863233,1434905
2014-11-10,2025.75,2035,2021,2034,,2851049,1282437
2014-11-11,2033.75,2039,2031,2036.5,,2863436,967814
2014-11-12,2036.5,2037.25,2026.75,2036,,2868786,779708
2014-11-13,2034.75,2043.75,2026.75,2034,,2922873,1082280
2014-11-14,2033,2039.75,2032,2038,,2937647,1541477
2014-11-17,2038.5,2040.5,2025.25,2039.75,,2924312,1047384
2014-11-18,2039.25,2054,2035.75,2048.5,,2924370,1061143
2014-11-19,2048.75,2050.5,2037.75,2047.25,,2934115,1146480
2014-11-20,2047,2052.75,2035.25,2052,,2933002,1188471
2014-11-21,2052.25,2072.25,2049.75,2061.75,,2959677,1130058
2014-11-24,2062.25,2069,2060.75,2067.5,,2957158,1634315
2014-11-25,2067.25,2073,2062.75,2067.5,,2958213,793915
2014-11-26,2068.25,2075.25,2065.25,2072.25,,2955905,977855
2014-11-28,2074,2074.75,2063.5,2066.25,,2945186,743541
2014-12-01,2063.25,2064,2048.25,2050.75,,2959182,783116
2014-12-02,2051,2068,2050.75,2066,,2948066,1471696
2014-12-03,2066.5,2076,2063.25,2072.5,,2962937,1152160
2014-12-04,2073,2077.25,2061.25,2072,,2944324,925314
2014-12-05,2071.75,2079,2068.5,2076,,2946103,1374378
2014-12-08,2075.75,2077.5,2053.75,2059.5,,2908207,1148282
2014-12-09,2060.25,2062.25,2033.25,2057.5,,2874241,1414138
2014-12-10,2057.75,2060,2023.25,2026.5,,2818803,1893729
2014-12-11,2026.25,2056.5,2023.75,2031,,2651642,2376052
2014-12-12,2029.5,2032.25,1996.5,1997.25,,2241682,2255859
2014-12-15,1998.75,2019.25,1981.5,1990,,1818004,1487564
2014-12-16,1991.25,2018,1968.25,1971.5,,1398167,1128936
2014-12-17,1973.5,2017,1972.75,2014.25,,1000029,1219044
2014-12-18,2013.75,2068,2010.75,2065,,742173,785286
2014-12-19,2066,2079.75,2061.01,2061.01,,710791,538248