Date,Open,High,Low,Adj Close,Volume
2019-04-05,2882.5,2898.0,2880.5,2896.0,1172559
2019-04-04,2880.75,2885.75,2871.0,2882.75,1031145
2019-04-03,2866.0,2889.25,2865.25,2879.75,1210038
2019-04-02,2868.5,2873.75,2862.25,2867.0,849784
2019-04-01,2844.5,2873.5,2844.5,2870.5,1217915
2019-03-29,2820.5,2840.75,2820.25,2837.75,1432136
2019-03-28,2807.0,2824.25,2795.0,2821.0,1169686
2019-03-27,2823.5,2831.75,2791.75,2810.5,1691641
2019-03-26,2808.5,2835.0,2806.0,2823.0,1432172
2019-03-25,2813.0,2818.5,2789.5,2807.0,1758589
2019-03-22,2859.5,2864.75,2805.25,2810.75,2191677
2019-03-21,2823.75,2866.0,2813.75,2862.5,1625642
2019-03-20,2837.25,2849.25,2817.25,2827.0,1644099
2019-03-19,2841.5,2858.75,2829.0,2836.5,1459034
2019-03-18,2827.0,2842.0,2824.0,2840.5,998377
2019-03-15,2813.5,2836.5,2812.5,2829.75,1342069
2019-03-14,2821.0,2825.0,2808.5,2812.25,1231571
2019-03-13,2797.75,2826.5,2788.25,2819.5,1592906
2019-03-12,2790.0,2803.25,2785.5,2797.25,1780620
2019-03-11,2745.5,2787.5,2736.75,2784.0,1270035
2019-03-08,2749.0,2751.5,2722.0,2747.0,1359646
2019-03-07,2770.5,2776.25,2738.5,2750.0,1890655
2019-03-06,2786.5,2792.75,2768.5,2771.5,1471244
2019-03-05,2790.5,2799.0,2783.25,2791.5,1186343
2019-03-04,2814.0,2819.75,2767.5,2791.5,1743542
2019-03-01,2785.25,2808.25,2783.0,2805.0,1225267
2019-02-28,2795.25,2795.75,2781.75,2784.75,1300296
2019-02-27,2788.0,2797.25,2775.0,2795.0,1117837
2019-02-26,2795.75,2803.5,2783.25,2791.5,1171497
2019-02-25,2799.5,2814.0,2794.5,2797.0,1214030
2019-02-22,2773.5,2795.5,2770.5,2791.25,1145894
2019-02-21,2787.0,2798.0,2764.25,2774.25,1389548
2019-02-20,2777.75,2790.75,2773.25,2787.0,1241391
2019-02-19,2777.0,2787.5,2766.0,2778.75,1156206
2019-02-15,2741.25,2778.5,2729.0,2777.0,1457027
2019-02-14,2749.25,2763.0,2730.25,2743.5,1643963
2019-02-13,2743.5,2762.0,2742.75,2749.5,1181694
2019-02-12,2707.0,2748.0,2705.5,2744.75,1264777
2019-02-11,2710.75,2721.5,2700.5,2708.25,1088954
2019-02-08,2702.0,2709.0,2680.75,2706.25,1518741
2019-02-07,2727.0,2729.25,2685.5,2704.0,1876609
2019-02-06,2730.75,2736.5,2722.25,2729.5,1144424
2019-02-05,2719.5,2737.75,2716.25,2731.0,1202186
2019-02-04,2699.25,2725.0,2697.0,2721.25,995667
2019-02-01,2707.75,2716.0,2695.5,2704.25,1411322
2019-01-31,2683.5,2713.0,2675.75,2704.5,1831477
2019-01-30,2648.5,2689.75,2636.25,2682.5,1508478
2019-01-29,2640.25,2650.0,2628.5,2640.25,1216534
2019-01-28,2660.0,2663.5,2622.25,2642.0,1368593
2019-01-25,2636.25,2672.5,2634.5,2663.5,1333954
2019-01-24,2635.0,2647.5,2626.0,2634.0,1247996
2019-01-23,2630.75,2653.75,2612.5,2638.25,1549383
2019-01-22,2669.25,2673.5,2616.5,2632.0,1844470
2019-01-18,2636.75,2677.75,2632.75,2671.5,1685814
2019-01-17,2614.5,2645.5,2596.5,2635.25,1479772
2019-01-16,2605.75,2626.25,2602.5,2613.25,1274031
2019-01-15,2581.5,2613.75,2580.0,2605.5,1494266
2019-01-14,2588.5,2592.0,2567.25,2580.5,1164904
2019-01-11,2594.0,2597.75,2577.0,2595.0,1152538
2019-01-10,2580.0,2599.5,2560.5,2594.0,1485966
2019-01-09,2569.5,2596.75,2568.5,2582.5,1545615
2019-01-08,2553.25,2581.25,2547.5,2572.5,1622345
2019-01-07,2537.25,2567.5,2523.25,2550.5,1588817
2019-01-04,2451.75,2539.25,2438.5,2531.25,2274892
2019-01-03,2482.25,2493.5,2443.25,2447.75,2204484
2019-01-02,2508.0,2521.25,2452.25,2511.0,1915336
2018-12-31,2495.5,2513.0,2482.75,2505.25,1347509
2018-12-28,2491.5,2523.0,2472.75,2486.0,1943894
2018-12-27,2470.25,2498.75,2397.0,2495.0,2199475
2018-12-26,2348.5,2477.75,2313.0,2471.0,1926447
2018-12-24,2407.75,2434.5,2340.5,2341.75,1239632
2018-12-21,2485.0,2508.0,2409.25,2413.5,2915876
2018-12-20,2505.0,2518.0,2441.5,2486.25,3625398
2018-12-19,2532.0,2592.0,2489.5,2504.5,2807548
2018-12-18,2557.25,2577.75,2530.0,2538.0,2680518
2018-12-17,2594.0,2613.75,2530.5,2552.5,1552030
2018-12-14,2646.5,2648.75,2594.0,2602.0,1592105
2018-12-13,2653.0,2671.0,2637.25,2645.5,2007047
2018-12-12,2632.5,2686.5,2631.75,2652.5,1850606
2018-12-11,2644.0,2678.0,2621.25,2641.25,2233029
2018-12-10,2625.0,2648.5,2583.0,2643.0,2528426
2018-12-07,2694.25,2709.75,2623.25,2636.0,2508165
2018-12-06,2713.25,2714.0,2621.25,2691.0,3245782
2018-12-05,2699.5,2720.75,2698.0,2701.75,184485
2018-12-04,2789.75,2790.5,2696.0,2701.75,2617933
2018-12-03,2793.5,2814.0,2773.5,2790.75,1842048
2018-11-30,2742.0,2764.75,2729.0,2758.25,1418344
2018-11-29,2738.0,2754.5,2723.25,2744.25,1468632
2018-11-28,2686.25,2745.0,2681.0,2741.5,1805261
2018-11-27,2661.0,2686.75,2655.25,2683.5,1466895
2018-11-26,2633.5,2676.25,2631.5,2670.0,1337376
2018-11-23,2650.0,2656.25,2626.0,2629.5,827480
2018-11-21,2639.75,2671.25,2632.25,2649.0,1394368
2018-11-20,2696.25,2696.75,2631.75,2640.0,2498318
2018-11-19,2733.0,2748.0,2681.5,2696.25,1941981
2018-11-16,2731.75,2748.75,2708.75,2743.0,1816490
2018-11-15,2702.0,2736.75,2671.25,2734.5,2351759
2018-11-14,2731.25,2748.25,2686.25,2698.5,2236488
2018-11-13,2732.0,2755.75,2714.5,2727.5,2076087
2018-11-12,2778.75,2795.25,2722.25,2727.75,1884247
2018-11-09,2804.0,2811.25,2764.5,2779.0,1662766
2018-11-08,2815.75,2818.0,2795.0,2808.75,1291176
2018-11-07,2756.75,2817.75,2744.75,2816.5,1853834
2018-11-06,2739.0,2761.0,2729.75,2759.0,1239444
2018-11-05,2722.5,2743.75,2712.75,2739.5,1277939
2018-11-02,2724.0,2766.25,2699.5,2724.25,2302607
2018-11-01,2706.0,2741.25,2705.5,2738.0,1779694
2018-10-31,2690.75,2737.25,2682.0,2711.0,2373596
2018-10-30,2639.0,2690.25,2633.25,2685.25,2445536
2018-10-29,2667.0,2707.0,2603.0,2643.5,2720697
2018-10-26,2678.0,2692.75,2627.25,2669.5,3410150
2018-10-25,2673.75,2723.75,2658.75,2688.25,2479997
2018-10-24,2745.25,2750.0,2652.25,2664.25,2783685
2018-10-23,2755.75,2757.5,2692.25,2746.25,2780303
2018-10-22,2758.0,2782.0,2749.75,2756.5,1621903
2018-10-19,2774.75,2800.5,2762.25,2767.5,1954460
2018-10-18,2813.25,2814.75,2756.5,2772.25,2171262
2018-10-17,2816.25,2824.25,2783.25,2816.25,1887126
2018-10-16,2747.5,2819.0,2745.5,2817.75,1730133
2018-10-15,2770.0,2778.75,2745.25,2749.0,1714171
2018-10-12,2748.5,2785.0,2732.25,2768.5,2710593
2018-10-11,2776.5,2798.75,2712.25,2745.5,3929532
2018-10-10,2886.75,2891.25,2771.5,2781.0,3371169
2018-10-09,2892.25,2900.0,2874.5,2888.25,1733476
2018-10-08,2897.5,2898.25,2866.0,2893.75,1720589
2018-10-05,2910.0,2915.5,2873.25,2894.0,2245369
2018-10-04,2926.0,2926.25,2887.75,2907.75,2127092
2018-10-03,2929.0,2944.75,2924.75,2931.5,1225248
2018-10-02,2929.25,2936.0,2917.5,2928.5,1116193
2018-10-01,2922.5,2942.0,2922.5,2930.0,1211647
2018-09-28,2922.25,2925.5,2908.0,2919.0,1360541
2018-09-27,2911.5,2932.0,2907.5,2920.0,1177203
2018-09-26,2922.5,2936.0,2907.5,2911.5,1274595
2018-09-25,2926.5,2934.25,2918.25,2921.25,1014128
2018-09-24,2929.5,2930.25,2917.75,2925.5,1111755
2018-09-21,2939.5,2947.0,2932.0,2933.75,1421358
2018-09-20,2916.5,2940.75,2913.25,2939.5,1430318
2018-09-19,2913.0,2918.75,2905.75,2915.0,1347443
2018-09-18,2895.5,2917.75,2883.5,2911.75,1853662
2018-09-17,2903.5,2906.25,2887.25,2891.0,1135552
2018-09-14,2904.75,2912.25,2896.75,2906.25,1171968
2018-09-13,2887.0,2907.0,2884.75,2905.25,1612993
2018-09-12,2890.0,2895.25,2879.5,2888.5,1548446
2018-09-11,2879.75,2893.0,2867.25,2889.75,1245406
2018-09-10,2873.75,2888.25,2873.25,2880.25,1220814
2018-09-07,2877.75,2885.0,2865.0,2874.75,1647915
2018-09-06,2888.5,2893.0,2868.0,2879.0,1596947
2018-09-05,2898.75,2900.5,2877.5,2888.25,1568197
2018-09-04,2906.5,2912.5,2885.5,2898.25,1578514
2018-08-31,2898.0,2907.5,2891.75,2902.0,1241706
2018-08-30,2915.75,2916.25,2895.5,2902.0,1297025
2018-08-29,2900.5,2917.5,2897.5,2914.75,1070631
2018-08-28,2899.0,2906.25,2894.25,2899.25,886424
2018-08-27,2877.75,2899.5,2876.75,2898.5,927736
2018-08-24,2858.25,2877.5,2856.25,2876.75,989679
2018-08-23,2861.75,2869.75,2854.75,2858.0,1033934
2018-08-22,2853.0,2868.25,2846.25,2861.25,973986
2018-08-21,2856.75,2874.0,2852.0,2861.75,1029636
2018-08-20,2851.75,2860.75,2850.25,2858.5,787038
2018-08-17,2843.5,2857.0,2835.0,2852.25,1165395
2018-08-16,2822.25,2851.75,2817.5,2844.75,1244434
2018-08-15,2841.75,2843.0,2803.0,2821.25,1812133
2018-08-14,2826.75,2843.5,2825.75,2841.0,1006447
2018-08-13,2835.75,2843.75,2820.0,2825.5,1261360
2018-08-10,2852.5,2852.75,2826.0,2836.75,1360261
2018-08-09,2853.5,2862.75,2850.5,2853.75,686671
2018-08-08,2860.5,2862.5,2852.5,2855.25,719280
2018-08-07,2849.25,2863.75,2848.25,2859.75,760607
2018-08-06,2841.5,2853.5,2835.0,2850.0,772342
2018-08-03,2830.75,2841.5,2824.75,2839.5,873248
2018-08-02,2814.0,2831.25,2791.0,2828.5,1209107
2018-08-01,2824.25,2825.75,2805.5,2810.75,1072528
2018-07-31,2805.5,2827.75,2802.75,2817.0,1304639
2018-07-30,2816.0,2821.75,2798.25,2803.25,1152426
2018-07-27,2840.25,2847.0,2808.75,2817.5,1455009
2018-07-26,2835.25,2846.5,2833.25,2842.5,1010052
2018-07-25,2819.25,2849.5,2814.0,2841.25,1271726
2018-07-24,2810.5,2831.25,2810.25,2821.0,1317981
2018-07-23,2805.25,2812.5,2792.5,2812.0,802099
2018-07-20,2805.5,2810.5,2793.0,2800.75,979263
2018-07-19,2814.5,2818.0,2800.25,2805.25,1056723
2018-07-18,2813.0,2818.25,2806.75,2816.0,834134
2018-07-17,2795.75,2815.75,2789.75,2811.25,1021295
2018-07-16,2804.75,2809.0,2795.0,2796.5,776104
2018-07-13,2798.5,2807.25,2793.25,2803.25,901791
2018-07-12,2776.75,2801.0,2773.75,2798.5,1098628
2018-07-11,2780.75,2787.75,2765.75,2774.0,1331211
2018-07-10,2787.5,2797.75,2780.5,2796.75,903305
2018-07-09,2762.0,2788.0,2761.75,2787.5,942480
2018-07-06,2737.0,2766.25,2731.25,2763.0,1229285
2018-07-05,2713.0,2739.75,2710.75,2738.5,1140362
2018-07-03,2727.25,2741.5,2712.0,2713.25,827748
2018-07-02,2721.0,2728.5,2698.5,2727.25,1184392
2018-06-29,2720.0,2745.5,2716.75,2721.5,1557893
2018-06-28,2705.0,2726.25,2693.25,2719.5,1661303
2018-06-27,2726.5,2748.0,2701.0,2705.0,2069866
2018-06-26,2721.75,2735.25,2714.75,2728.5,1370552
2018-06-25,2757.0,2758.0,2700.5,2722.25,2149593
2018-06-22,2750.5,2768.5,2749.25,2759.5,1073623
2018-06-21,2771.75,2785.25,2747.0,2752.5,1457299
2018-06-20,2765.25,2778.25,2757.25,2772.0,1034941
2018-06-19,2778.25,2780.25,2735.75,2766.25,1583103
2018-06-18,2780.0,2786.75,2761.25,2779.75,970070
2018-06-15,2787.0,2788.5,2765.5,2784.5,1475397
2018-06-14,2777.75,2794.0,2772.25,2788.5,1251575
2018-06-13,2792.0,2796.0,2778.5,2779.0,1371929
2018-06-12,2785.0,2794.0,2782.25,2788.25,1486877
2018-06-11,2771.0,2790.5,2770.5,2783.0,1179868
2018-06-08,2771.0,2779.75,2752.0,2778.75,1291932
2018-06-07,2773.25,2779.75,2760.0,2772.25,1744712
2018-06-06,2751.0,2774.75,2748.0,2772.25,1296474
2018-06-05,2746.0,2753.25,2739.0,2751.5,972203
2018-06-04,2731.0,2749.25,2729.0,2745.5,826178
2018-06-01,2707.5,2737.0,2706.0,2733.75,1164165
2018-05-31,2720.25,2728.25,2699.75,2705.5,1616744
2018-05-30,2693.25,2729.25,2685.75,2724.5,1387545
2018-05-29,2729.0,2731.75,2675.0,2692.25,1919923
2018-05-25,2726.75,2737.75,2713.75,2718.25,965082
2018-05-24,2729.75,2733.25,2705.75,2727.5,1226076
2018-05-23,2724.5,2733.0,2704.5,2730.75,1264269
2018-05-22,2731.25,2741.75,2721.5,2726.0,859759
2018-05-21,2728.75,2739.25,2724.25,2733.0,911242
2018-05-18,2718.75,2727.0,2708.75,2713.0,985659
2018-05-17,2721.75,2732.0,2711.0,2718.75,1043897
2018-05-16,2711.25,2728.0,2704.5,2723.0,1033300
2018-05-15,2728.5,2731.25,2700.5,2709.0,1486522
2018-05-14,2727.25,2741.25,2724.25,2731.0,924062
2018-05-11,2716.25,2732.5,2716.25,2729.5,1027300
2018-05-10,2696.0,2725.0,2692.75,2718.75,1149345
2018-05-09,2669.75,2700.0,2666.5,2696.0,1219066
2018-05-08,2668.0,2674.25,2652.25,2670.25,1242956
2018-05-07,2662.75,2681.5,2661.25,2670.0,1106056
2018-05-04,2631.75,2669.5,2612.25,2663.0,1627248
2018-05-03,2626.75,2636.25,2591.25,2631.75,2085915
2018-05-02,2655.5,2658.5,2624.25,2627.5,1368993
2018-05-01,2646.25,2658.0,2623.25,2652.25,1294588
2018-04-30,2670.5,2682.25,2645.0,2647.0,1278496
2018-04-27,2675.5,2676.25,2657.75,2671.5,1120149
2018-04-26,2648.25,2677.5,2639.5,2674.5,1253088
2018-04-25,2635.25,2648.25,2611.25,2644.5,1852769
2018-04-24,2672.0,2688.5,2616.0,2635.25,2299749
2018-04-23,2683.0,2684.75,2657.25,2671.25,1205027
2018-04-20,2692.5,2698.25,2659.75,2671.5,1575350
2018-04-19,2711.75,2713.25,2681.5,2693.0,1530003
2018-04-18,2704.5,2718.5,2703.75,2709.75,1027616
2018-04-17,2679.25,2713.75,2678.75,2706.5,1217732
2018-04-16,2673.25,2687.0,2660.75,2681.75,1186422
2018-04-13,2661.75,2680.5,2644.75,2657.25,1647627
2018-04-12,2642.5,2675.0,2639.75,2664.0,1252235
2018-04-11,2654.5,2661.25,2626.0,2641.0,1584027
2018-04-10,2617.75,2666.25,2612.25,2655.0,1943849
2018-04-09,2607.5,2653.75,2607.5,2619.0,1713782
2018-04-06,2663.0,2664.0,2584.5,2605.75,2512853
2018-04-05,2645.75,2672.25,2644.0,2661.75,1588771
2018-04-04,2612.0,2649.75,2559.5,2647.0,2175430
2018-04-03,2581.25,2618.75,2573.5,2613.25,2158961
2018-04-02,2635.0,2641.5,2552.0,2575.0,2324918
2018-03-29,2609.75,2659.5,2601.0,2643.0,1960617
2018-03-28,2612.75,2633.75,2593.0,2607.5,2730613
2018-03-27,2659.5,2679.75,2596.0,2615.75,2367868
2018-03-26,2595.0,2662.75,2591.0,2659.5,2209338
2018-03-23,2645.75,2658.75,2586.0,2597.75,2780887
2018-03-22,2718.25,2726.25,2641.75,2643.25,2492434
2018-03-21,2723.25,2744.0,2712.5,2718.25,1392373
2018-03-20,2721.5,2729.0,2712.75,2723.5,1085927
2018-03-19,2756.25,2756.5,2697.25,2722.75,1947147
2018-03-16,2757.5,2766.25,2750.25,2756.0,1105950
2018-03-15,2754.75,2767.25,2745.0,2755.5,1379034
2018-03-14,2767.0,2783.5,2748.25,2754.0,1905137
2018-03-13,2787.0,2807.25,2762.5,2772.75,2214109
2018-03-12,2784.0,2800.5,2779.0,2784.0,1210960
2018-03-09,2736.5,2787.0,2730.0,2784.0,1497678
2018-03-08,2722.5,2740.5,2720.0,2739.25,1477276
2018-03-07,2700.0,2730.25,2681.25,2723.25,1806489
2018-03-06,2719.0,2734.5,2710.25,2724.0,1419036
2018-03-05,2683.25,2727.75,2663.75,2718.5,1732111
2018-03-02,2678.75,2696.0,2647.0,2690.25,2119741
2018-03-01,2718.25,2731.0,2658.5,2678.25,2762765
2018-02-28,2746.5,2762.0,2712.0,2714.5,1775839
2018-02-27,2783.5,2789.75,2742.0,2747.5,1682036
2018-02-26,2751.5,2786.0,2742.5,2784.5,1207718
2018-02-23,2712.75,2750.25,2710.0,2748.75,1203636
2018-02-22,2698.5,2731.0,2682.0,2711.5,1577667
2018-02-21,2714.5,2747.75,2693.5,2698.75,1573160
2018-02-20,2734.5,2747.75,2705.75,2714.0,1408201
2018-02-16,2734.0,2754.75,2722.25,2735.0,1680889
2018-02-15,2695.5,2736.75,2688.5,2734.0,1624113
2018-02-14,2662.5,2701.75,2627.0,2697.0,2020201
2018-02-13,2653.25,2667.5,2634.25,2661.75,1430550
2018-02-12,2628.25,2671.5,2620.0,2655.25,2104312
2018-02-09,2593.75,2637.75,2530.25,2619.0,3803424
2018-02-08,2664.75,2686.5,2577.0,2593.5,3070823
2018-02-07,2685.5,2726.75,2660.5,2668.25,2426803
2018-02-06,2624.0,2699.75,2529.0,2694.25,4714937
2018-02-05,2757.0,2763.0,2595.75,2607.75,3907322
2018-02-02,2826.5,2831.0,2755.25,2756.75,2439327
2018-02-01,2828.75,2837.25,2809.5,2822.5,1605424
2018-01-31,2823.25,2839.75,2813.0,2825.75,1769945
2018-01-30,2853.25,2858.0,2818.5,2824.5,2060109
2018-01-29,2874.25,2878.5,2851.5,2853.5,1357169
2018-01-26,2842.25,2876.0,2841.25,2874.5,1205037
2018-01-25,2840.0,2853.75,2830.75,2841.25,1375128
2018-01-24,2837.0,2855.25,2825.5,2841.0,1767404
2018-01-23,2835.25,2844.75,2828.75,2839.5,1201503
2018-01-22,2804.0,2838.25,2802.0,2835.25,1102799
2018-01-19,2797.0,2815.0,2791.75,2811.0,1296816
2018-01-18,2803.25,2808.0,2793.75,2796.25,1220803
2018-01-17,2782.75,2809.5,2779.0,2803.75,1445807
2018-01-16,2789.75,2808.5,2769.25,2782.5,1930469
2018-01-12,2768.75,2790.0,2766.75,2788.75,1300191
2018-01-11,2750.0,2770.5,2747.75,2769.5,1008773
2018-01-10,2749.75,2752.0,2736.5,2750.5,1261868
2018-01-09,2746.5,2760.0,2742.75,2752.25,1120793
2018-01-08,2741.75,2748.5,2736.5,2746.75,875936
2018-01-05,2725.0,2743.25,2723.75,2742.5,1094202
2018-01-04,2710.25,2729.0,2708.5,2723.75,1139096
2018-01-03,2693.75,2714.25,2692.25,2711.0,1083017
2018-01-02,2675.25,2696.0,2674.5,2693.0,968987
2017-12-29,2684.75,2698.25,2667.75,2676.0,1055982
2017-12-28,2684.0,2689.0,2683.0,2685.75,519713
2017-12-27,2687.5,2691.0,2681.5,2685.5,627745
2017-12-26,2686.75,2689.5,2683.5,2687.0,360430
2017-12-22,2686.75,2691.5,2682.25,2686.0,591050
2017-12-21,2681.5,2696.0,2680.75,2687.75,813005
2017-12-20,2684.75,2695.5,2679.0,2681.5,934245
2017-12-19,2695.0,2698.0,2682.5,2684.0,965199
2017-12-18,2683.0,2698.0,2682.5,2694.5,1006782
2017-12-15,2652.75,2683.25,2652.5,2682.0,1367826
2017-12-14,2668.5,2673.5,2651.75,2656.0,1447124
2017-12-13,2667.75,2675.5,2659.25,2669.0,1517947
2017-12-12,2666.0,2673.0,2663.25,2667.75,1637864
2017-12-11,2652.0,2664.75,2649.25,2661.5,1217692
2017-12-08,2639.5,2652.5,2637.75,2651.0,1132215
2017-12-07,2630.5,2641.25,2626.25,2639.5,1290996
2017-12-06,2626.75,2634.5,2620.0,2629.25,1239225
2017-12-05,2636.0,2648.75,2627.25,2628.25,1349781
2017-12-04,2654.5,2665.25,2633.75,2638.25,1730084
2017-12-01,2640.75,2650.75,2605.0,2644.0,2484052
2017-11-30,2625.0,2658.5,2621.75,2648.0,2303448
2017-11-29,2625.5,2634.25,2619.75,2625.0,1642816
2017-11-28,2602.25,2627.0,2597.5,2626.0,1539152
2017-11-27,2601.0,2605.5,2596.5,2601.75,931107
2017-11-24,2593.25,2603.0,2589.5,2601.0,536543
2017-11-22,2595.75,2600.0,2592.75,2594.5,747869
2017-11-21,2582.0,2600.5,2579.25,2596.25,1130421
2017-11-20,2576.0,2584.0,2567.75,2582.0,988166
2017-11-17,2584.25,2586.0,2574.75,2576.25,1169730
2017-11-16,2564.25,2589.5,2562.25,2585.0,1512201
2017-11-15,2576.75,2577.0,2555.5,2565.0,1900941
2017-11-14,2580.25,2582.25,2564.25,2578.0,1573219
2017-11-13,2580.25,2585.5,2570.25,2582.0,1044536
2017-11-10,2582.0,2585.75,2571.5,2579.5,1178663
2017-11-09,2591.25,2594.5,2563.25,2584.0,2203891
2017-11-08,2584.0,2592.5,2579.75,2591.0,1037057
2017-11-07,2587.75,2593.5,2580.75,2586.75,1152813
2017-11-06,2580.0,2590.0,2575.5,2588.75,828740
2017-11-03,2577.5,2585.5,2573.5,2582.75,974513
2017-11-02,2571.5,2578.5,2562.25,2576.75,1262640
2017-11-01,2572.75,2585.5,2571.0,2574.75,1269785
2017-10-31,2568.0,2575.5,2566.75,2572.75,1021252
2017-10-30,2575.5,2578.25,2565.5,2568.25,1190925
2017-10-27,2561.5,2580.75,2557.5,2578.5,1543852
2017-10-26,2559.5,2565.0,2555.5,2561.5,1361504
2017-10-25,2564.75,2566.25,2541.5,2558.5,2088185
2017-10-24,2562.5,2570.25,2562.25,2567.25,1035758
2017-10-23,2572.75,2577.25,2561.5,2563.5,1217936
2017-10-20,2561.0,2574.5,2559.5,2574.0,1236659
2017-10-19,2560.0,2561.5,2542.5,2560.5,1346925
2017-10-18,2556.5,2562.25,2556.25,2560.0,738261
2017-10-17,2555.5,2557.75,2552.25,2557.0,728656
2017-10-16,2552.25,2557.75,2550.75,2556.25,780973
2017-10-13,2548.0,2555.5,2547.0,2552.75,905072
2017-10-12,2552.25,2553.25,2546.25,2549.5,924519
2017-10-11,2548.75,2553.5,2544.25,2553.0,804892
2017-10-10,2543.25,2553.25,2542.75,2548.5,1141304
2017-10-09,2543.25,2550.5,2539.25,2543.75,719501
2017-10-06,2548.75,2549.75,2541.5,2545.0,1138029
2017-10-05,2535.25,2550.75,2534.5,2550.0,1086185
2017-10-04,2533.0,2538.0,2529.0,2536.25,943600
2017-10-03,2527.25,2533.5,2525.5,2532.75,836809
2017-10-02,2518.0,2528.0,2517.0,2526.25,1113226
2017-09-29,2507.75,2517.75,2504.75,2516.0,1325100
2017-09-28,2503.25,2508.25,2499.0,2507.75,1097115
2017-09-27,2495.0,2509.25,2493.0,2504.5,1562400
2017-09-26,2498.0,2501.25,2492.25,2495.5,1136782
2017-09-25,2499.0,2504.5,2485.0,2497.0,1527029
2017-09-22,2500.75,2501.0,2492.0,2499.5,1008511
2017-09-21,2504.5,2506.25,2496.5,2501.0,1110754
2017-09-20,2503.75,2507.25,2494.0,2505.25,1214848
2017-09-19,2502.75,2506.0,2501.0,2504.75,952378
2017-09-18,2499.0,2506.0,2497.75,2502.75,1076633
2017-09-15,2493.75,2500.0,2487.0,2497.25,1329499
2017-09-14,2494.5,2496.25,2487.5,2494.25,1350493
2017-09-13,2495.25,2495.5,2489.0,2494.75,1411197
2017-09-12,2486.5,2495.0,2485.25,2494.25,1731940
2017-09-11,2468.0,2489.0,2468.0,2487.5,1305963
2017-09-08,2466.5,2467.5,2456.75,2462.5,1212116
2017-09-07,2464.0,2468.75,2457.5,2466.5,1514891
2017-09-06,2460.25,2469.0,2456.5,2465.5,1553109
2017-09-05,2461.25,2471.25,2445.5,2459.75,2102839
2017-09-01,2470.25,2479.75,2470.0,2474.25,1025982
2017-08-31,2455.25,2474.25,2454.75,2470.0,1701193
2017-08-30,2446.5,2459.75,2442.75,2455.75,1280219
2017-08-29,2434.0,2448.5,2421.0,2447.0,1606329
2017-08-28,2442.0,2449.25,2436.25,2443.75,925259
2017-08-25,2442.5,2453.5,2437.5,2442.5,1181314
2017-08-24,2440.25,2449.0,2434.5,2440.75,1389728
2017-08-23,2453.0,2454.75,2438.75,2441.5,1230848
2017-08-22,2428.0,2454.25,2427.5,2452.75,1357110
2017-08-21,2428.75,2431.5,2415.75,2428.0,1320240
2017-08-18,2426.75,2439.5,2419.5,2426.75,2181421
2017-08-17,2466.75,2468.5,2423.75,2429.5,2218607
2017-08-16,2464.5,2474.0,2461.5,2467.5,1128960
2017-08-15,2464.5,2473.25,2460.0,2463.75,1050857
2017-08-14,2441.5,2466.5,2441.5,2463.5,1460697
2017-08-11,2434.5,2446.5,2430.25,2440.0,1645294
2017-08-10,2474.0,2474.25,2432.75,2437.5,2307321
2017-08-09,2470.0,2474.5,2459.0,2473.0,1546074
2017-08-08,2477.5,2488.5,2467.5,2472.75,1360425
2017-08-07,2472.25,2478.25,2472.0,2477.5,586256
2017-08-04,2470.75,2477.75,2467.75,2472.0,1056850
2017-08-03,2473.25,2474.5,2466.0,2471.75,1079166
2017-08-02,2474.0,2476.0,2463.25,2473.5,1292615
2017-08-01,2468.0,2477.25,2466.25,2472.25,1036810
2017-07-31,2470.5,2475.0,2465.25,2468.0,1184133
2017-07-28,2472.0,2472.0,2461.5,2470.25,1138605
2017-07-27,2474.5,2480.5,2457.0,2472.0,1642155
2017-07-26,2475.25,2479.75,2471.5,2473.25,950620
2017-07-25,2467.0,2478.75,2466.25,2474.0,1067744
2017-07-24,2469.75,2470.5,2463.5,2468.5,847057
2017-07-21,2472.5,2475.25,2462.75,2469.5,1080206
2017-07-20,2471.0,2476.25,2465.5,2471.25,1095397
2017-07-19,2459.75,2472.0,2457.75,2471.5,941160
2017-07-18,2459.25,2461.0,2448.0,2457.75,1072350
2017-07-17,2457.0,2460.5,2454.0,2458.5,846768
2017-07-14,2446.5,2461.25,2442.0,2456.0,1076239
2017-07-13,2441.25,2447.0,2439.0,2445.5,934983
2017-07-12,2425.0,2443.75,2422.5,2440.0,1129422
2017-07-11,2423.75,2427.75,2410.25,2424.5,1127920
2017-07-10,2423.0,2430.0,2419.25,2424.5,849888
2017-07-07,2409.25,2425.0,2407.5,2422.5,1249140
2017-07-06,2428.0,2430.5,2405.25,2408.5,1590195
2017-07-05,2423.75,2432.25,2419.25,2428.0,1276362
2017-07-03,2422.0,2436.5,2421.5,2425.0,750433
2017-06-30,2420.75,2429.75,2415.0,2421.0,1614299
2017-06-29,2442.0,2445.0,2402.25,2420.0,2329022
2017-06-28,2417.0,2442.5,2413.75,2438.5,1545009
2017-06-27,2435.75,2437.25,2416.5,2420.5,1625794
2017-06-26,2432.0,2447.5,2430.0,2436.0,1257593
2017-06-23,2431.25,2438.75,2428.25,2435.0,1187845
2017-06-22,2431.75,2439.0,2428.0,2431.75,1048845
2017-06-21,2435.75,2440.0,2428.0,2433.5,1362536
2017-06-20,2447.75,2451.0,2434.0,2437.5,1322839
2017-06-19,2433.5,2451.5,2432.75,2447.5,1213287
2017-06-16,2431.25,2436.75,2420.25,2431.0,1322355
2017-06-15,2433.75,2434.5,2416.25,2432.0,1870568
2017-06-14,2438.25,2443.25,2425.75,2435.25,1811129
2017-06-13,2426.5,2439.25,2425.25,2438.0,1908513
2017-06-12,2430.0,2431.0,2419.0,2428.5,1248108
2017-06-09,2427.25,2445.75,2414.75,2430.5,1580087
2017-06-08,2431.5,2439.0,2427.25,2432.5,1440605
2017-06-07,2429.5,2435.0,2424.0,2432.0,1405067
2017-06-06,2434.25,2435.75,2426.25,2430.75,1344999
2017-06-05,2435.25,2439.0,2433.0,2434.5,876858
2017-06-02,2429.25,2439.75,2427.0,2437.75,1712391
2017-06-01,2413.75,2430.5,2410.5,2429.5,1427160
2017-05-31,2410.5,2416.75,2402.75,2411.0,1712282
2017-05-30,2414.0,2417.0,2407.75,2410.75,1030338
2017-05-26,2413.0,2415.75,2408.0,2413.75,859823
2017-05-25,2403.0,2417.75,2402.5,2413.5,1309737
2017-05-24,2397.0,2404.0,2394.75,2402.0,975714
2017-05-23,2393.5,2399.5,2386.75,2398.0,1021864
2017-05-22,2381.75,2394.25,2378.25,2392.75,1108280
2017-05-19,2364.0,2388.0,2361.0,2381.5,1654206
2017-05-18,2355.0,2375.0,2344.5,2363.5,2446565
2017-05-17,2396.5,2396.75,2354.75,2357.5,2784613
2017-05-16,2399.75,2404.5,2393.75,2397.0,1068724
2017-05-15,2388.75,2402.25,2388.0,2398.5,1025998
2017-05-12,2390.25,2391.5,2384.25,2388.75,1069025
2017-05-11,2395.0,2395.25,2379.0,2391.0,1349506
2017-05-10,2391.75,2397.0,2387.5,2395.25,992071
2017-05-09,2394.5,2400.0,2388.75,2393.25,1100123
2017-05-08,2402.5,2403.75,2389.75,2395.0,948984
2017-05-05,2386.0,2399.25,2379.0,2397.75,1117083
2017-05-04,2382.0,2390.75,2376.0,2385.5,1216759
2017-05-03,2384.0,2386.0,2375.5,2383.25,1069079
2017-05-02,2386.25,2388.75,2381.75,2385.75,949709
2017-05-01,2381.5,2390.75,2377.0,2387.0,897581
2017-04-28,2386.25,2388.75,2378.25,2380.5,1145074
2017-04-27,2381.5,2388.75,2378.75,2386.0,1100596
2017-04-26,2383.0,2394.75,2381.5,2382.25,1480057
2017-04-25,2370.0,2389.25,2368.25,2385.0,1313467
2017-04-24,2365.75,2376.75,2365.25,2370.0,1532426
2017-04-21,2352.75,2356.0,2340.5,2347.5,1257878
2017-04-20,2333.25,2358.25,2332.5,2352.0,1445311
2017-04-19,2337.75,2349.25,2331.25,2333.75,1237406
2017-04-18,2345.0,2347.0,2330.25,2337.25,1424462
2017-04-17,2324.0,2346.0,2322.75,2345.0,970895
2017-04-13,2338.75,2345.0,2324.0,2327.5,1574295
2017-04-12,2351.75,2356.5,2337.5,2340.75,1521451
2017-04-11,2354.25,2355.75,2333.25,2351.0,1844449
2017-04-10,2351.75,2363.25,2347.5,2352.5,1345921
2017-04-07,2355.25,2360.75,2336.75,2352.25,1459651
2017-04-06,2345.5,2361.25,2338.0,2353.75,1576103
2017-04-05,2358.75,2375.0,2343.75,2346.5,1925443
2017-04-04,2354.25,2358.75,2344.75,2356.5,1203495
2017-04-03,2357.5,2363.25,2340.0,2356.0,1696546
2017-03-31,2365.5,2366.75,2356.75,2359.25,1540003
2017-03-30,2357.0,2366.75,2353.25,2364.5,1158742
2017-03-29,2353.0,2359.75,2348.75,2357.0,1146485
2017-03-28,2340.5,2360.5,2333.5,2351.5,1609213
2017-03-27,2337.0,2341.5,2317.75,2338.5,1599064
2017-03-24,2341.0,2352.75,2331.75,2344.75,1586782
2017-03-23,2342.25,2356.0,2338.25,2340.0,1623363
2017-03-22,2340.5,2348.75,2332.25,2342.5,1871579
2017-03-21,2369.0,2378.75,2338.0,2342.25,2561718
2017-03-20,2373.75,2376.0,2365.5,2370.25,1068659
2017-03-17,2379.25,2382.25,2372.75,2375.25,1260247
2017-03-16,2379.25,2388.75,2373.5,2379.0,1604084
2017-03-15,2363.5,2387.75,2363.0,2380.5,1771106
2017-03-14,2370.75,2371.5,2354.75,2363.0,2012727
2017-03-13,2370.75,2375.25,2368.0,2375.0,1037046
2017-03-10,2367.5,2379.75,2362.25,2371.75,1342959
2017-03-09,2363.75,2369.25,2354.0,2366.25,1770104
2017-03-08,2365.75,2373.0,2359.5,2364.0,1624271
2017-03-07,2371.25,2375.5,2364.5,2366.5,1287556
2017-03-06,2380.25,2380.75,2367.0,2375.5,1359673
2017-03-03,2379.75,2383.25,2373.75,2381.25,1336318
2017-03-02,2392.25,2394.25,2378.0,2382.0,1730192
2017-03-01,2364.5,2401.0,2363.25,2393.5,2128134
2017-02-28,2365.75,2368.75,2357.5,2362.75,1568227
2017-02-27,2362.75,2370.75,2361.0,2368.25,1147391
2017-02-24,2361.5,2365.75,2349.5,2365.0,1535374
2017-02-23,2362.0,2367.5,2353.0,2362.75,1552446
2017-02-22,2360.0,2363.75,2355.25,2361.0,1285982
2017-02-21,2346.5,2365.0,2346.0,2360.0,1621224
2017-02-17,2345.0,2348.75,2336.5,2348.0,1376784
2017-02-16,2350.25,2350.75,2336.75,2345.5,1728823
2017-02-15,2335.5,2351.5,2331.25,2350.5,1512296
2017-02-14,2326.5,2337.75,2319.75,2337.0,1381949
2017-02-13,2314.25,2329.0,2313.25,2326.25,1199878
2017-02-10,2304.25,2315.75,2303.0,2312.75,1165082
2017-02-09,2290.5,2307.75,2287.75,2304.25,1347083
2017-02-08,2285.75,2292.0,2281.0,2290.25,1277856
2017-02-07,2286.25,2295.0,2284.0,2288.5,1191892
2017-02-06,2293.0,2294.25,2283.5,2286.5,1157602
2017-02-03,2274.0,2294.0,2270.5,2291.0,1405520
2017-02-02,2275.0,2279.75,2264.5,2275.5,1409287
2017-02-01,2277.0,2285.0,2268.25,2274.5,1552967
2017-01-31,2275.75,2278.25,2262.25,2274.5,1614719
2017-01-30,2282.0,2285.75,2263.25,2276.0,1839106
2017-01-27,2294.0,2296.75,2287.0,2289.0,935648
2017-01-26,2293.75,2299.5,2289.5,2294.0,1158788
2017-01-25,2275.75,2295.25,2274.75,2294.0,1373506
2017-01-24,2260.75,2280.5,2259.5,2274.5,1259276
2017-01-23,2266.0,2267.5,2251.75,2262.0,1425498
2017-01-20,2261.0,2272.75,2259.75,2266.0,1709890
2017-01-19,2265.5,2269.5,2253.0,2261.5,1380107
2017-01-18,2262.0,2268.5,2258.25,2266.5,1105488
2017-01-17,2270.25,2270.5,2257.25,2262.75,1532405
2017-01-13,2264.5,2273.5,2262.75,2272.5,1183362
2017-01-12,2270.5,2270.5,2248.5,2263.5,1747172
2017-01-11,2263.75,2271.75,2255.0,2270.5,1728267
2017-01-10,2264.5,2274.0,2259.5,2263.75,1300368
2017-01-09,2271.25,2275.25,2263.5,2265.0,1019957
2017-01-06,2264.25,2277.0,2258.25,2271.5,1542214
2017-01-05,2264.5,2266.0,2254.0,2264.25,1312627
2017-01-04,2252.75,2267.25,2251.0,2264.25,1385650
2017-01-03,2240.75,2259.5,2239.5,2252.5,1787898
2016-12-30,2246.25,2252.75,2228.0,2236.25,1252004
2016-12-29,2245.5,2250.0,2239.5,2245.0,883279
2016-12-28,2261.25,2267.5,2243.5,2245.25,976944
2016-12-27,2258.75,2269.5,2257.75,2261.0,490809
2016-12-23,2257.5,2261.0,2254.25,2260.0,391513
2016-12-22,2258.25,2261.0,2251.5,2258.75,832335
2016-12-21,2267.25,2268.0,2258.0,2260.5,649932
2016-12-20,2260.25,2269.5,2260.0,2266.5,806369
2016-12-19,2256.0,2263.75,2254.0,2260.0,920943
2016-12-16,2259.5,2264.0,2249.5,2255.25,1406487
2016-12-15,2251.75,2267.75,2247.25,2258.5,1963407
2016-12-14,2268.0,2272.5,2243.0,2252.0,2261279
2016-12-13,2250.25,2273.0,2247.75,2267.75,2308754
2016-12-12,2260.75,2270.25,2252.25,2256.0,1011851
2016-12-09,2246.75,2261.25,2245.0,2260.0,1074015
2016-12-08,2236.5,2251.5,2232.5,2247.75,2103332
2016-12-07,2211.25,2241.25,2206.75,2236.75,2316709
2016-12-06,2205.0,2212.0,2200.25,2210.0,1475806
2016-12-05,2184.0,2208.75,2179.0,2204.25,1654461
2016-12-02,2190.5,2197.25,2184.25,2192.0,1666803
2016-12-01,2199.5,2203.0,2186.0,2192.0,2145896
2016-11-30,2203.25,2213.75,2197.25,2198.75,1931936
2016-11-29,2200.25,2209.5,2196.25,2203.75,1370337
2016-11-28,2208.0,2209.5,2198.25,2200.75,1362563
2016-11-25,2201.0,2211.75,2197.5,2211.25,549990
2016-11-23,2201.25,2203.5,2192.0,2200.75,1091330
2016-11-22,2193.25,2203.0,2191.75,2200.25,1248668
2016-11-21,2179.5,2196.5,2178.5,2193.0,1198721
2016-11-18,2184.0,2187.5,2176.5,2180.75,1268896
2016-11-17,2172.5,2185.5,2171.75,2184.25,1343037
2016-11-16,2179.0,2185.0,2168.75,2172.75,1321970
2016-11-15,2161.0,2179.75,2158.5,2179.25,1429590
2016-11-14,2164.5,2174.5,2152.25,2160.5,1782604
2016-11-11,2165.0,2170.5,2148.5,2161.5,1876388
2016-11-10,2159.5,2180.5,2147.75,2167.25,3121001
2016-11-09,2138.0,2166.75,2028.5,2160.25,5251690
2016-11-08,2129.0,2143.25,2119.0,2135.5,1746007
2016-11-07,2106.0,2130.75,2102.75,2129.0,1753667
2016-11-04,2084.0,2094.25,2078.75,2080.0,2053530
2016-11-03,2088.25,2098.75,2079.75,2083.5,1790385
2016-11-02,2102.25,2106.5,2087.25,2092.25,2005691
2016-11-01,2123.5,2129.5,2091.0,2103.75,2248261
2016-10-31,2120.0,2130.5,2114.75,2120.0,1356597
2016-10-28,2127.25,2135.25,2112.5,2123.75,2378169
2016-10-27,2133.75,2143.75,2122.5,2123.5,1792363
2016-10-26,2135.25,2140.0,2124.75,2134.0,1537900
2016-10-25,2144.75,2149.75,2135.25,2138.0,1191225
2016-10-24,2137.0,2149.0,2134.75,2144.25,1005291
2016-10-21,2136.0,2138.5,2123.25,2134.75,1404835
2016-10-20,2137.5,2144.5,2126.75,2137.0,1602595
2016-10-19,2131.5,2142.5,2126.5,2138.0,930618
2016-10-18,2122.5,2139.75,2120.25,2132.0,1129535
2016-10-17,2126.25,2130.0,2116.75,2123.0,1246192
2016-10-14,2126.25,2143.25,2122.25,2127.0,1834488
2016-10-13,2127.75,2132.25,2107.75,2126.25,2175906
2016-10-12,2133.0,2140.75,2126.25,2131.5,1465871
2016-10-11,2159.5,2160.75,2121.75,2134.5,2231047
2016-10-10,2152.0,2163.5,2148.5,2159.0,948489
2016-10-07,2155.25,2161.5,2138.0,2146.5,1952389
2016-10-06,2153.25,2157.25,2143.25,2156.5,1204885
2016-10-05,2144.25,2158.0,2141.0,2153.25,1364517
2016-10-04,2153.75,2159.75,2136.0,2144.75,2136480
2016-10-03,2158.75,2164.0,2146.75,2153.25,1396518
2016-09-30,2145.75,2168.25,2135.75,2160.5,1970339
2016-09-29,2162.25,2167.0,2137.25,2148.5,2301830
2016-09-28,2152.0,2165.25,2144.0,2163.25,1727031
2016-09-27,2139.25,2154.0,2132.75,2152.75,1646591
2016-09-26,2156.25,2159.5,2136.75,2139.75,1589775
2016-09-23,2168.25,2169.5,2156.0,2158.0,1437077
2016-09-22,2156.25,2172.75,2152.75,2168.25,1520099
2016-09-21,2130.0,2157.5,2126.25,2156.25,1820963
2016-09-20,2133.75,2143.5,2129.0,2131.0,1384209
2016-09-19,2132.25,2146.75,2127.75,2133.0,1521664
2016-09-16,2136.5,2137.0,2123.0,2132.5,2056521
2016-09-15,2115.0,2144.5,2107.75,2138.0,2292611
2016-09-14,2125.0,2134.5,2112.0,2113.25,2543305
2016-09-13,2150.5,2150.75,2112.25,2122.25,3720202
2016-09-12,2121.75,2162.75,2107.0,2158.5,1444391
2016-09-09,2177.25,2178.25,2119.75,2122.75,2069594
2016-09-08,2184.5,2189.25,2175.75,2177.5,2081302
2016-09-07,2185.25,2186.75,2177.5,2184.5,1456179
2016-09-06,2179.25,2186.25,2173.0,2184.5,1618652
2016-09-02,2166.25,2183.75,2164.25,2178.0,1689404
2016-09-01,2169.0,2177.25,2154.75,2167.25,1940121
2016-08-31,2175.75,2176.25,2159.5,2169.5,1840324
2016-08-30,2180.0,2181.5,2168.5,2175.25,1370618
2016-08-29,2167.75,2182.25,2164.5,2179.25,1237476
2016-08-26,2174.0,2186.75,2157.5,2168.5,2520471
2016-08-25,2175.0,2177.25,2167.5,2173.5,1498109
2016-08-24,2185.75,2187.75,2168.75,2175.0,1498544
2016-08-23,2180.75,2191.5,2179.25,2185.25,1122043
2016-08-22,2181.75,2184.5,2173.5,2181.5,1541071
2016-08-19,2183.5,2184.25,2172.5,2181.75,1425490
2016-08-18,2180.75,2184.5,2176.25,2183.5,1195395
2016-08-17,2177.5,2182.0,2165.5,2179.75,1691822
2016-08-16,2186.0,2186.25,2175.25,2176.75,1388816
2016-08-15,2180.75,2190.75,2180.5,2186.0,1080696
2016-08-12,2181.75,2184.0,2175.5,2180.25,1264278
2016-08-11,2172.5,2185.25,2170.0,2181.75,1319494
2016-08-10,2178.0,2181.5,2167.75,2172.75,1368393
2016-08-09,2176.0,2183.5,2173.75,2177.5,1189624
2016-08-08,2176.0,2183.0,2173.25,2175.5,938624
2016-08-05,2159.5,2178.5,2159.25,2176.75,1363948
2016-08-04,2156.75,2164.25,2154.0,2159.25,1236750
2016-08-03,2152.25,2158.25,2145.25,2157.0,1360657
2016-08-02,2166.0,2171.0,2141.5,2152.75,1956705
2016-08-01,2174.0,2177.75,2159.75,2164.5,1652633
2016-07-29,2165.5,2171.75,2157.5,2168.25,1694118
2016-07-28,2162.75,2168.5,2153.5,2164.75,3233000
2016-07-27,2166.0,2169.25,2152.0,2160.5,1630338
2016-07-26,2162.75,2168.0,2153.75,2163.25,1604347
2016-07-25,2167.75,2172.5,2155.75,2162.25,1255515
2016-07-22,2159.0,2169.25,2156.0,2167.5,1122014
2016-07-21,2168.25,2170.25,2153.5,2158.0,1296350
2016-07-20,2159.0,2169.75,2155.25,2167.5,1127419
2016-07-19,2160.0,2160.75,2151.25,2158.75,1147388
2016-07-18,2154.5,2163.25,2152.75,2160.0,1191446
2016-07-15,2156.5,2164.75,2143.25,2152.75,1490858
2016-07-14,2145.25,2168.0,2142.75,2157.25,3543695
2016-07-13,2145.75,2152.25,2139.5,2146.0,1609928
2016-07-12,2130.75,2149.25,2128.5,2145.75,1691878
2016-07-11,2120.25,2136.75,2120.0,2130.25,1459630
2016-07-08,2092.0,2125.5,2087.5,2120.5,1935584
2016-07-07,2092.0,2102.0,2081.75,2092.0,1659861
2016-07-06,2084.0,2094.5,2065.75,2094.0,2047526
2016-07-05,2099.75,2104.75,2072.5,2082.75,1858691
2016-07-01,2086.5,2100.75,2081.5,2096.25,1648070
2016-06-30,2072.25,2091.25,2056.5,2090.25,2282547
2016-06-29,2028.25,2074.75,2022.75,2066.75,2052803
2016-06-28,1982.5,2029.75,1982.25,2028.5,2272790
2016-06-27,2013.75,2022.5,1981.5,1985.0,2972761
2016-06-24,2115.75,2119.5,1999.0,2018.5,4135082
2016-06-23,2083.0,2113.25,2083.0,2105.75,1308321
2016-06-22,2079.25,2091.25,2075.25,2076.75,1402829
2016-06-21,2079.0,2086.0,2074.0,2080.5,1394626
2016-06-20,2071.0,2092.5,2070.25,2074.25,1592550
2016-06-17,2068.75,2074.75,2053.25,2059.0,1826556
2016-06-16,2062.5,2071.5,2040.75,2070.5,2440619
2016-06-15,2064.5,2079.5,2059.75,2063.5,1914547
2016-06-14,2067.25,2072.75,2054.75,2066.0,2767382
2016-06-13,2089.25,2098.25,2075.75,2078.75,1220867
2016-06-10,2113.75,2114.0,2088.5,2096.25,1233697
2016-06-09,2117.75,2118.5,2106.25,2114.25,1643544
2016-06-08,2110.25,2119.75,2106.5,2118.0,1299671
2016-06-07,2108.25,2118.0,2106.5,2110.25,1110603
2016-06-06,2097.5,2112.25,2094.0,2108.25,1259978
2016-06-03,2103.5,2106.0,2082.75,2097.75,1738184
2016-06-02,2096.75,2104.75,2086.75,2103.75,1282372
2016-06-01,2094.0,2099.25,2083.25,2098.0,1310762
2016-05-31,2100.0,2103.75,2086.0,2095.0,1606673
2016-05-27,2090.5,2098.75,2088.0,2097.25,1027854
2016-05-26,2088.75,2091.75,2082.5,2089.75,966381
2016-05-25,2075.0,2092.5,2073.5,2087.25,1438011
2016-05-24,2045.0,2077.25,2041.25,2075.0,1591313
2016-05-23,2053.25,2056.0,2043.5,2045.25,1177953
2016-05-20,2038.75,2055.5,2037.25,2050.0,1571765
2016-05-19,2043.5,2044.75,2022.0,2038.75,2052205
2016-05-18,2043.75,2057.75,2030.75,2041.5,2076690
2016-05-17,2062.0,2069.5,2036.75,2043.5,1976187
2016-05-16,2041.25,2068.5,2035.0,2062.75,1413480
2016-05-13,2059.25,2063.5,2038.5,2043.5,1867129
2016-05-12,2059.0,2072.75,2048.5,2058.75,1792611
2016-05-11,2077.25,2078.75,2057.5,2058.0,1459270
2016-05-10,2054.0,2079.75,2048.0,2077.5,1400565
2016-05-09,2053.0,2059.75,2048.25,2054.25,1363929
2016-05-06,2043.5,2054.5,2030.5,2052.75,1808770
2016-05-05,2046.5,2060.0,2039.5,2044.0,1431702
2016-05-04,2057.5,2060.25,2039.0,2047.0,1551545
2016-05-03,2075.5,2076.25,2048.0,2057.0,1820986
2016-05-02,2060.75,2077.5,2055.5,2074.25,1296317
2016-04-29,2073.75,2076.0,2045.75,2059.0,2399687
2016-04-28,2092.5,2094.25,2065.25,2072.5,1925295
2016-04-27,2082.25,2094.0,2076.25,2090.75,1418675
2016-04-26,2084.25,2091.25,2079.5,2088.5,1216501
2016-04-25,2091.5,2091.5,2071.0,2083.25,1271999
2016-04-22,2079.75,2089.0,2075.0,2086.0,1486065
2016-04-21,2097.75,2104.0,2078.75,2082.75,1633196
2016-04-20,2094.25,2105.25,2085.75,2098.0,1460332
2016-04-19,2085.25,2098.5,2084.75,2093.75,1557462
2016-04-18,2064.25,2088.75,2058.5,2086.75,1389594
2016-04-15,2077.75,2080.0,2069.5,2075.0,1199733
2016-04-14,2076.25,2081.75,2068.5,2076.5,1359458
2016-04-13,2055.25,2077.0,2054.0,2076.0,1629947
2016-04-12,2032.5,2058.5,2029.25,2055.75,1819008
2016-04-11,2041.0,2056.5,2032.5,2034.5,1677144
2016-04-08,2034.5,2054.25,2030.25,2040.75,1761930
2016-04-07,2059.75,2062.0,2026.0,2035.0,2042558
2016-04-06,2042.0,2060.5,2035.0,2060.25,1891760
2016-04-05,2055.5,2055.5,2034.25,2038.75,1808361
2016-04-04,2064.0,2071.5,2054.25,2057.5,1378158
2016-04-01,2052.75,2067.0,2035.25,2065.0,2046111
2016-03-31,2055.5,2059.75,2047.25,2051.5,1713801
2016-03-30,2048.5,2064.5,2046.75,2055.25,1620038
2016-03-29,2027.75,2049.25,2019.25,2047.5,1545524
2016-03-28,2030.25,2039.75,2022.0,2028.0,897439
2016-03-24,2028.0,2030.25,2012.25,2028.5,1519099
2016-03-23,2043.0,2045.25,2025.25,2028.75,1552850
2016-03-22,2043.25,2047.5,2028.75,2042.5,1490146
2016-03-21,2036.5,2044.5,2031.0,2042.75,2549372
2016-03-18,2031.25,2042.75,2027.0,2037.5,1762596
2016-03-17,2017.0,2036.75,2005.75,2030.25,2095905
2016-03-16,2006.75,2022.75,1997.0,2017.25,2041352
2016-03-15,2009.25,2010.0,1995.0,2006.5,1909164
2016-03-14,2019.25,2024.5,2012.0,2018.75,872903
2016-03-11,1988.5,2022.25,1987.5,2020.0,1216563
2016-03-10,1990.0,2010.25,1967.25,1988.75,2725742
2016-03-09,1981.75,1994.0,1978.0,1989.0,1736155
2016-03-08,1999.0,2000.25,1976.0,1981.0,3857478
2016-03-07,1994.5,2004.5,1984.5,1999.0,1623905
2016-03-04,1991.0,2007.5,1984.0,1995.0,2232860
2016-03-03,1981.75,1992.5,1974.75,1990.5,1541249
2016-03-02,1976.25,1984.75,1966.25,1983.5,1814091
2016-03-01,1928.0,1978.5,1920.75,1978.0,2031654
2016-02-29,1943.0,1956.25,1926.5,1929.5,1822667
2016-02-26,1949.0,1968.75,1941.25,1942.75,1873573
2016-02-25,1933.0,1951.5,1920.25,1950.5,1831957
2016-02-24,1914.0,1933.75,1886.75,1930.25,2313945
2016-02-23,1934.0,1938.0,1913.75,1916.0,1597020
2016-02-22,1911.0,1943.75,1908.25,1936.25,1408894
2016-02-19,1917.5,1922.75,1898.5,1914.5,1591406
2016-02-18,1916.5,1933.5,1911.25,1916.5,1610858
2016-02-17,1888.25,1927.25,1881.5,1922.75,1836644
2016-02-16,1865.25,1892.75,1865.0,1888.75,2000187
2016-02-12,1827.25,1860.75,1822.5,1858.25,2009632
2016-02-11,1824.5,1824.5,1802.5,1824.5,3203999
2016-02-10,1850.0,1877.75,1838.5,1846.75,2359881
2016-02-09,1849.75,1863.75,1825.75,1848.25,2792208
2016-02-08,1876.25,1884.5,1821.75,1852.0,2667662
2016-02-05,1905.25,1914.5,1865.75,1875.25,4607688
2016-02-04,1907.75,1922.25,1890.25,1907.75,2251965
2016-02-03,1908.5,1912.25,1865.0,1908.5,2841210
2016-02-02,1928.5,1929.25,1889.0,1897.5,2097985
2016-02-01,1929.75,1940.0,1912.5,1931.25,1740254
2016-01-29,1878.75,1933.0,1876.5,1930.0,2395768
2016-01-28,1880.75,1902.5,1865.75,1880.75,2249377
2016-01-27,1885.25,1910.0,1864.5,1875.0,2109008
2016-01-26,1871.75,1899.75,1851.25,1896.0,1776173
2016-01-25,1899.5,1904.25,1855.75,1870.25,1636585
2016-01-22,1858.5,1902.25,1855.75,1899.25,2100487
2016-01-21,1854.75,1883.25,1836.25,1861.0,2723416
2016-01-20,1855.0,1855.0,1804.25,1855.0,3917784
2016-01-19,1869.75,1907.5,1856.25,1873.0,5569912
2016-01-15,1875.0,1919.75,1849.25,1875.0,3432315
2016-01-14,1883.75,1927.5,1871.0,1914.5,3033976
2016-01-13,1922.5,1946.5,1878.0,1881.5,2887347
2016-01-12,1913.5,1940.25,1899.0,1925.0,2423038
2016-01-11,1909.25,1929.0,1892.5,1914.25,2484686
2016-01-08,1911.5,1964.75,1910.0,1911.5,5363157
2016-01-07,1987.75,1991.0,1928.5,1933.0,2961785
2016-01-06,2010.75,2013.25,1970.5,1986.0,2214380
2016-01-05,2009.0,2017.0,1992.25,2011.75,1686270
2016-01-04,2037.75,2043.5,1980.25,2009.0,2212693
2015-12-31,2055.25,2057.75,2030.25,2035.5,1026053
2015-12-30,2072.0,2075.0,2053.5,2054.5,718431
2015-12-29,2072.75,2074.5,2047.5,2072.75,829702
2015-12-28,2051.25,2054.5,2035.25,2048.75,694543
2015-12-24,2052.75,2059.75,2049.0,2051.25,323112
2015-12-23,2034.0,2057.75,2030.75,2053.0,1003210
2015-12-22,2036.0,2036.5,2007.25,2036.0,1142331
2015-12-21,1997.25,2019.5,1995.25,2015.0,1269272
2015-12-18,2024.0,2029.75,1991.0,1992.0,2105533
2015-12-17,2024.75,2072.75,2022.75,2024.75,2108759
2015-12-16,2037.5,2068.75,2031.0,2063.75,2031304
2015-12-15,2013.0,2045.75,2010.0,2037.0,2156216
2015-12-14,2008.0,2028.25,1992.25,2018.5,1267706
2015-12-11,2009.75,2056.25,2005.0,2009.75,1574490
2015-12-10,2045.75,2067.0,2043.75,2049.25,1814181
2015-12-09,2042.0,2079.75,2034.25,2042.0,2660114
2015-12-08,2080.0,2081.5,2050.25,2058.75,1985935
2015-12-07,2092.25,2095.5,2064.5,2081.0,1693066
2015-12-04,2053.25,2093.0,2046.75,2088.5,2254132
2015-12-03,2083.25,2095.25,2040.0,2051.25,2643650
2015-12-02,2081.5,2105.0,2075.0,2081.5,1709808
2015-12-01,2100.0,2101.5,2083.5,2100.0,1479676
2015-11-30,2089.5,2095.0,2078.5,2079.75,1377146
2015-11-27,2090.0,2098.25,2081.5,2090.0,653079
2015-11-25,2084.0,2092.5,2082.25,2088.0,745779
2015-11-24,2083.0,2091.5,2065.5,2084.75,1514589
2015-11-23,2089.75,2093.0,2078.25,2084.25,971241
2015-11-20,2078.25,2094.5,2076.0,2088.75,2534360
2015-11-19,2078.25,2089.25,2075.25,2079.25,1283219
2015-11-18,2049.75,2082.5,2043.0,2079.75,1531975
2015-11-17,2049.0,2063.5,2041.5,2049.0,1610071
2015-11-16,2006.5,2051.0,1998.5,2048.0,1708089
2015-11-13,2040.5,2046.0,2011.5,2018.5,2124881
2015-11-12,2068.5,2077.5,2039.5,2040.5,1794847
2015-11-11,2076.5,2087.25,2067.75,2069.0,1171227
2015-11-10,2072.25,2079.0,2064.5,2078.0,1285716
2015-11-09,2092.0,2097.75,2062.0,2073.0,1855463
2015-11-06,2094.75,2099.0,2077.5,2093.75,1845961
2015-11-05,2095.5,2104.75,2084.0,2094.0,1537030
2015-11-04,2102.5,2109.75,2090.5,2094.75,1543740
2015-11-03,2093.25,2110.25,2089.0,2103.0,1337628
2015-11-02,2073.0,2100.0,2064.25,2095.5,1281668
2015-10-30,2084.75,2094.75,2069.75,2073.75,1750688
2015-10-29,2081.0,2086.5,2073.25,2083.0,1396107
2015-10-28,2062.0,2085.25,2055.5,2084.5,1888636
2015-10-27,2063.75,2064.75,2051.25,2060.5,1242724
2015-10-26,2066.0,2068.0,2057.5,2062.25,1183138
2015-10-23,2054.25,2074.5,2053.25,2066.0,2050047
2015-10-22,2010.5,2056.0,2008.5,2053.0,2098033
2015-10-21,2019.75,2034.25,2007.5,2008.5,1780504
2015-10-20,2026.5,2031.5,2018.5,2020.5,1264201
2015-10-19,2024.5,2028.0,2014.25,2027.5,1306084
2015-10-16,2018.25,2026.5,2012.25,2025.5,1355097
2015-10-15,1985.75,2019.5,1985.0,2019.0,1727968
2015-10-14,1991.5,2001.75,1982.5,1984.0,1765988
2015-10-13,2012.0,2014.75,1991.25,1994.0,1509079
2015-10-12,2005.25,2014.0,2001.75,2011.0,792497
2015-10-09,2004.0,2014.0,1998.75,2007.5,1376562
2015-10-08,1987.75,2008.75,1971.0,2006.5,1802198
2015-10-07,1961.0,1991.25,1960.5,1987.25,1936412
2015-10-06,1973.0,1982.25,1962.5,1968.5,1605875
2015-10-05,1941.0,1980.0,1937.25,1974.75,1672581
2015-10-02,1917.0,1943.75,1883.0,1943.0,2465795
2015-10-01,1902.5,1929.5,1890.25,1916.75,2051438
2015-09-30,1875.0,1910.5,1871.25,1908.75,4426788
2015-09-29,1876.25,1889.75,1861.0,1874.5,2367984
2015-09-28,1915.5,1929.75,1868.75,1872.0,2326382
2015-09-25,1913.25,1951.0,1910.25,1919.25,2078180
2015-09-24,1931.75,1936.25,1897.25,1918.75,2215933
2015-09-23,1930.5,1941.75,1910.5,1928.5,1423869
2015-09-22,1964.25,1965.0,1917.75,1932.0,1980294
2015-09-21,1949.25,1969.0,1938.5,1963.0,1513352
2015-09-18,1976.5,1983.0,1941.25,1950.5,2419979
2015-09-17,1986.5,2011.75,1972.0,1977.25,2324934
2015-09-16,1970.25,1989.0,1962.75,1988.0,1643039
2015-09-15,1943.5,1973.0,1935.25,1970.0,2031471
2015-09-14,1963.75,1974.25,1946.5,1954.0,891948
2015-09-11,1949.5,1962.5,1937.25,1960.25,1044500
2015-09-10,1943.75,1967.25,1928.5,1949.5,2268771
2015-09-09,1966.5,1992.0,1935.5,1942.75,4229947
2015-09-08,1916.75,1968.75,1915.75,1965.75,1868461
2015-09-04,1947.25,1949.25,1907.75,1921.75,2133618
2015-09-03,1947.5,1973.5,1942.0,1946.0,2051771
2015-09-02,1913.5,1949.0,1907.25,1947.0,2177871
2015-09-01,1965.5,1966.25,1898.75,1916.0,2819876
2015-08-31,1986.25,1987.75,1959.25,1969.25,1875462
2015-08-28,1988.25,1992.75,1967.25,1989.75,1968178
2015-08-27,1941.25,1990.25,1934.5,1989.25,2929038
2015-08-26,1876.0,1943.0,1850.5,1938.0,3513948
2015-08-25,1872.75,1948.5,1860.0,1872.75,3652294
2015-08-24,1964.5,1964.75,1831.0,1871.25,5243619
2015-08-21,2026.25,2029.0,1967.25,1971.5,4160367
2015-08-20,2073.5,2077.75,2024.5,2025.5,2577998
2015-08-19,2093.25,2098.0,2066.5,2072.75,2287924
2015-08-18,2098.25,2103.75,2090.25,2094.0,1133037
2015-08-17,2089.5,2100.5,2074.75,2099.25,1292404
2015-08-14,2079.25,2090.5,2073.75,2089.5,1069024
2015-08-13,2082.75,2093.0,2073.25,2080.5,1487841
2015-08-12,2080.75,2085.25,2046.5,2084.25,2357389
2015-08-11,2100.75,2101.75,2070.75,2079.75,1777943
2015-08-10,2072.0,2101.25,2071.75,2099.75,1192601
2015-08-07,2080.0,2082.75,2062.0,2073.5,1593346
2015-08-06,2094.0,2099.25,2070.0,2079.5,1608346
2015-08-05,2082.5,2107.0,2082.25,2093.75,1379742
2015-08-04,2090.5,2096.25,2081.5,2083.0,1327794
2015-08-03,2098.75,2102.5,2080.0,2091.0,1509759
2015-07-31,2101.75,2109.25,2095.25,2098.5,1602657
2015-07-30,2099.5,2104.25,2087.75,2103.75,1285647
2015-07-29,2088.0,2104.25,2084.5,2101.5,1394145
2015-07-28,2065.5,2089.0,2061.5,2087.25,1721554
2015-07-27,2078.25,2080.75,2056.5,2064.5,1777544
2015-07-24,2101.0,2104.0,2069.75,2077.5,1669215
2015-07-23,2109.25,2113.75,2091.5,2098.5,1436236
2015-07-22,2107.75,2112.0,2102.25,2108.0,1224253
2015-07-21,2121.25,2125.0,2106.75,2114.5,1203968
2015-07-20,2118.0,2126.25,2116.5,2122.0,937349
2015-07-17,2117.0,2120.0,2112.75,2118.75,889189
2015-07-16,2104.0,2118.5,2102.75,2117.0,1096207
2015-07-15,2102.5,2107.75,2095.0,2104.25,1144204
2015-07-14,2094.0,2105.5,2090.5,2102.0,953155
2015-07-13,2054.75,2094.75,2052.0,2094.5,1333093
2015-07-10,2044.75,2074.75,2044.75,2069.0,3139643
2015-07-09,2039.75,2068.0,2038.25,2041.25,1980885
2015-07-08,2073.0,2073.25,2036.25,2039.25,2388595
2015-07-07,2067.75,2078.0,2035.0,2073.75,2529599
2015-07-06,2037.25,2071.75,2034.25,2064.5,1857384
2015-07-02,2071.5,2079.0,2062.25,2068.75,1247290
2015-07-01,2054.5,2077.5,2054.5,2071.0,1493202
2015-06-30,2054.5,2069.0,2046.75,2054.5,2355919
2015-06-29,2064.0,2083.25,2047.25,2050.5,2287339
2015-06-26,2094.75,2100.75,2086.25,2095.75,1318744
2015-06-25,2101.25,2112.75,2092.0,2094.0,1213961
2015-06-24,2117.5,2118.5,2099.0,2099.5,1153248
2015-06-23,2114.75,2120.5,2111.25,2116.5,835219
2015-06-22,2105.75,2122.0,2103.5,2112.75,1095590
2015-06-19,2114.75,2117.75,2097.0,2097.75,1236103
2015-06-18,2089.0,2119.25,2082.0,2114.75,1899198
2015-06-17,2089.75,2098.75,2078.75,2089.25,1577521
2015-06-16,2075.25,2090.0,2062.0,2089.0,1655437
2015-06-15,2087.0,2089.75,2071.25,2084.0,1077154
2015-06-12,2109.0,2109.25,2090.25,2093.0,1130566
2015-06-11,2106.0,2114.75,2103.25,2109.25,1480391
2015-06-10,2080.75,2108.0,2080.0,2107.0,1664080
2015-06-09,2080.0,2084.75,2068.75,2080.0,1446234
2015-06-08,2092.0,2093.25,2076.25,2078.25,1290580
2015-06-05,2098.75,2102.75,2083.5,2092.25,1459933
2015-06-04,2116.25,2116.5,2091.25,2099.0,1716475
2015-06-03,2107.0,2120.75,2106.75,2116.0,1310989
2015-06-02,2111.0,2116.0,2094.0,2106.75,1442673
2015-06-01,2107.0,2117.75,2100.25,2109.25,1337694
2015-05-29,2121.75,2122.75,2102.25,2106.0,1689212
2015-05-28,2120.0,2122.75,2110.5,2121.75,1074890
2015-05-27,2105.75,2124.25,2101.25,2121.0,1288328
2015-05-26,2124.5,2127.0,2096.0,2105.0,1585923
2015-05-22,2129.25,2131.0,2122.75,2124.5,765874
2015-05-21,2120.75,2132.0,2115.0,2128.0,792875
2015-05-20,2124.25,2132.25,2119.25,2122.5,1009770
2015-05-19,2126.75,2134.0,2121.25,2124.5,994750
2015-05-18,2119.25,2128.75,2112.25,2126.0,913154
2015-05-15,2117.25,2122.75,2113.25,2119.0,1023198
2015-05-14,2096.0,2118.25,2092.0,2117.5,1101487
2015-05-13,2096.25,2106.5,2091.5,2094.5,1335896
2015-05-12,2097.75,2101.0,2079.25,2095.0,1472548
2015-05-11,2110.0,2113.5,2095.75,2097.75,1145379
2015-05-08,2085.25,2113.5,2084.0,2108.5,1377057
2015-05-07,2074.75,2088.25,2057.0,2084.25,1433321
2015-05-06,2085.5,2093.75,2061.25,2074.25,1754960
2015-05-05,2109.5,2111.75,2081.5,2084.0,1588014
2015-05-04,2101.75,2115.0,2098.0,2109.25,1000309
2015-05-01,2082.75,2102.5,2080.5,2101.5,1021007
2015-04-30,2098.25,2102.0,2070.25,2079.0,2024833
2015-04-29,2110.75,2112.5,2090.5,2099.0,1736098
2015-04-28,2103.75,2112.5,2088.25,2112.0,1474639
2015-04-27,2113.25,2119.75,2100.25,2104.75,1200115
2015-04-24,2107.5,2114.75,2103.0,2111.75,954521
2015-04-23,2099.25,2114.5,2087.5,2107.0,2723695
2015-04-22,2092.0,2103.75,2080.25,2100.25,1187004
2015-04-21,2089.5,2105.25,2087.25,2091.0,1048695
2015-04-20,2081.0,2097.5,2078.5,2091.0,1117632
2015-04-17,2101.25,2101.75,2064.5,2075.5,1819414
2015-04-16,2101.5,2104.75,2089.0,2100.75,1110320
2015-04-15,2091.75,2105.5,2087.25,2099.75,1044340
2015-04-14,2087.0,2092.75,2075.75,2091.0,1262993
2015-04-13,2095.25,2101.25,2085.25,2086.5,1069908
2015-04-10,2086.0,2096.25,2083.0,2095.5,879754
2015-04-09,2077.75,2087.0,2066.75,2085.75,1209325
2015-04-08,2068.5,2080.25,2064.5,2076.0,1216620
2015-04-07,2071.5,2082.75,2066.0,2067.75,1032728
2015-04-06,2039.5,2080.0,2038.75,2073.25,938538
2015-04-02,2055.25,2064.75,2044.0,2059.5,1044908
2015-04-01,2058.0,2060.75,2033.5,2053.0,1818384
2015-03-31,2074.75,2076.75,2056.25,2060.75,1595256
2015-03-30,2052.75,2081.75,2047.25,2075.5,1218573
2015-03-27,2050.0,2057.75,2041.0,2052.5,1158816
2015-03-26,2056.0,2058.75,2033.25,2048.5,1839564
2015-03-25,2085.25,2089.25,2052.25,2053.75,1777031
2015-03-24,2094.0,2101.0,2083.0,2085.0,1191209
2015-03-23,2097.75,2107.0,2093.25,2094.75,957424
2015-03-20,2079.5,2106.75,2077.75,2099.25,1416137
2015-03-19,2093.5,2099.0,2076.5,2081.5,1493279
2015-03-18,2066.25,2099.75,2052.25,2092.5,2012443
2015-03-17,2066.5,2070.5,2056.25,2066.25,1791004
2015-03-16,2050.75,2081.75,2044.5,2076.5,945740
2015-03-13,2064.25,2068.75,2040.0,2049.75,1205545
2015-03-12,2042.0,2066.5,2038.25,2064.0,1627252
2015-03-11,2044.25,2052.25,2038.25,2039.5,1702228
2015-03-10,2077.5,2078.0,2042.0,2042.0,1551932
2015-03-09,2073.5,2082.5,2066.0,2077.75,993619
2015-03-06,2099.5,2103.5,2065.5,2070.75,1895148
2015-03-05,2096.5,2103.5,2093.25,2099.75,1096113
2015-03-04,2104.75,2104.75,2085.25,2096.5,1480462
2015-03-03,2114.0,2114.5,2095.5,2104.75,1360283
2015-03-02,2104.0,2115.5,2100.5,2114.0,1069024
2015-02-27,2109.5,2111.0,2100.75,2102.75,1203840
2015-02-26,2110.5,2114.75,2101.5,2110.0,1163745
2015-02-25,2113.75,2117.75,2107.25,2110.25,971677
2015-02-24,2106.25,2115.75,2102.75,2113.75,1077835
2015-02-23,2107.25,2108.25,2099.75,2106.75,847165
2015-02-20,2096.0,2108.75,2082.25,2107.0,3261575
2015-02-19,2095.25,2099.5,2087.25,2095.25,1140895
2015-02-18,2096.5,2098.5,2088.5,2095.5,1086542
2015-02-17,2091.25,2098.75,2080.75,2096.0,1233430
2015-02-13,2083.0,2095.0,2081.5,2093.5,1216834
2015-02-12,2071.5,2085.5,2058.5,2084.0,1422562
2015-02-11,2062.75,2079.5,2053.25,2065.75,1294083
2015-02-10,2043.75,2066.5,2040.5,2062.25,1377397
2015-02-09,2050.0,2051.75,2036.5,2042.5,1284028
2015-02-06,2056.25,2068.0,2044.5,2053.0,1713118
2015-02-05,2025.0,2058.75,2020.75,2055.0,1341850
2015-02-04,2040.5,2049.25,2022.75,2030.0,1696234
2015-02-03,2015.0,2044.0,2007.0,2042.0,1705498
2015-02-02,1990.5,2018.5,1973.75,2017.0,2035431
2015-01-30,2019.25,2020.5,1986.25,1988.5,2352251
2015-01-29,1993.5,2020.0,1982.0,2018.5,2117820
2015-01-28,2036.5,2046.5,1991.25,1991.5,2086764
2015-01-27,2054.0,2054.75,2013.25,2030.0,1949699
2015-01-26,2035.0,2055.0,2025.5,2053.5,1258009
2015-01-23,2056.5,2062.5,2042.25,2044.0,1351989
2015-01-22,2026.75,2059.25,2019.25,2056.5,1834135
2015-01-21,2015.75,2032.75,2005.25,2026.5,1637366
2015-01-20,2013.5,2026.5,1997.5,2016.75,1805475
2015-01-16,1980.75,2014.25,1970.25,2013.0,2008817
2015-01-15,2009.75,2027.25,1978.25,1989.0,2259436
2015-01-14,2017.25,2019.5,1981.25,2007.5,2506589
2015-01-13,2023.75,2051.75,2001.0,2016.0,2489224
2015-01-12,2034.5,2048.25,2015.25,2022.5,1614675
2015-01-09,2053.75,2062.0,2031.25,2035.25,1907275
2015-01-08,2020.5,2058.5,2020.25,2055.0,1551040
2015-01-07,1996.5,2023.75,1995.75,2019.5,1750412
2015-01-06,2019.0,2023.5,1984.25,1994.5,2344320
2015-01-05,2045.75,2048.25,2009.5,2016.0,2032736
2015-01-02,2055.0,2067.25,2038.75,2046.25,1357107
2014-12-31,2076.25,2082.75,2050.75,2052.5,835262
2014-12-30,2087.5,2088.5,2073.0,2076.75,716610
2014-12-29,2086.0,2088.75,2076.0,2085.75,636306
2014-12-26,2078.75,2088.75,2078.5,2084.25,614078
2014-12-24,2078.75,2083.5,2077.0,2078.75,235054
2014-12-23,2073.0,2084.5,2071.5,2079.0,774160
2014-12-22,2065.0,2076.0,2064.0,2072.5,854592
2014-12-19,2060.25,2076.25,2056.5,2067.0,1762169
2014-12-18,2008.0,2062.75,2004.5,2060.0,2353440
2014-12-17,1966.75,2011.0,1966.0,2008.25,5528322
2014-12-16,1984.5,2011.25,1961.5,1965.0,3345368
2014-12-15,1998.75,2019.25,1981.5,1990.0,1128900
2014-12-12,2029.5,2032.25,1996.5,1997.25,1485315
2014-12-11,2026.25,2056.5,2023.75,2031.0,2241068
2014-12-10,2057.75,2060.0,2023.25,2026.5,2369388
2014-12-09,2060.25,2062.25,2033.25,2057.5,3775698
2014-12-08,2075.75,2077.5,2053.75,2059.5,2822438
2014-12-05,2071.75,2079.0,2068.5,2076.0,1147239
2014-12-04,2073.0,2077.25,2061.25,2072.0,1374378
2014-12-03,2066.5,2076.0,2063.25,2072.5,922158
2014-12-02,2051.0,2068.0,2050.75,2066.0,1148288
2014-12-01,2063.25,2064.0,2048.25,2050.75,1470728
2014-11-28,2074.0,2074.75,2063.5,2066.25,783069
2014-11-26,2068.25,2075.25,2065.25,2072.25,741582
2014-11-25,2067.25,2073.0,2062.75,2067.5,976545
2014-11-24,2062.25,2069.0,2060.75,2067.5,782885
2014-11-21,2052.25,2072.25,2049.75,2061.75,1630436
2014-11-20,2047.0,2052.75,2035.25,2052.0,1125939
2014-11-19,2048.75,2050.5,2037.75,2047.25,1188389
2014-11-18,2039.25,2054.0,2035.75,2048.5,1140878
2014-11-17,2038.5,2040.5,2025.25,2039.75,1058349
2014-11-14,2033.0,2039.75,2032.0,2038.0,1045649
2014-11-13,2034.75,2043.75,2026.75,2034.0,1541378
2014-11-12,2036.5,2037.25,2026.75,2036.0,1082154
2014-11-11,2033.75,2039.0,2031.0,2036.5,779077
2014-11-10,2025.75,2035.0,2021.0,2034.0,957940
2014-11-07,2027.25,2033.5,2020.5,2026.0,1282333
2014-11-06,2018.5,2029.25,2010.75,2028.0,1433396
2014-11-05,2006.25,2020.5,2003.75,2018.75,1568956
2014-11-04,2010.5,2013.75,1995.25,2005.5,1518682
2014-11-03,2011.25,2019.25,2007.0,2011.0,1358108
2014-10-31,1987.75,2016.75,1986.75,2011.5,1923491
2014-10-30,1971.75,1994.25,1959.25,1988.5,1980779
2014-10-29,1976.0,1985.75,1962.0,1972.25,1894337
2014-10-28,1957.75,1980.75,1956.75,1980.0,1570163
2014-10-27,1960.25,1965.75,1944.5,1957.0,1446627
2014-10-24,1946.0,1961.25,1931.75,1959.75,1601128
2014-10-23,1924.5,1956.25,1922.25,1946.0,2014791
2014-10-22,1938.25,1943.75,1920.25,1925.0,2012915
2014-10-21,1903.5,1939.75,1885.75,1938.0,2238181
2014-10-20,1884.0,1904.5,1872.25,1900.0,1649868
2014-10-17,1853.0,1891.75,1851.0,1881.0,2565562
2014-10-16,1846.75,1869.75,1815.25,1850.5,3357691
2014-10-15,1878.25,1883.25,1813.0,1846.75,4658973
2014-10-14,1866.25,1892.75,1864.75,1874.75,3111359
2014-10-13,1892.0,1906.0,1863.75,1865.5,2942117
2014-10-10,1917.0,1931.25,1893.25,1894.25,3067496
2014-10-09,1961.5,1968.5,1915.25,1925.0,3091728
2014-10-08,1926.25,1964.0,1918.0,1961.75,2516066
2014-10-07,1953.25,1956.25,1924.25,1928.0,2153512
2014-10-06,1961.0,1971.0,1950.5,1956.0,1727289
2014-10-03,1938.5,1964.5,1935.75,1960.25,1551405
2014-10-02,1940.75,1945.75,1918.25,1938.5,2710514
2014-10-01,1961.0,1967.0,1933.75,1940.75,2444534
2014-09-30,1968.75,1978.25,1960.5,1965.5,1981670
2014-09-29,1974.75,1977.0,1955.5,1969.5,1781415
2014-09-26,1961.0,1979.25,1956.5,1976.0,1674972
2014-09-25,1990.75,1991.5,1957.75,1961.5,2313833
2014-09-24,1969.75,1992.5,1969.5,1991.0,1566579
2014-09-23,1984.0,1988.0,1968.25,1972.25,1624176
2014-09-22,2002.0,2006.5,1981.75,1986.25,1577092
2014-09-19,2006.0,2014.5,1998.25,2003.75,1665522
2014-09-18,1995.5,2006.75,1993.0,2004.5,1402521
2014-09-17,1991.5,2003.25,1983.25,1993.75,2023188
2014-09-16,1976.75,1994.5,1970.25,1991.5,2081536
2014-09-15,1981.75,1987.25,1972.0,1984.25,850706
2014-09-12,1999.25,1999.25,1979.5,1984.75,1254423
2014-09-11,1994.5,1999.5,1985.0,1997.0,1736194
