date,open,high,low,settle,volume
2019-04-05,7565.0,7612.75,7556.0,7604.25,356900
2019-04-04,7581.25,7598.0,7522.0,7561.5,429681
2019-04-03,7517.0,7616.25,7513.25,7582.25,479933
2019-04-02,7495.25,7532.5,7483.75,7519.25,358305
2019-04-01,7430.0,7506.5,7428.5,7498.5,410749
2019-03-29,7350.25,7414.5,7350.25,7400.5,392577
2019-03-28,7323.5,7372.5,7289.5,7352.0,444798
2019-03-27,7383.5,7404.75,7276.0,7334.5,591443
2019-03-26,7363.0,7447.5,7340.5,7376.75,552578
2019-03-25,7372.25,7390.5,7290.0,7355.25,589722
2019-03-22,7526.75,7544.75,7353.0,7368.75,684553
2019-03-21,7400.5,7541.0,7367.75,7534.5,521408
2019-03-20,7378.0,7458.0,7349.5,7409.5,536516
2019-03-19,7362.25,7421.25,7351.25,7376.5,423736
2019-03-18,7338.0,7379.5,7321.75,7360.75,363635
2019-03-15,7272.5,7361.0,7269.75,7343.25,408040
2019-03-14,7302.75,7318.5,7265.75,7267.25,359935
2019-03-13,7237.75,7324.25,7211.0,7296.5,404323
2019-03-12,7176.0,7223.0,7163.25,7206.5,162997
2019-03-11,7022.25,7176.75,6997.5,7164.75,202365
2019-03-08,7025.5,7034.0,6939.0,7026.75,309105
2019-03-07,7109.0,7123.25,7003.25,7027.5,554384
2019-03-06,7156.0,7171.25,7107.0,7111.25,442932
2019-03-05,7144.5,7182.0,7124.25,7165.5,364229
2019-03-04,7177.0,7211.5,7074.5,7145.75,554610
2019-03-01,7106.5,7164.5,7098.25,7156.0,378984
2019-02-28,7121.25,7130.75,7072.5,7102.5,360783
2019-02-27,7109.25,7131.75,7048.0,7121.75,365472
2019-02-26,7122.0,7151.0,7073.25,7117.75,361492
2019-02-25,7108.5,7168.5,7102.0,7125.75,343380
2019-02-22,7031.25,7101.25,7019.25,7088.25,364267
2019-02-21,7070.75,7113.75,7005.0,7034.5,431652
2019-02-20,7068.75,7105.0,7032.25,7073.25,416240
2019-02-19,7063.75,7094.75,7035.25,7068.25,384177
2019-02-15,7017.5,7095.25,6975.25,7063.75,428915
2019-02-14,7017.25,7057.5,6972.0,7019.75,489084
2019-02-13,7017.25,7069.75,7012.0,7016.25,357901
2019-02-12,6908.5,7028.5,6903.0,7018.5,360109
2019-02-11,6921.75,6969.5,6896.25,6914.25,383734
2019-02-08,6902.0,6926.25,6841.0,6916.75,462727
2019-02-07,6988.0,6994.75,6856.25,6905.5,591576
2019-02-06,7009.25,7038.75,6972.25,6995.75,373171
2019-02-05,6937.5,7033.75,6928.25,7008.0,366592
2019-02-04,6863.75,6983.0,6858.25,6937.5,346554
2019-02-01,6911.0,6927.5,6860.5,6877.75,455059
2019-01-31,6844.25,6943.0,6839.25,6914.75,552607
2019-01-30,6690.25,6845.25,6657.75,6837.25,519893
2019-01-29,6695.25,6721.0,6616.75,6638.75,437939
2019-01-28,6784.25,6791.0,6648.25,6701.75,484580
2019-01-25,6684.5,6810.5,6676.75,6791.25,442680
2019-01-24,6663.0,6718.5,6653.0,6675.0,446194
2019-01-23,6652.0,6724.25,6592.25,6665.25,509598
2019-01-22,6794.5,6794.5,6611.5,6653.0,644347
2019-01-18,6722.75,6828.25,6712.0,6792.75,491521
2019-01-17,6670.0,6760.0,6612.25,6720.0,467434
2019-01-16,6674.5,6737.25,6664.0,6666.25,439428
2019-01-15,6543.0,6689.0,6542.25,6676.75,488495
2019-01-14,6599.0,6602.5,6521.5,6545.0,362364
2019-01-11,6622.5,6632.5,6572.0,6612.75,359430
2019-01-10,6597.25,6641.75,6527.5,6625.25,491529
2019-01-09,6546.75,6645.0,6546.75,6604.75,490592
2019-01-08,6506.0,6586.25,6467.25,6557.25,531042
2019-01-07,6451.25,6535.75,6402.5,6496.5,504200
2019-01-04,6168.75,6462.0,6136.5,6434.0,684595
2019-01-03,6242.75,6304.25,6148.5,6162.0,704853
2019-01-02,6349.5,6409.25,6154.0,6371.0,652963
2018-12-31,6312.25,6376.75,6283.0,6333.25,369131
2018-12-28,6309.0,6402.5,6243.75,6293.25,629587
2018-12-27,6283.0,6333.0,6053.25,6323.5,728171
2018-12-26,5902.0,6310.0,5820.5,6285.5,632274
2018-12-24,6049.75,6123.0,5888.75,5892.0,438525
2018-12-21,6325.0,6338.0,6030.0,6059.0,855478
2018-12-20,6350.0,6404.5,6180.0,6325.25,1008373
2018-12-19,6464.75,6610.0,6301.25,6352.25,711914
2018-12-18,6471.25,6555.75,6435.75,6462.75,219100
2018-12-17,6580.0,6635.25,6401.25,6466.25,311913
2018-12-14,6752.0,6760.75,6583.25,6599.5,347547
2018-12-13,6769.0,6838.5,6723.0,6752.0,620412
2018-12-12,6686.5,6872.0,6683.5,6769.0,652838
2018-12-11,6695.0,6808.75,6651.25,6717.0,726734
2018-12-10,6596.25,6714.5,6535.25,6699.25,775581
2018-12-07,6835.5,6856.5,6594.75,6623.5,845690
2018-12-06,6834.5,6854.25,6630.25,6824.5,982943
2018-12-05,6796.0,6861.75,6792.5,6803.25,70696
2018-12-04,7055.25,7055.25,6783.0,6803.25,806515
2018-12-03,7041.0,7139.0,7015.25,7058.25,569500
2018-11-30,6902.25,6967.25,6871.5,6949.5,481430
2018-11-29,6907.0,6943.75,6843.0,6913.25,525982
2018-11-28,6722.25,6923.5,6709.25,6918.25,626442
2018-11-27,6639.5,6723.0,6613.25,6712.5,575330
2018-11-26,6537.5,6696.5,6530.5,6673.25,502424
2018-11-23,6584.25,6601.5,6495.0,6531.0,362120
2018-11-21,6527.75,6647.75,6509.0,6576.25,566053
2018-11-20,6668.5,6670.0,6449.5,6532.5,903409
2018-11-19,6875.0,6934.5,6632.25,6672.0,741653
2018-11-16,6874.5,6915.0,6806.25,6895.25,688848
2018-11-15,6780.0,6920.5,6712.25,6915.5,784784
2018-11-14,6861.75,6929.5,6746.0,6768.25,726393
2018-11-13,6847.0,6962.0,6801.25,6853.0,705993
2018-11-12,7026.25,7103.75,6825.75,6835.0,701759
2018-11-09,7145.75,7166.25,6989.0,7031.25,584900
2018-11-08,7212.75,7231.0,7132.0,7166.0,473369
2018-11-07,7011.5,7225.0,6971.5,7218.5,618950
2018-11-06,6947.25,7034.75,6906.75,7016.5,512120
2018-11-05,6972.75,6998.5,6865.0,6949.5,503519
2018-11-02,6987.25,7143.25,6911.25,6980.25,781067
2018-11-01,6960.0,7079.75,6936.75,7077.75,583926
2018-10-31,6857.0,7039.25,6816.75,6975.5,745673
2018-10-30,6719.25,6849.25,6661.0,6815.25,829610
2018-10-29,6898.0,6991.5,6580.5,6736.25,898222
2018-10-26,6882.0,6986.5,6734.25,6893.25,1057475
2018-10-25,6878.5,7075.75,6816.75,6926.5,787330
2018-10-24,7136.25,7175.0,6785.75,6836.25,888327
2018-10-23,7155.0,7164.0,6944.0,7140.25,821916
2018-10-22,7085.75,7210.5,7057.0,7155.25,640356
2018-10-19,7154.0,7244.25,7092.75,7106.5,656286
2018-10-18,7307.75,7309.5,7094.5,7137.75,696871
2018-10-17,7339.75,7368.5,7221.5,7313.25,660239
2018-10-16,7068.25,7357.5,7063.5,7353.75,607389
2018-10-15,7176.75,7179.0,7060.75,7076.5,633009
2018-10-12,7040.75,7197.75,7034.25,7172.25,761344
2018-10-11,7010.25,7138.0,6907.75,7031.0,1141308
2018-10-10,7394.75,7412.0,7000.0,7032.0,914919
2018-10-09,7391.0,7455.75,7337.0,7399.0,581004
2018-10-08,7443.25,7453.25,7286.5,7391.75,610135
2018-10-05,7521.0,7540.0,7347.0,7436.0,723036
2018-10-04,7651.0,7651.0,7456.5,7514.25,679763
2018-10-03,7656.25,7703.75,7641.5,7664.75,392314
2018-10-02,7675.0,7712.75,7630.25,7652.75,391842
2018-10-01,7672.0,7728.75,7652.0,7675.5,354196
2018-09-28,7663.5,7677.0,7617.0,7655.25,377918
2018-09-27,7590.25,7686.25,7586.0,7657.25,370735
2018-09-26,7598.0,7668.0,7577.5,7590.25,400816
2018-09-25,7591.0,7603.25,7550.5,7595.25,316190
2018-09-24,7539.75,7594.0,7473.75,7586.0,387105
2018-09-21,7609.0,7637.5,7547.5,7550.5,367392
2018-09-20,7529.75,7616.75,7514.0,7608.75,401300
2018-09-19,7529.25,7546.0,7470.75,7526.5,405954
2018-09-18,7434.25,7535.25,7393.5,7495.25,167416
2018-09-17,7534.0,7547.25,7429.5,7436.25,197101
2018-09-14,7563.5,7598.75,7515.25,7544.75,231370
2018-09-13,7483.25,7583.25,7470.0,7564.5,456005
2018-09-12,7515.25,7541.0,7425.0,7485.75,580764
2018-09-11,7460.5,7524.75,7404.5,7512.0,463425
2018-09-10,7433.0,7483.5,7414.0,7460.25,417954
2018-09-07,7454.75,7494.75,7393.0,7438.5,594388
2018-09-06,7530.0,7544.5,7407.75,7457.5,646349
2018-09-05,7642.25,7643.25,7503.25,7531.75,517885
2018-09-04,7670.0,7693.75,7586.75,7638.75,464907
2018-08-31,7641.75,7682.25,7633.25,7661.25,342731
2018-08-30,7672.75,7697.0,7626.25,7649.0,390412
2018-08-29,7581.0,7674.5,7581.0,7668.75,309943
2018-08-28,7568.25,7597.25,7564.25,7578.0,271744
2018-08-27,7499.0,7569.0,7498.75,7568.0,278412
2018-08-24,7427.0,7499.5,7422.75,7495.75,276793
2018-08-23,7433.5,7475.0,7411.25,7424.5,353058
2018-08-22,7374.25,7444.75,7352.0,7433.25,308963
2018-08-21,7381.25,7452.25,7369.0,7397.5,317360
2018-08-20,7390.5,7420.75,7351.5,7387.0,283230
2018-08-17,7382.5,7407.0,7321.75,7387.75,364669
2018-08-16,7380.0,7434.5,7363.25,7389.0,344164
2018-08-15,7460.5,7464.75,7316.5,7374.0,516327
2018-08-14,7420.5,7465.0,7397.0,7457.75,304082
2018-08-13,7425.5,7479.0,7378.25,7417.0,377423
2018-08-10,7472.25,7472.75,7390.75,7427.0,387050
2018-08-09,7463.5,7505.5,7458.75,7475.5,236465
2018-08-08,7478.25,7496.0,7442.5,7471.5,248893
2018-08-07,7442.5,7486.75,7440.25,7477.25,260288
2018-08-06,7404.25,7449.75,7387.5,7444.0,247647
2018-08-03,7392.0,7415.0,7362.25,7402.0,294943
2018-08-02,7284.25,7395.25,7214.25,7385.75,435155
2018-08-01,7293.0,7303.75,7241.0,7277.0,363163
2018-07-31,7210.0,7298.0,7189.25,7244.75,427656
2018-07-30,7293.0,7309.25,7166.75,7200.5,494277
2018-07-27,7429.5,7467.0,7263.5,7301.25,528864
2018-07-26,7412.25,7450.0,7361.0,7430.75,385414
2018-07-25,7410.5,7530.0,7397.0,7469.5,348178
2018-07-24,7420.25,7489.75,7386.75,7416.25,403642
2018-07-23,7368.0,7432.75,7311.5,7430.5,285612
2018-07-20,7380.25,7413.75,7350.75,7360.0,295934
2018-07-19,7400.0,7416.0,7354.75,7367.75,319197
2018-07-18,7424.25,7437.75,7381.5,7404.5,265489
2018-07-17,7320.0,7436.0,7292.5,7421.75,340130
2018-07-16,7399.5,7413.75,7316.0,7325.0,243399
2018-07-13,7382.0,7414.25,7367.0,7393.0,278121
2018-07-12,7259.75,7387.0,7249.5,7382.75,302142
2018-07-11,7263.5,7290.0,7204.5,7253.75,371050
2018-07-10,7300.75,7335.5,7259.5,7301.5,284991
2018-07-09,7232.5,7303.5,7232.25,7300.25,267490
2018-07-06,7118.75,7237.75,7101.25,7233.5,315798
2018-07-05,7023.0,7128.0,7015.0,7125.75,376348
2018-07-03,7113.75,7165.0,7022.25,7023.75,298221
2018-07-02,7068.25,7119.75,6987.5,7116.5,378309
2018-06-29,7055.25,7123.75,7045.0,7066.75,394197
2018-06-28,6998.75,7076.5,6956.0,7060.5,480458
2018-06-27,7098.25,7151.5,6988.0,6998.25,542658
2018-06-26,7064.25,7130.0,7040.5,7104.0,396552
2018-06-25,7222.75,7222.75,6995.5,7073.5,588737
2018-06-22,7228.0,7274.0,7198.25,7222.75,321262
2018-06-21,7315.25,7358.5,7226.25,7237.75,418870
2018-06-20,7253.75,7336.5,7226.75,7313.25,316261
2018-06-19,7275.0,7279.0,7157.5,7252.25,446287
2018-06-18,7276.0,7289.25,7208.75,7276.0,285579
2018-06-15,7310.25,7318.75,7245.0,7281.5,357849
2018-06-14,7232.25,7321.0,7205.25,7311.25,333787
2018-06-13,7241.75,7290.0,7219.25,7231.0,353202
2018-06-12,7192.5,7244.75,7181.0,7226.25,275735
2018-06-11,7135.0,7189.0,7125.0,7170.25,169792
2018-06-08,7160.0,7163.0,7077.75,7151.5,211839
2018-06-07,7217.5,7234.25,7116.75,7161.0,408155
2018-06-06,7181.75,7222.25,7142.25,7215.0,298821
2018-06-05,7147.5,7187.5,7137.5,7179.25,253512
2018-06-04,7079.75,7151.5,7071.75,7148.25,245943
2018-06-01,6982.5,7090.5,6977.25,7083.0,318235
2018-05-31,6978.5,7023.5,6958.25,6977.0,381381
2018-05-30,6948.0,6994.75,6918.5,6987.25,301735
2018-05-29,6989.0,7007.0,6890.5,6944.5,483516
2018-05-25,6955.0,7003.75,6942.5,6960.25,314454
2018-05-24,6956.75,6975.0,6885.25,6957.25,378139
2018-05-23,6905.5,6961.5,6829.75,6957.0,389560
2018-05-22,6914.0,6954.75,6890.0,6909.25,268532
2018-05-21,6919.0,6957.0,6881.5,6915.75,292052
2018-05-18,6908.5,6936.25,6862.25,6874.0,312686
2018-05-17,6935.25,6962.0,6875.0,6905.75,320638
2018-05-16,6895.5,6953.5,6875.5,6937.25,271646
2018-05-15,6969.0,6976.75,6854.25,6890.5,421407
2018-05-14,6958.25,7013.5,6955.5,6974.0,252606
2018-05-11,6949.5,6979.5,6928.25,6960.0,260242
2018-05-10,6896.0,6971.25,6888.75,6965.0,291106
2018-05-09,6822.0,6901.25,6808.25,6896.0,315834
2018-05-08,6817.0,6837.5,6771.0,6820.5,369129
2018-05-07,6779.0,6851.25,6772.25,6826.0,322389
2018-05-04,6666.5,6788.5,6610.5,6774.75,401793
2018-05-03,6630.75,6671.5,6538.0,6664.5,511415
2018-05-02,6715.5,6729.5,6625.25,6633.5,378651
2018-05-01,6606.0,6740.0,6578.75,6692.0,360091
2018-04-30,6668.0,6718.0,6595.5,6613.0,386633
2018-04-27,6744.75,6772.0,6623.0,6669.75,475218
2018-04-26,6583.25,6749.0,6559.25,6734.75,423193
2018-04-25,6525.75,6576.25,6429.25,6555.75,543130
2018-04-24,6660.75,6717.75,6467.25,6526.75,622492
2018-04-23,6705.5,6728.0,6616.75,6667.0,382588
2018-04-20,6777.75,6790.25,6646.0,6676.25,413144
2018-04-19,6855.25,6866.25,6755.25,6780.0,373937
2018-04-18,6819.5,6867.0,6796.75,6843.5,296729
2018-04-17,6704.25,6844.75,6698.5,6828.75,323546
2018-04-16,6674.25,6722.0,6639.25,6712.0,322800
2018-04-13,6668.75,6713.0,6606.25,6640.75,460289
2018-04-12,6596.25,6693.75,6589.75,6670.75,356462
2018-04-11,6625.25,6663.25,6550.75,6592.75,438020
2018-04-10,6490.5,6651.75,6471.75,6624.25,540707
2018-04-09,6463.0,6618.0,6460.0,6497.0,476016
2018-04-06,6608.0,6611.25,6408.5,6454.75,626876
2018-04-05,6582.0,6654.5,6559.0,6600.25,492118
2018-04-04,6466.0,6591.75,6306.75,6582.5,633217
2018-04-03,6405.75,6496.75,6351.25,6469.25,676616
2018-04-02,6557.0,6588.5,6326.5,6393.25,655613
2018-03-29,6490.75,6653.75,6443.75,6594.0,640286
2018-03-28,6550.25,6582.25,6421.0,6477.25,942658
2018-03-27,6775.75,6849.25,6490.0,6561.25,724867
2018-03-26,6549.75,6779.0,6525.0,6773.5,633152
2018-03-23,6692.25,6721.25,6519.0,6554.25,739727
2018-03-22,6883.25,6915.0,6686.0,6692.0,671157
2018-03-21,6912.5,6951.0,6842.25,6884.0,445838
2018-03-20,6911.75,6927.75,6863.0,6917.5,398259
2018-03-19,7043.0,7043.0,6821.25,6914.25,559404
2018-03-16,7072.75,7084.75,7033.0,7044.0,285870
2018-03-15,7060.75,7100.0,7027.25,7070.5,348979
2018-03-14,7062.75,7121.5,7036.5,7058.0,469137
2018-03-13,7136.75,7188.5,7025.75,7058.25,201040
2018-03-12,7099.25,7158.75,7084.0,7139.5,179377
2018-03-09,6972.0,7103.75,6963.0,7098.25,218497
2018-03-08,6922.75,6977.25,6913.5,6974.25,387825
2018-03-07,6858.0,6937.0,6798.25,6924.5,496116
2018-03-06,6880.5,6939.25,6871.75,6907.75,414038
2018-03-05,6795.75,6904.5,6742.5,6877.5,466550
2018-03-02,6763.75,6823.25,6646.0,6804.75,635357
2018-03-01,6879.5,6898.75,6689.0,6760.75,791814
2018-02-28,6913.75,6970.5,6857.75,6865.0,458563
2018-02-27,7003.5,7009.0,6904.0,6915.75,495551
2018-02-26,6918.25,7007.5,6890.0,7000.0,291916
2018-02-23,6792.5,6913.75,6782.75,6909.75,370887
2018-02-22,6756.5,6831.5,6694.75,6788.75,438273
2018-02-21,6788.25,6885.5,6741.25,6760.5,438531
2018-02-20,6783.25,6843.75,6723.25,6790.5,459133
2018-02-16,6816.25,6859.75,6762.0,6786.75,441701
2018-02-15,6681.0,6827.5,6669.75,6816.0,454060
2018-02-14,6559.5,6692.75,6455.0,6687.0,476216
2018-02-13,6529.75,6571.0,6470.75,6560.5,379682
2018-02-12,6434.5,6567.5,6414.25,6531.75,403299
2018-02-09,6328.0,6455.5,6164.0,6417.75,776096
2018-02-08,6542.0,6618.5,6301.0,6317.25,627197
2018-02-07,6638.0,6717.75,6532.0,6555.75,579703
2018-02-06,6473.0,6677.5,6260.25,6653.75,805226
2018-02-05,6752.25,6813.5,6387.75,6429.25,927961
2018-02-02,6954.0,6963.5,6752.25,6755.75,636656
2018-02-01,6973.0,6987.75,6884.75,6898.5,490746
2018-01-31,6938.25,6991.0,6921.5,6962.5,412368
2018-01-30,6991.5,7006.5,6902.75,6941.5,518829
2018-01-29,7030.0,7047.25,6980.0,6992.5,399987
2018-01-26,6938.0,7034.5,6934.25,7030.25,320084
2018-01-25,6933.5,6987.25,6902.0,6931.5,415447
2018-01-24,6956.5,7004.25,6888.25,6931.25,522291
2018-01-23,6929.75,6981.25,6919.75,6965.75,331416
2018-01-22,6830.75,6941.25,6824.25,6931.0,257875
2018-01-19,6816.5,6857.0,6801.5,6845.75,311150
2018-01-18,6818.0,6838.0,6796.0,6813.0,311962
2018-01-17,6762.75,6834.25,6744.75,6823.75,353890
2018-01-16,6781.5,6845.75,6729.25,6762.25,513110
2018-01-12,6725.5,6777.75,6703.25,6775.25,272950
2018-01-11,6676.5,6728.75,6664.25,6726.5,223818
2018-01-10,6679.75,6686.75,6628.25,6677.25,316111
2018-01-09,6687.25,6707.25,6667.25,6687.0,270467
2018-01-08,6667.75,6690.75,6653.25,6688.0,192394
2018-01-05,6608.0,6671.0,6599.75,6667.75,209788
2018-01-04,6583.75,6617.5,6580.0,6603.5,251662
2018-01-03,6513.25,6591.25,6511.25,6584.5,221104
2018-01-02,6405.0,6523.25,6397.75,6514.75,256225
2017-12-29,6444.5,6467.75,6383.25,6408.75,204988
2017-12-28,6452.25,6477.5,6442.25,6446.25,131717
2017-12-27,6461.25,6475.5,6442.0,6454.0,155480
2017-12-26,6482.5,6492.0,6432.25,6460.0,130810
2017-12-22,6489.75,6501.75,6467.5,6483.75,153316
2017-12-21,6486.75,6520.75,6476.0,6492.25,207201
2017-12-20,6504.0,6529.0,6463.25,6489.0,265646
2017-12-19,6535.0,6545.75,6479.75,6500.75,267544
2017-12-18,6498.0,6542.0,6497.5,6535.25,219682
2017-12-15,6403.75,6502.75,6400.75,6498.5,282475
2017-12-14,6417.25,6443.75,6402.5,6409.0,292635
2017-12-13,6404.25,6437.75,6383.0,6417.25,324198
2017-12-12,6404.25,6407.75,6371.75,6384.25,132696
2017-12-11,6343.0,6409.75,6339.75,6397.5,145990
2017-12-08,6322.25,6379.0,6320.5,6340.0,177478
2017-12-07,6298.0,6335.5,6288.75,6323.0,322852
2017-12-06,6269.0,6307.0,6232.5,6293.0,363538
2017-12-05,6255.5,6339.75,6231.75,6271.75,443261
2017-12-04,6371.0,6391.75,6250.75,6265.25,519280
2017-12-01,6353.75,6369.0,6246.0,6346.25,602973
2017-11-30,6306.5,6377.5,6289.0,6369.0,454176
2017-11-29,6423.5,6428.5,6283.0,6305.5,619381
2017-11-28,6413.25,6429.5,6388.75,6420.25,303809
2017-11-27,6414.25,6424.5,6394.75,6413.25,202061
2017-11-24,6388.25,6416.0,6375.75,6413.5,116314
2017-11-22,6381.25,6395.25,6375.25,6389.5,188627
2017-11-21,6315.75,6385.25,6311.25,6379.5,215322
2017-11-20,6312.0,6329.25,6291.25,6316.0,202739
2017-11-17,6342.75,6351.75,6308.5,6313.25,271998
2017-11-16,6264.5,6358.5,6260.75,6341.0,329501
2017-11-15,6293.5,6294.75,6230.75,6266.25,396609
2017-11-14,6310.75,6318.25,6262.75,6293.5,340158
2017-11-13,6312.5,6325.0,6281.0,6312.0,227694
2017-11-10,6312.75,6321.0,6281.0,6309.25,264903
2017-11-09,6342.25,6351.5,6244.75,6314.5,549540
2017-11-08,6310.5,6345.5,6301.5,6341.5,217230
2017-11-07,6311.5,6331.5,6296.25,6316.0,281261
2017-11-06,6285.25,6317.5,6268.0,6313.5,208860
2017-11-03,6252.5,6296.75,6236.0,6290.5,299691
2017-11-02,6230.0,6263.0,6192.5,6235.75,351608
2017-11-01,6249.75,6284.5,6223.5,6240.75,344339
2017-10-31,6221.75,6258.75,6219.25,6249.75,238612
2017-10-30,6209.5,6251.5,6202.25,6224.25,354752
2017-10-27,6092.0,6225.75,6078.75,6215.25,427688
2017-10-26,6065.0,6096.25,6035.0,6084.75,315151
2017-10-25,6073.5,6087.5,6011.0,6064.5,435311
2017-10-24,6064.75,6092.5,6057.0,6079.5,232528
2017-10-23,6109.5,6128.0,6060.5,6064.75,244192
2017-10-20,6097.75,6129.5,6090.5,6111.0,220215
2017-10-19,6121.25,6121.75,6051.25,6097.75,331644
2017-10-18,6122.25,6132.75,6108.0,6119.25,180030
2017-10-17,6119.75,6125.5,6105.0,6123.75,154356
2017-10-16,6101.5,6121.5,6098.0,6120.25,166763
2017-10-13,6073.0,6104.0,6068.5,6099.75,177924
2017-10-12,6083.5,6097.0,6066.5,6074.75,200069
2017-10-11,6064.5,6086.0,6053.25,6082.5,180460
2017-10-10,6062.25,6088.5,6039.0,6065.25,236527
2017-10-09,6062.5,6084.0,6054.75,6064.5,155751
2017-10-06,6062.25,6071.5,6037.5,6064.25,230650
2017-10-05,6005.0,6068.0,6001.0,6065.75,252369
2017-10-04,5999.0,6015.5,5979.5,6004.0,233985
2017-10-03,5985.5,6004.75,5978.75,5998.0,206799
2017-10-02,5984.0,6009.75,5958.5,5980.5,268706
2017-09-29,5939.25,5985.5,5933.0,5982.5,266363
2017-09-28,5936.0,5948.25,5911.25,5938.5,266347
2017-09-27,5889.75,5963.0,5886.5,5941.0,348145
2017-09-26,5878.75,5912.5,5862.75,5892.5,338777
2017-09-25,5930.75,5954.25,5842.0,5876.5,440673
2017-09-22,5944.25,5945.5,5911.0,5935.75,270536
2017-09-21,5976.0,5980.25,5919.25,5945.25,340849
2017-09-20,5997.0,6000.5,5930.5,5978.5,345119
2017-09-19,5989.75,6004.75,5975.0,5997.0,208257
2017-09-18,5999.25,6018.25,5967.25,5986.75,228477
2017-09-15,5971.75,6015.75,5947.0,5995.25,265708
2017-09-14,6006.75,6009.25,5968.75,5970.75,283911
2017-09-13,6006.75,6012.0,5983.5,6009.0,228919
2017-09-12,5990.0,6012.25,5975.25,6004.5,296518
2017-09-11,5928.75,5991.75,5928.75,5982.5,158988
2017-09-08,5969.25,5972.0,5907.5,5916.25,189584
2017-09-07,5952.0,5981.5,5932.25,5970.0,300915
2017-09-06,5943.5,5965.75,5909.25,5955.0,332440
2017-09-05,5956.5,5984.75,5889.5,5939.25,477159
2017-09-01,5994.0,6019.75,5973.25,5988.25,229852
2017-08-31,5936.25,5998.0,5932.5,5990.75,270692
2017-08-30,5869.75,5944.0,5862.5,5935.0,272304
2017-08-29,5820.0,5875.5,5777.25,5869.75,332724
2017-08-28,5819.75,5856.0,5801.25,5844.75,216006
2017-08-25,5845.25,5874.0,5816.5,5825.0,298551
2017-08-24,5845.75,5874.25,5803.25,5840.5,363593
2017-08-23,5878.25,5884.0,5841.5,5848.0,298620
2017-08-22,5795.25,5882.25,5794.25,5878.5,304071
2017-08-21,5805.0,5816.75,5752.25,5794.0,358463
2017-08-18,5792.25,5835.0,5772.5,5801.25,442773
2017-08-17,5920.0,5923.75,5786.5,5800.25,498860
2017-08-16,5915.25,5949.5,5902.0,5923.5,288690
2017-08-15,5913.5,5945.0,5895.5,5912.0,246673
2017-08-14,5837.25,5916.75,5837.25,5910.0,260106
2017-08-11,5769.0,5845.75,5761.0,5838.25,393001
2017-08-10,5922.5,5923.0,5767.25,5789.75,540987
2017-08-09,5913.25,5924.5,5861.75,5922.5,371498
2017-08-08,5935.0,5972.75,5907.5,5918.0,301699
2017-08-07,5900.0,5937.75,5898.0,5934.0,162922
2017-08-04,5889.0,5912.0,5874.25,5898.0,253715
2017-08-03,5911.25,5924.5,5877.25,5890.0,288460
2017-08-02,5933.0,5947.5,5856.25,5910.75,386503
2017-08-01,5884.5,5931.25,5875.5,5889.25,228169
2017-07-31,5910.0,5933.5,5870.25,5882.5,278599
2017-07-28,5909.0,5918.25,5850.0,5910.25,336251
2017-07-27,5961.0,5995.75,5844.75,5909.5,529242
2017-07-26,5933.75,5958.0,5927.0,5948.0,189438
2017-07-25,5925.25,5946.25,5915.75,5933.75,235592
2017-07-24,5919.25,5954.75,5905.0,5934.0,189038
2017-07-21,5930.75,5931.25,5890.5,5918.75,238163
2017-07-20,5919.5,5938.5,5897.0,5925.25,263339
2017-07-19,5895.5,5925.0,5889.0,5918.25,230983
2017-07-18,5858.25,5898.5,5820.25,5882.75,245348
2017-07-17,5843.5,5863.75,5831.25,5855.0,216890
2017-07-14,5799.5,5847.75,5787.75,5843.25,226231
2017-07-13,5786.75,5812.0,5777.25,5797.5,240938
2017-07-12,5719.5,5790.0,5712.75,5785.75,262305
2017-07-11,5692.0,5722.5,5667.5,5720.0,279421
2017-07-10,5663.0,5711.5,5650.0,5694.0,238113
2017-07-07,5598.5,5676.5,5591.5,5655.75,266248
2017-07-06,5650.5,5652.75,5580.0,5596.75,365378
2017-07-05,5591.25,5667.75,5560.25,5651.5,388097
2017-07-03,5658.0,5690.75,5581.25,5589.25,226313
2017-06-30,5648.25,5686.5,5623.5,5652.75,333806
2017-06-29,5766.25,5776.0,5601.0,5653.0,595229
2017-06-28,5673.75,5768.75,5632.0,5763.5,393688
2017-06-27,5780.75,5784.0,5669.0,5676.5,403115
2017-06-26,5803.0,5852.0,5768.0,5778.25,307326
2017-06-23,5785.5,5815.5,5763.0,5812.25,212785
2017-06-22,5793.25,5814.5,5770.75,5785.75,233000
2017-06-21,5728.25,5796.5,5699.0,5796.0,317198
2017-06-20,5766.75,5784.0,5729.0,5732.75,289838
2017-06-19,5694.25,5782.5,5683.25,5766.0,268862
2017-06-16,5709.0,5727.5,5661.0,5684.0,348905
2017-06-15,5730.0,5732.5,5641.25,5709.25,435102
2017-06-14,5762.25,5789.0,5687.0,5732.75,428931
2017-06-13,5721.0,5768.5,5715.0,5759.25,378855
2017-06-12,5740.5,5746.5,5634.5,5711.0,258656
2017-06-09,5872.5,5898.75,5660.25,5740.5,417462
2017-06-08,5877.75,5897.75,5853.5,5885.0,264631
2017-06-07,5862.25,5884.75,5845.75,5879.75,274006
2017-06-06,5880.25,5893.25,5848.5,5863.25,254007
2017-06-05,5878.25,5891.25,5872.75,5880.75,176414
2017-06-02,5823.75,5886.75,5822.0,5886.0,296764
2017-06-01,5804.75,5824.0,5780.5,5822.0,265512
2017-05-31,5792.5,5819.25,5763.75,5793.25,319689
2017-05-30,5793.0,5803.5,5778.25,5792.0,196769
2017-05-26,5781.25,5796.5,5772.75,5792.25,162553
2017-05-25,5731.5,5795.5,5731.25,5782.0,239271
2017-05-24,5709.5,5734.5,5705.25,5731.25,188037
2017-05-23,5701.5,5718.5,5688.5,5711.5,217154
2017-05-22,5652.75,5704.25,5648.75,5702.0,198170
2017-05-19,5631.5,5676.5,5622.0,5653.25,290070
2017-05-18,5575.5,5648.5,5550.5,5630.5,522219
2017-05-17,5723.5,5724.0,5574.75,5578.75,502664
2017-05-16,5705.0,5727.25,5696.25,5724.25,181656
2017-05-15,5689.5,5706.5,5682.5,5701.25,179007
2017-05-12,5670.0,5689.75,5656.5,5689.0,182215
2017-05-11,5674.75,5676.25,5636.25,5670.75,235080
2017-05-10,5678.5,5679.75,5658.25,5675.5,172844
2017-05-09,5654.25,5687.75,5650.75,5676.25,191499
2017-05-08,5658.25,5660.5,5634.5,5655.5,161203
2017-05-05,5627.0,5649.5,5612.5,5648.25,165762
2017-05-04,5609.0,5634.0,5603.75,5625.75,221862
2017-05-03,5621.0,5631.0,5606.0,5613.25,203013
2017-05-02,5629.0,5641.75,5622.5,5639.75,168050
2017-05-01,5581.0,5637.25,5573.5,5630.75,163568
2017-04-28,5584.5,5597.75,5571.75,5580.5,183317
2017-04-27,5535.25,5599.0,5534.25,5591.0,194320
2017-04-26,5546.75,5562.5,5535.0,5536.25,221033
2017-04-25,5502.0,5557.25,5499.0,5548.25,170045
2017-04-24,5471.0,5512.75,5471.0,5504.0,210633
2017-04-21,5445.0,5454.75,5427.5,5442.0,190535
2017-04-20,5398.0,5454.75,5394.5,5442.75,230262
2017-04-19,5389.75,5430.75,5388.75,5397.75,213579
2017-04-18,5397.5,5405.25,5375.5,5389.25,246207
2017-04-17,5352.75,5399.5,5347.75,5395.25,147626
2017-04-13,5369.0,5399.5,5347.5,5359.0,278767
2017-04-12,5402.75,5412.75,5369.0,5372.75,251098
2017-04-11,5426.75,5429.25,5358.0,5401.75,327042
2017-04-10,5420.75,5443.75,5405.75,5422.25,197530
2017-04-07,5426.75,5436.0,5382.75,5421.25,242565
2017-04-06,5414.0,5437.25,5390.0,5422.75,287867
2017-04-05,5447.0,5481.25,5409.0,5416.25,296018
2017-04-04,5432.75,5448.0,5406.75,5444.0,194619
2017-04-03,5436.75,5455.0,5403.25,5434.5,263040
2017-03-31,5440.75,5452.75,5421.0,5438.5,166661
2017-03-30,5436.0,5451.0,5426.5,5437.5,162921
2017-03-29,5409.0,5437.5,5404.75,5436.0,172730
2017-03-28,5382.5,5424.75,5363.5,5405.0,244032
2017-03-27,5360.0,5385.75,5317.25,5379.0,276499
2017-03-24,5357.0,5395.0,5347.5,5378.75,294370
2017-03-23,5365.5,5378.5,5347.25,5354.5,269772
2017-03-22,5334.25,5376.25,5315.0,5365.75,334530
2017-03-21,5415.75,5441.0,5330.0,5338.25,413709
2017-03-20,5407.25,5428.0,5396.0,5418.5,144682
2017-03-17,5415.75,5425.25,5406.5,5408.5,142555
2017-03-16,5417.0,5440.0,5402.25,5415.0,187237
2017-03-15,5386.5,5431.5,5380.0,5419.25,247295
2017-03-14,5399.25,5400.5,5363.5,5385.5,235023
2017-03-13,5381.0,5396.5,5371.75,5395.5,83962
2017-03-10,5370.0,5395.25,5363.0,5382.0,157144
2017-03-09,5362.25,5372.0,5335.5,5366.75,249215
2017-03-08,5350.0,5377.25,5333.75,5363.0,221615
2017-03-07,5354.75,5374.25,5341.5,5349.75,177312
2017-03-06,5369.0,5374.5,5339.0,5361.0,163602
2017-03-03,5358.75,5373.5,5344.25,5372.0,174809
2017-03-02,5382.75,5393.75,5356.25,5364.75,201293
2017-03-01,5334.5,5400.0,5332.0,5386.0,237319
2017-02-28,5345.0,5350.0,5317.0,5332.25,167568
2017-02-27,5340.0,5352.5,5323.25,5347.5,153779
2017-02-24,5329.25,5344.5,5299.0,5343.25,211786
2017-02-23,5352.5,5361.25,5310.75,5332.0,238564
2017-02-22,5345.5,5355.5,5336.25,5351.0,154967
2017-02-21,5323.5,5353.75,5320.5,5343.75,186259
2017-02-17,5300.25,5328.75,5286.75,5325.75,169805
2017-02-16,5313.0,5317.0,5288.5,5300.5,204183
2017-02-15,5274.5,5313.5,5265.25,5310.0,165432
2017-02-14,5259.25,5278.0,5239.75,5276.0,166404
2017-02-13,5229.25,5261.5,5226.75,5259.25,139325
2017-02-10,5211.25,5232.5,5209.75,5226.75,147032
2017-02-09,5189.75,5219.25,5186.25,5212.25,156850
2017-02-08,5175.0,5197.0,5163.5,5191.25,165760
2017-02-07,5157.0,5192.0,5154.25,5176.75,160184
2017-02-06,5157.25,5163.5,5140.25,5157.75,142652
2017-02-03,5129.5,5162.25,5119.75,5155.0,181211
2017-02-02,5147.75,5157.5,5119.5,5131.0,209375
2017-02-01,5132.0,5158.25,5123.0,5148.5,234534
2017-01-31,5123.5,5135.0,5083.25,5112.75,211696
2017-01-30,5146.25,5154.5,5094.5,5124.5,245156
2017-01-27,5144.25,5167.5,5139.25,5162.5,138335
2017-01-26,5148.25,5168.5,5141.75,5147.75,172627
2017-01-25,5100.0,5150.0,5099.75,5146.5,153214
2017-01-24,5063.75,5104.0,5060.0,5096.25,138578
2017-01-23,5059.0,5069.75,5030.25,5063.5,181150
2017-01-20,5055.5,5083.0,5044.75,5058.25,215584
2017-01-19,5053.25,5074.75,5036.5,5053.5,184603
2017-01-18,5040.5,5057.25,5034.0,5054.5,158690
2017-01-17,5056.25,5059.0,5025.0,5040.25,197512
2017-01-13,5035.25,5063.25,5035.25,5061.25,136148
2017-01-12,5044.5,5044.75,4990.25,5034.75,211319
2017-01-11,5032.75,5048.25,5007.5,5046.5,217142
2017-01-10,5022.0,5047.0,5007.25,5031.25,153549
2017-01-09,5004.5,5029.5,5002.5,5022.0,144682
2017-01-06,4962.5,5017.5,4952.5,5004.0,182715
2017-01-05,4934.75,4964.25,4920.5,4962.0,165765
2017-01-04,4906.5,4942.5,4903.0,4933.5,168152
2017-01-03,4876.75,4927.5,4876.75,4906.25,215303
2016-12-30,4920.5,4940.0,4850.0,4864.0,186302
2016-12-29,4923.75,4933.5,4901.25,4918.5,120928
2016-12-28,4961.25,4979.25,4920.25,4923.75,132264
2016-12-27,4942.0,4994.5,4940.0,4961.25,98303
2016-12-23,4933.75,4943.75,4922.75,4942.25,67231
2016-12-22,4948.0,4953.0,4917.0,4936.5,109352
2016-12-21,4956.0,4960.0,4939.25,4949.5,90223
2016-12-20,4939.5,4963.25,4938.5,4956.0,109945
2016-12-19,4915.75,4966.25,4912.5,4938.75,143188
2016-12-16,4940.0,4951.75,4904.25,4915.75,185188
2016-12-15,4930.75,4961.75,4918.25,4934.75,248596
2016-12-14,4937.5,4957.5,4910.5,4932.5,290518
2016-12-13,4867.0,4962.0,4861.5,4937.75,116777
2016-12-12,4899.0,4917.0,4852.5,4867.75,119418
2016-12-09,4861.25,4897.5,4852.5,4893.75,129150
2016-12-08,4844.5,4869.5,4836.0,4863.0,223620
2016-12-07,4788.75,4854.75,4763.5,4841.75,231161
2016-12-06,4780.75,4796.5,4767.75,4786.75,170691
2016-12-05,4719.0,4795.75,4701.5,4780.5,205290
2016-12-02,4735.5,4759.0,4707.25,4738.5,226077
2016-12-01,4819.0,4827.5,4722.75,4736.5,289239
2016-11-30,4872.5,4885.5,4812.5,4816.0,225884
2016-11-29,4861.0,4897.75,4847.5,4875.0,172734
2016-11-28,4864.25,4879.75,4842.75,4861.0,142655
2016-11-25,4850.5,4870.0,4839.5,4868.5,74945
2016-11-23,4877.25,4882.5,4830.25,4849.5,156903
2016-11-22,4858.0,4884.75,4857.0,4874.75,154315
2016-11-21,4813.5,4862.0,4803.25,4854.0,165392
2016-11-18,4828.75,4840.5,4803.0,4808.5,168767
2016-11-17,4781.5,4831.5,4778.0,4828.5,189447
2016-11-16,4765.0,4794.75,4736.25,4783.25,195607
2016-11-15,4692.75,4779.25,4688.0,4766.0,237557
2016-11-14,4753.0,4784.5,4672.75,4694.5,284301
2016-11-11,4741.75,4758.0,4681.75,4748.0,320890
2016-11-10,4817.5,4879.75,4679.25,4743.75,543954
2016-11-09,4807.25,4837.5,4558.5,4820.5,706386
2016-11-08,4777.5,4822.5,4752.75,4802.25,218777
2016-11-07,4709.75,4781.75,4709.75,4775.75,222893
2016-11-04,4671.25,4695.5,4651.25,4657.75,263485
2016-11-03,4700.0,4729.5,4668.25,4674.5,263192
2016-11-02,4754.5,4768.5,4708.25,4716.75,296203
2016-11-01,4802.75,4817.0,4718.75,4757.25,307716
2016-10-31,4795.25,4830.0,4788.25,4796.75,195229
2016-10-28,4818.25,4843.25,4786.5,4806.0,323841
2016-10-27,4852.0,4880.25,4804.25,4807.0,260603
2016-10-26,4874.0,4881.75,4839.5,4853.75,233557
2016-10-25,4906.25,4919.5,4873.5,4886.0,181809
2016-10-24,4847.25,4908.75,4842.75,4902.75,181227
2016-10-21,4844.25,4849.0,4814.75,4843.25,188661
2016-10-20,4828.25,4847.25,4798.75,4843.75,246897
2016-10-19,4823.75,4840.25,4811.0,4830.25,148337
2016-10-18,4802.25,4856.75,4799.75,4827.0,202851
2016-10-17,4803.5,4810.5,4781.0,4803.25,179668
2016-10-14,4796.0,4841.0,4786.25,4804.25,234803
2016-10-13,4804.75,4813.0,4754.5,4796.0,297388
2016-10-12,4822.25,4842.0,4800.25,4813.5,233612
2016-10-11,4892.0,4897.25,4798.0,4827.0,312071
2016-10-10,4868.0,4901.5,4862.25,4893.25,152678
2016-10-07,4870.25,4883.75,4834.75,4859.0,280945
2016-10-06,4874.0,4881.0,4845.5,4872.0,187196
2016-10-05,4856.5,4888.5,4849.25,4873.5,181800
2016-10-04,4866.75,4888.0,4836.25,4857.5,275776
2016-10-03,4867.25,4879.5,4842.75,4865.75,173996
2016-09-30,4839.25,4885.5,4811.75,4870.25,245184
2016-09-29,4866.75,4876.5,4812.5,4844.25,302407
2016-09-28,4857.5,4873.25,4844.75,4868.25,208179
2016-09-27,4813.75,4864.5,4800.75,4860.75,224688
2016-09-26,4852.0,4859.5,4807.5,4815.0,208752
2016-09-23,4887.25,4889.75,4848.25,4856.5,191502
2016-09-22,4849.0,4892.25,4842.75,4886.25,195480
2016-09-21,4800.0,4854.5,4788.5,4850.0,288196
2016-09-20,4796.75,4820.5,4790.0,4798.5,189850
2016-09-19,4814.75,4841.75,4782.5,4794.25,234991
2016-09-16,4809.5,4819.5,4788.75,4814.25,285889
2016-09-15,4729.0,4823.5,4716.25,4813.75,343536
2016-09-14,4728.5,4767.75,4720.25,4728.5,358383
2016-09-13,4758.25,4761.25,4695.75,4724.0,460023
2016-09-12,4671.0,4772.0,4629.0,4766.75,176222
2016-09-09,4796.0,4798.0,4665.0,4671.0,252400
2016-09-08,4827.75,4837.0,4789.5,4796.0,246443
2016-09-07,4830.25,4839.5,4812.5,4828.75,190734
2016-09-06,4801.25,4831.5,4782.25,4827.5,205518
2016-09-02,4777.5,4817.75,4774.25,4795.25,227819
2016-09-01,4774.0,4795.25,4749.5,4777.5,247323
2016-08-31,4778.25,4779.25,4751.5,4773.75,197977
2016-08-30,4795.0,4798.5,4759.75,4776.0,185014
2016-08-29,4786.0,4805.75,4774.0,4793.25,146893
2016-08-26,4783.5,4817.5,4757.25,4785.75,280696
2016-08-25,4786.5,4794.0,4768.25,4782.25,190618
2016-08-24,4818.5,4823.5,4770.75,4786.25,190397
2016-08-23,4809.25,4836.75,4807.75,4817.0,159823
2016-08-22,4809.25,4818.0,4789.5,4811.75,195836
2016-08-19,4808.0,4816.75,4785.0,4807.0,191287
2016-08-18,4808.25,4814.0,4792.75,4808.5,148002
2016-08-17,4800.75,4809.75,4772.0,4804.0,194844
2016-08-16,4822.75,4824.5,4796.5,4798.5,152521
2016-08-15,4806.75,4835.25,4805.0,4822.75,128532
2016-08-12,4800.0,4806.75,4787.0,4804.25,126640
2016-08-11,4782.25,4811.0,4775.75,4800.0,142916
2016-08-10,4793.5,4800.25,4767.25,4781.5,141475
2016-08-09,4780.5,4807.75,4777.5,4791.75,134336
2016-08-08,4784.75,4800.75,4766.25,4779.25,131556
2016-08-05,4745.0,4797.75,4742.5,4783.0,178013
2016-08-04,4726.5,4747.0,4715.0,4743.75,166326
2016-08-03,4713.25,4729.25,4698.0,4728.25,168458
2016-08-02,4749.25,4759.5,4681.75,4714.25,260929
2016-08-01,4737.5,4760.25,4721.0,4744.5,199516
2016-07-29,4731.75,4736.5,4709.0,4726.75,205930
2016-07-28,4710.25,4732.0,4689.5,4719.75,217991
2016-07-27,4691.25,4714.0,4676.75,4707.75,228528
2016-07-26,4658.5,4688.25,4641.0,4663.75,205850
2016-07-25,4659.25,4669.5,4643.5,4653.75,144761
2016-07-22,4638.5,4664.5,4628.5,4657.25,147974
2016-07-21,4654.0,4662.25,4626.75,4638.25,177960
2016-07-20,4609.0,4659.0,4597.75,4650.5,179221
2016-07-19,4609.5,4611.25,4588.25,4606.5,162367
2016-07-18,4580.0,4621.75,4577.0,4608.25,174582
2016-07-15,4585.0,4603.5,4542.0,4579.25,169371
2016-07-14,4561.0,4608.25,4553.5,4590.0,185496
2016-07-13,4571.75,4584.5,4558.5,4561.25,183868
2016-07-12,4552.75,4582.0,4546.75,4569.75,186975
2016-07-11,4519.5,4563.5,4515.75,4549.5,181191
2016-07-08,4451.75,4523.25,4439.75,4517.25,230854
2016-07-07,4434.75,4461.25,4427.5,4452.25,183371
2016-07-06,4406.0,4440.5,4365.75,4439.5,252771
2016-07-05,4438.75,4451.5,4377.5,4404.0,200638
2016-07-01,4397.0,4446.25,4386.25,4433.25,176585
2016-06-30,4375.0,4410.5,4338.5,4407.0,240656
2016-06-29,4281.25,4380.0,4268.25,4362.75,258778
2016-06-28,4176.25,4284.5,4176.0,4281.0,257130
2016-06-27,4250.0,4267.75,4167.75,4178.0,409410
2016-06-24,4482.75,4494.0,4234.5,4262.25,487739
2016-06-23,4409.75,4479.25,4408.0,4462.5,194779
2016-06-22,4397.25,4434.0,4391.0,4394.5,188817
2016-06-21,4398.5,4415.75,4388.25,4400.25,193001
2016-06-20,4383.0,4436.75,4383.0,4390.0,193783
2016-06-17,4415.25,4432.5,4353.5,4359.5,249012
2016-06-16,4403.0,4421.0,4352.5,4416.75,315874
2016-06-15,4417.5,4435.75,4396.5,4405.5,245562
2016-06-14,4412.25,4432.75,4384.0,4418.0,323176
2016-06-13,4458.75,4461.75,4419.25,4426.25,112197
2016-06-10,4513.0,4514.25,4446.25,4465.75,139170
2016-06-09,4518.25,4522.5,4493.5,4512.0,235986
2016-06-08,4512.5,4530.25,4504.0,4519.0,171372
2016-06-07,4524.5,4545.5,4511.25,4514.25,155445
2016-06-06,4511.0,4536.5,4504.0,4525.5,164530
2016-06-03,4530.25,4538.75,4478.75,4509.0,225158
2016-06-02,4520.5,4533.0,4486.25,4532.25,177728
2016-06-01,4522.0,4537.5,4502.75,4521.5,190607
2016-05-31,4518.25,4528.25,4497.5,4524.25,201161
2016-05-27,4494.0,4513.5,4490.25,4510.0,148790
2016-05-26,4473.5,4495.5,4463.5,4492.25,160776
2016-05-25,4445.5,4489.5,4443.0,4474.75,235313
2016-05-24,4351.5,4448.75,4341.75,4445.25,232135
2016-05-23,4367.75,4381.5,4348.25,4352.5,166069
2016-05-20,4317.0,4379.0,4314.5,4362.25,239285
2016-05-19,4337.75,4340.75,4280.75,4317.25,264943
2016-05-18,4321.0,4359.0,4301.0,4332.25,304680
2016-05-17,4372.75,4393.75,4308.0,4319.5,250350
2016-05-16,4316.0,4392.0,4305.5,4375.25,197277
2016-05-13,4337.25,4360.5,4303.75,4324.0,248778
2016-05-12,4352.5,4381.75,4305.75,4334.75,259344
2016-05-11,4394.25,4403.0,4350.75,4351.5,207220
2016-05-10,4334.75,4398.75,4323.75,4392.0,202296
2016-05-09,4329.75,4356.5,4318.0,4335.75,204956
2016-05-06,4299.25,4333.75,4271.0,4328.25,257894
2016-05-05,4308.25,4342.5,4292.5,4300.25,219847
2016-05-04,4335.5,4342.0,4292.25,4309.75,230347
2016-05-03,4372.0,4374.5,4319.5,4334.5,264166
2016-05-02,4337.0,4378.5,4318.0,4369.0,218452
2016-04-29,4383.5,4391.25,4296.75,4331.5,383207
2016-04-28,4432.0,4442.25,4346.25,4382.0,304694
2016-04-27,4405.0,4433.75,4372.25,4423.75,303551
2016-04-26,4472.25,4489.75,4407.0,4452.5,210949
2016-04-25,4477.0,4479.75,4436.0,4472.25,172474
2016-04-22,4488.25,4501.75,4431.0,4465.75,276832
2016-04-21,4533.25,4551.75,4488.0,4497.75,236152
2016-04-20,4528.25,4556.0,4509.0,4535.75,192766
2016-04-19,4545.5,4584.5,4506.75,4526.75,247341
2016-04-18,4518.75,4561.25,4501.0,4546.5,179869
2016-04-15,4548.75,4554.5,4523.0,4538.5,171811
2016-04-14,4546.5,4563.25,4530.5,4546.25,163849
2016-04-13,4489.0,4553.75,4486.75,4547.75,226053
2016-04-12,4447.0,4497.5,4426.5,4490.0,249246
2016-04-11,4470.0,4509.75,4446.0,4451.5,242688
2016-04-08,4467.5,4509.75,4451.5,4467.25,232565
2016-04-07,4533.5,4539.5,4450.75,4470.25,258708
2016-04-06,4476.0,4537.75,4467.25,4535.0,239591
2016-04-05,4499.75,4501.5,4456.5,4469.5,218335
2016-04-04,4526.75,4543.75,4495.25,4500.25,186748
2016-04-01,4477.75,4529.5,4441.5,4528.5,245297
2016-03-31,4480.25,4495.5,4462.25,4476.25,187716
2016-03-30,4460.75,4510.25,4456.5,4482.0,222490
2016-03-29,4389.75,4463.5,4374.0,4458.25,224457
2016-03-28,4401.5,4425.75,4381.5,4389.5,133715
2016-03-24,4395.0,4401.0,4365.0,4397.25,192091
2016-03-23,4434.75,4441.25,4383.25,4395.5,211431
2016-03-22,4416.0,4440.5,4383.75,4434.5,189217
2016-03-21,4394.75,4421.25,4376.75,4416.25,169664
2016-03-18,4395.5,4410.75,4375.75,4394.75,231832
2016-03-17,4387.75,4412.75,4359.75,4393.0,268291
2016-03-16,4359.25,4407.75,4340.5,4388.25,283208
2016-03-15,4355.75,4364.75,4329.5,4356.25,223642
2016-03-14,4352.75,4378.25,4340.5,4366.0,98185
2016-03-11,4287.25,4361.25,4282.5,4352.75,152690
2016-03-10,4295.25,4347.5,4229.75,4285.0,384560
2016-03-09,4271.0,4299.0,4256.75,4294.5,235221
2016-03-08,4301.0,4308.75,4251.5,4270.5,293547
2016-03-07,4321.0,4330.0,4268.75,4300.0,246283
2016-03-04,4323.0,4355.0,4298.0,4322.5,287961
2016-03-03,4326.75,4344.5,4293.5,4320.25,200921
2016-03-02,4334.5,4357.75,4299.25,4329.25,265414
2016-03-01,4199.25,4338.75,4180.25,4337.75,292040
2016-02-29,4225.25,4263.25,4184.5,4201.25,250275
2016-02-26,4243.0,4293.25,4225.0,4230.0,269801
2016-02-25,4214.5,4247.75,4170.25,4244.25,265023
2016-02-24,4156.5,4218.5,4084.75,4208.5,335033
2016-02-23,4207.25,4216.5,4154.5,4159.25,226587
2016-02-22,4155.25,4234.0,4146.5,4214.75,188259
2016-02-19,4156.25,4175.0,4120.25,4161.0,228833
2016-02-18,4155.0,4227.5,4144.0,4155.0,251748
2016-02-17,4089.75,4208.5,4068.25,4196.75,288815
2016-02-16,4021.5,4104.75,4021.5,4092.75,315722
2016-02-12,4006.25,4017.5,3953.0,4006.25,301633
2016-02-11,3961.25,3985.5,3862.25,3961.25,504866
2016-02-10,3954.5,4041.0,3922.25,3967.25,426911
2016-02-09,3958.5,4004.0,3897.5,3944.25,499993
2016-02-08,4027.25,4046.0,3883.0,3964.25,534353
2016-02-05,4146.5,4173.5,4001.0,4022.0,436981
2016-02-04,4169.75,4206.5,4113.5,4155.75,381457
2016-02-03,4186.0,4215.0,4090.5,4171.5,483501
2016-02-02,4192.0,4192.0,4170.75,4192.0,310828
2016-02-01,4263.25,4309.25,4228.5,4291.5,262983
2016-01-29,4135.0,4271.25,4129.0,4263.0,324681
2016-01-28,4150.25,4199.0,4106.75,4153.75,413992
2016-01-27,4195.25,4218.75,4102.0,4127.0,405406
2016-01-26,4190.0,4243.75,4133.0,4226.75,304088
2016-01-25,4247.5,4260.0,4119.0,4186.75,283662
2016-01-22,4126.25,4253.0,4119.0,4247.5,328093
2016-01-21,4130.75,4192.25,4085.75,4130.25,548748
2016-01-20,4141.0,4171.5,3983.5,4133.0,628240
2016-01-19,4126.75,4215.75,4091.25,4144.5,945062
2016-01-15,4255.0,4268.75,4075.75,4140.75,565672
2016-01-14,4181.5,4300.5,4124.0,4257.5,525820
2016-01-13,4308.75,4365.0,4167.25,4175.75,513789
2016-01-12,4272.25,4345.75,4236.5,4312.75,416955
2016-01-11,4264.25,4304.5,4208.75,4273.0,435372
2016-01-08,4298.0,4370.0,4255.75,4261.5,473012
2016-01-07,4450.25,4458.5,4283.0,4289.25,496280
2016-01-06,4446.75,4487.5,4386.0,4446.75,345357
2016-01-05,4505.5,4523.0,4457.25,4483.75,297539
2016-01-04,4592.5,4606.75,4429.75,4504.5,361908
2015-12-31,4648.0,4655.0,4579.5,4587.75,160105
2015-12-30,4687.25,4695.0,4643.5,4646.0,116927
2015-12-29,4617.75,4697.75,4610.5,4690.5,152966
2015-12-28,4611.0,4619.5,4571.5,4613.75,111852
2015-12-24,4607.75,4630.0,4600.75,4611.0,61554
2015-12-23,4590.5,4620.25,4583.0,4606.75,143468
2015-12-22,4591.0,4594.5,4541.25,4591.0,166650
2015-12-21,4513.75,4571.75,4511.75,4563.0,176610
2015-12-18,4569.5,4588.25,4502.25,4504.5,339419
2015-12-17,4650.25,4683.75,4564.75,4569.5,320422
2015-12-16,4603.5,4669.75,4575.0,4657.75,287576
2015-12-15,4565.75,4633.0,4560.5,4601.0,329055
2015-12-14,4534.5,4579.5,4477.25,4566.5,153802
2015-12-11,4646.25,4659.0,4527.5,4539.25,225414
2015-12-10,4624.0,4674.5,4618.25,4644.0,299001
2015-12-09,4690.5,4707.5,4593.25,4616.0,386881
2015-12-08,4699.75,4709.0,4641.25,4687.25,299287
2015-12-07,4721.25,4730.0,4670.5,4701.0,223157
2015-12-04,4616.0,4723.25,4603.0,4713.25,601763
2015-12-03,4698.75,4730.25,4579.0,4611.0,373375
2015-12-02,4715.0,4739.5,4678.5,4694.5,231512
2015-12-01,4678.75,4716.75,4676.5,4716.25,224379
2015-11-30,4685.5,4700.5,4653.5,4668.75,178016
2015-11-27,4679.75,4703.25,4664.75,4682.5,105378
2015-11-25,4665.0,4684.5,4659.5,4677.25,118598
2015-11-24,4673.75,4684.5,4620.0,4666.0,228912
2015-11-23,4689.5,4706.75,4653.75,4675.75,162212
2015-11-20,4656.75,4691.5,4652.25,4689.5,177125
2015-11-19,4649.75,4677.0,4646.75,4660.0,212520
2015-11-18,4570.25,4656.75,4556.25,4652.5,241531
2015-11-17,4560.75,4597.75,4552.0,4569.5,268183
2015-11-16,4478.25,4565.5,4455.0,4559.75,282181
2015-11-13,4583.75,4590.5,4485.75,4502.0,338868
2015-11-12,4631.25,4653.25,4581.25,4585.25,264634
2015-11-11,4640.25,4674.75,4625.25,4631.75,221698
2015-11-10,4650.0,4662.25,4612.5,4643.0,228801
2015-11-09,4701.25,4712.75,4622.0,4652.75,251188
2015-11-06,4700.75,4708.75,4658.75,4703.0,276460
2015-11-05,4708.25,4727.5,4673.75,4695.25,239936
2015-11-04,4711.75,4729.75,4691.25,4709.5,229414
2015-11-03,4688.25,4727.5,4677.0,4712.0,186758
2015-11-02,4644.5,4699.5,4625.0,4694.0,162155
2015-10-30,4666.0,4690.25,4636.0,4643.25,209828
2015-10-29,4664.25,4670.25,4642.75,4661.75,183225
2015-10-28,4635.25,4678.25,4600.5,4673.75,302546
2015-10-27,4619.75,4651.75,4601.25,4632.25,210178
2015-10-26,4614.0,4630.0,4592.75,4616.25,183585
2015-10-23,4562.25,4637.5,4562.0,4611.5,354937
2015-10-22,4406.75,4565.5,4402.0,4552.75,344450
2015-10-21,4422.75,4456.25,4394.75,4399.25,287416
2015-10-20,4451.5,4456.0,4414.0,4424.75,198382
2015-10-19,4434.5,4455.5,4411.0,4454.5,200798
2015-10-16,4409.75,4439.0,4396.0,4434.75,205308
2015-10-15,4335.25,4412.0,4332.5,4411.75,271855
2015-10-14,4334.25,4365.25,4317.5,4326.5,284001
2015-10-13,4377.0,4390.75,4338.5,4341.25,232229
2015-10-12,4355.0,4381.5,4346.25,4375.0,132675
2015-10-09,4338.0,4369.25,4324.5,4359.5,208329
2015-10-08,4324.0,4348.25,4265.0,4344.75,315909
2015-10-07,4275.0,4333.75,4268.0,4323.75,328766
2015-10-06,4307.75,4322.0,4263.5,4290.25,262848
2015-10-05,4257.75,4329.75,4250.5,4311.25,242309
2015-10-02,4188.25,4263.75,4111.5,4261.25,399898
2015-10-01,4154.0,4225.75,4116.25,4187.5,367290
2015-09-30,4078.75,4169.0,4066.0,4163.0,346155
2015-09-29,4106.25,4144.25,4040.75,4074.75,426261
2015-09-28,4202.5,4239.0,4079.5,4094.75,359675
2015-09-25,4232.0,4315.75,4185.5,4213.5,343804
2015-09-24,4268.5,4278.75,4185.25,4246.0,352438
2015-09-23,4264.25,4292.75,4221.5,4262.75,237337
2015-09-22,4342.0,4345.0,4220.5,4267.25,315898
2015-09-21,4324.75,4361.5,4286.5,4341.25,252676
2015-09-18,4371.0,4382.5,4299.5,4326.75,323915
2015-09-17,4377.25,4441.75,4357.0,4369.75,329847
2015-09-16,4351.75,4382.25,4335.0,4381.0,214900
2015-09-15,4311.5,4373.5,4290.75,4361.0,83373
2015-09-14,4325.25,4357.0,4292.25,4310.0,87550
2015-09-11,4294.75,4330.0,4259.5,4325.25,125338
2015-09-10,4259.0,4327.25,4226.5,4295.0,404116
2015-09-09,4300.5,4369.5,4240.25,4255.0,346920
2015-09-08,4181.75,4305.5,4180.0,4298.5,293906
2015-09-04,4231.75,4237.5,4155.0,4194.0,346522
2015-09-03,4260.25,4304.25,4219.75,4229.5,324998
2015-09-02,4150.75,4263.75,4136.0,4260.0,337197
2015-09-01,4266.0,4268.0,4118.25,4158.25,476853
2015-08-31,4324.0,4330.25,4258.5,4271.75,299886
2015-08-28,4327.0,4340.75,4281.75,4333.0,314561
2015-08-27,4222.75,4332.75,4205.25,4328.0,469903
2015-08-26,4036.75,4229.5,3958.75,4214.5,630716
2015-08-25,3998.0,4204.25,3997.75,4028.5,615272
2015-08-24,4183.75,4196.25,3908.25,4003.25,718439
2015-08-21,4367.75,4368.25,4189.0,4200.75,602091
2015-08-20,4502.25,4513.0,4360.0,4366.25,441180
2015-08-19,4543.0,4552.25,4483.25,4503.75,326535
2015-08-18,4562.5,4573.5,4533.75,4544.0,164755
2015-08-17,4532.5,4567.75,4503.25,4564.75,190870
2015-08-14,4514.5,4534.0,4499.0,4531.75,167103
2015-08-13,4529.75,4557.0,4508.75,4517.25,234832
2015-08-12,4512.75,4535.5,4431.25,4533.5,355882
2015-08-11,4582.5,4584.75,4485.5,4510.75,296193
2015-08-10,4514.0,4580.0,4512.75,4566.0,197635
2015-08-07,4527.25,4533.75,4480.5,4519.0,245403
2015-08-06,4591.75,4608.75,4502.75,4524.75,269628
2015-08-05,4551.5,4629.0,4551.0,4593.5,246583
2015-08-04,4570.5,4581.25,4543.5,4551.75,252401
2015-08-03,4583.25,4599.25,4540.5,4573.0,251064
2015-07-31,4589.25,4608.75,4576.25,4585.0,214070
2015-07-30,4562.75,4598.75,4530.75,4595.25,221815
2015-07-29,4558.0,4579.5,4544.0,4565.0,220954
2015-07-28,4521.25,4561.25,4497.0,4556.0,279567
2015-07-27,4562.25,4568.25,4503.5,4522.5,287107
2015-07-24,4633.5,4638.75,4544.5,4561.75,234963
2015-07-23,4621.75,4634.75,4584.25,4620.0,207994
2015-07-22,4618.0,4636.5,4588.75,4617.0,230099
2015-07-21,4671.25,4683.0,4611.5,4666.5,219137
2015-07-20,4649.0,4686.0,4646.5,4671.25,167720
2015-07-17,4609.75,4654.0,4607.25,4650.0,183774
2015-07-16,4534.5,4612.5,4531.0,4597.75,187437
2015-07-15,4519.25,4539.5,4509.25,4536.5,185489
2015-07-14,4487.25,4529.75,4484.5,4517.5,155646
2015-07-13,4384.0,4491.75,4372.5,4488.0,207956
2015-07-10,4345.75,4426.5,4345.75,4408.25,468059
2015-07-09,4347.75,4408.0,4331.75,4339.5,258451
2015-07-08,4422.5,4422.5,4336.5,4346.5,329131
2015-07-07,4429.5,4448.0,4334.5,4422.25,380322
2015-07-06,4366.0,4437.25,4344.0,4422.75,263987
2015-07-02,4423.75,4441.5,4408.25,4428.75,153027
2015-07-01,4392.75,4441.75,4392.0,4422.0,190561
2015-06-30,4386.25,4412.25,4372.0,4390.25,299815
2015-06-29,4429.75,4451.5,4368.25,4378.0,328538
2015-06-26,4506.5,4517.0,4459.75,4480.5,220637
2015-06-25,4520.25,4547.5,4500.0,4509.25,169184
2015-06-24,4543.5,4555.25,4514.5,4515.75,164945
2015-06-23,4538.75,4548.75,4522.75,4541.25,113861
2015-06-22,4512.5,4552.25,4512.25,4532.75,156427
2015-06-19,4530.0,4539.75,4496.25,4499.75,159447
2015-06-18,4454.25,4535.0,4440.0,4530.75,275557
2015-06-17,4452.25,4476.0,4431.25,4454.25,225073
2015-06-16,4427.75,4456.5,4395.75,4451.75,219410
2015-06-15,4443.5,4444.75,4394.25,4435.5,145108
2015-06-12,4489.25,4491.25,4447.75,4454.75,153829
2015-06-11,4486.25,4512.25,4479.25,4490.5,186848
2015-06-10,4431.5,4498.25,4430.5,4488.75,238886
2015-06-09,4435.75,4441.25,4390.25,4431.5,226086
2015-06-08,4479.5,4483.25,4422.0,4432.25,237404
2015-06-05,4494.75,4506.5,4449.25,4481.5,232923
2015-06-04,4526.75,4527.25,4473.25,4496.5,285057
2015-06-03,4503.25,4540.75,4501.25,4527.5,190316
2015-06-02,4525.75,4531.75,4480.75,4503.0,222449
2015-06-01,4514.0,4538.25,4486.0,4521.5,216323
2015-05-29,4542.0,4545.25,4497.25,4511.0,197740
2015-05-28,4540.5,4547.5,4521.75,4542.75,152018
2015-05-27,4481.5,4551.0,4473.0,4542.25,198538
2015-05-26,4527.5,4538.5,4455.0,4479.75,228084
2015-05-22,4530.5,4542.0,4522.0,4528.75,100980
2015-05-21,4500.0,4536.5,4486.5,4528.75,123530
2015-05-20,4501.75,4534.0,4482.25,4505.5,170963
2015-05-19,4509.75,4526.5,4496.5,4501.25,127690
2015-05-18,4491.25,4517.75,4470.5,4507.25,128602
2015-05-15,4489.0,4507.5,4477.75,4488.75,140746
2015-05-14,4425.75,4493.0,4412.75,4490.25,184396
2015-05-13,4423.0,4457.75,4417.5,4423.75,200865
2015-05-12,4431.5,4438.0,4374.5,4420.75,257296
2015-05-11,4452.5,4464.5,4426.75,4431.25,170514
2015-05-08,4404.0,4462.75,4401.0,4448.75,216447
2015-05-07,4371.5,4409.25,4332.5,4402.5,249245
2015-05-06,4409.0,4423.5,4341.5,4373.0,335134
2015-05-05,4474.0,4480.25,4399.5,4407.5,306244
2015-05-04,4471.75,4503.5,4457.0,4476.5,191856
2015-05-01,4414.0,4470.75,4409.75,4467.75,197160
2015-04-30,4474.0,4478.25,4386.5,4408.25,353283
2015-04-29,4512.25,4514.0,4456.25,4479.75,290967
2015-04-28,4524.25,4531.25,4471.75,4516.0,283966
2015-04-27,4533.0,4555.5,4509.25,4524.75,224600
2015-04-24,4492.5,4536.25,4489.5,4529.25,204737
2015-04-23,4438.5,4497.25,4418.0,4481.5,252582
2015-04-22,4433.0,4459.5,4398.5,4445.25,196846
2015-04-21,4402.75,4442.75,4402.75,4428.5,190749
2015-04-20,4356.75,4417.0,4352.25,4407.5,218236
2015-04-17,4416.25,4417.5,4324.0,4349.0,302065
2015-04-16,4426.25,4429.5,4398.0,4415.25,162632
2015-04-15,4400.25,4429.0,4388.75,4421.75,170496
2015-04-14,4405.5,4414.5,4366.75,4397.75,220750
2015-04-13,4415.0,4441.5,4399.5,4403.25,171930
2015-04-10,4399.0,4416.0,4385.75,4414.75,126565
2015-04-09,4378.0,4401.25,4352.75,4399.25,201439
2015-04-08,4335.25,4379.25,4327.5,4374.75,225547
2015-04-07,4339.75,4372.25,4330.25,4334.0,171692
2015-04-06,4265.0,4354.75,4264.5,4342.25,154026
2015-04-02,4316.75,4321.0,4288.5,4307.25,168845
2015-04-01,4321.75,4334.25,4259.0,4313.0,311506
2015-03-31,4370.0,4375.75,4320.75,4329.5,224928
2015-03-30,4327.5,4381.75,4315.75,4372.5,202012
2015-03-27,4313.0,4333.5,4297.25,4325.75,209529
2015-03-26,4327.0,4331.0,4270.0,4310.75,356229
2015-03-25,4429.25,4438.5,4320.0,4323.5,320355
2015-03-24,4436.5,4461.0,4424.25,4429.0,184226
2015-03-23,4448.5,4461.25,4436.0,4436.75,149739
2015-03-20,4418.75,4472.25,4415.75,4447.25,210568
2015-03-19,4423.75,4435.0,4411.5,4422.0,228573
2015-03-18,4370.5,4434.25,4335.75,4420.25,316293
2015-03-17,4348.0,4377.75,4341.75,4370.5,260406
2015-03-16,4313.5,4372.75,4299.5,4359.5,119757
2015-03-13,4331.75,4347.5,4288.25,4308.75,218259
2015-03-12,4312.5,4339.5,4298.75,4330.75,269241
2015-03-11,4334.25,4347.5,4304.25,4307.5,260964
2015-03-10,4415.25,4415.75,4331.25,4331.25,263407
2015-03-09,4411.75,4424.75,4391.75,4413.5,192095
2015-03-06,4451.5,4460.5,4389.25,4405.0,296605
2015-03-05,4444.25,4464.75,4432.75,4449.5,185176
2015-03-04,4458.25,4458.25,4419.25,4444.25,210995
2015-03-03,4479.0,4479.0,4432.5,4456.5,198589
2015-03-02,4447.0,4483.25,4446.25,4477.0,185330
2015-02-27,4460.5,4462.75,4435.0,4442.5,173304
2015-02-26,4438.5,4464.75,4431.0,4461.75,193611
2015-02-25,4449.25,4461.0,4429.25,4436.75,173941
2015-02-24,4445.25,4455.75,4427.0,4450.25,162766
2015-02-23,4439.75,4449.25,4429.75,4444.5,130738
2015-02-20,4416.25,4445.0,4396.0,4438.0,467315
2015-02-19,4390.25,4417.25,4376.0,4413.25,168236
2015-02-18,4384.5,4393.5,4373.75,4386.0,146465
2015-02-17,4373.5,4388.5,4364.5,4381.75,194620
2015-02-13,4342.75,4382.0,4340.75,4377.0,190386
2015-02-12,4308.5,4346.5,4285.75,4344.75,219353
2015-02-11,4278.25,4322.0,4271.0,4296.5,207031
2015-02-10,4219.0,4284.0,4211.0,4276.0,225792
2015-02-09,4226.5,4232.0,4201.5,4214.25,198223
2015-02-06,4251.0,4268.25,4209.75,4227.5,252795
2015-02-05,4191.0,4254.75,4181.5,4247.5,200569
2015-02-04,4207.75,4243.0,4187.5,4204.0,269497
2015-02-03,4180.75,4222.75,4165.75,4216.25,283374
2015-02-02,4143.5,4188.0,4085.5,4185.5,353848
2015-01-30,4203.5,4208.0,4136.0,4141.25,345604
2015-01-29,4125.0,4199.75,4095.75,4185.75,358572
2015-01-28,4206.0,4234.5,4119.5,4124.25,363115
2015-01-27,4266.75,4271.0,4142.75,4177.5,363818
2015-01-26,4249.5,4278.25,4231.5,4269.25,187612
2015-01-23,4265.5,4286.25,4250.25,4267.0,227200
2015-01-22,4183.75,4269.0,4164.5,4264.75,338354
2015-01-21,4166.0,4205.25,4137.0,4182.75,327200
2015-01-20,4138.75,4175.25,4109.0,4167.0,347445
2015-01-16,4072.5,4138.5,4041.5,4134.0,359021
2015-01-15,4147.5,4190.0,4066.0,4089.0,456035
2015-01-14,4158.0,4169.25,4100.5,4145.5,450812
2015-01-13,4169.5,4247.75,4126.75,4158.5,476645
2015-01-12,4201.25,4227.5,4151.0,4166.5,319438
2015-01-09,4232.25,4252.5,4181.0,4200.75,683635
2015-01-08,4152.25,4242.75,4152.25,4232.25,272056
2015-01-07,4105.5,4163.25,4102.75,4151.5,328184
2015-01-06,4166.5,4172.5,4082.0,4102.25,426154
2015-01-05,4216.0,4220.75,4145.0,4161.75,313771
2015-01-02,4240.25,4272.75,4201.0,4214.25,229555
2014-12-31,4283.0,4305.0,4228.0,4232.75,146914
2014-12-30,4316.25,4318.0,4273.75,4282.75,110089
2014-12-29,4315.0,4320.75,4298.25,4311.0,102425
2014-12-26,4282.0,4322.0,4282.0,4310.25,61111
2014-12-24,4278.0,4298.5,4276.5,4282.5,46180
2014-12-23,4292.75,4312.0,4274.75,4278.0,148403
2014-12-22,4282.0,4301.25,4276.0,4291.75,161996
2014-12-19,4268.5,4304.5,4255.5,4282.75,290155
2014-12-18,4159.5,4272.5,4150.25,4263.0,384103
2014-12-17,4088.25,4173.0,4081.5,4159.5,509046
2014-12-16,4162.25,4189.75,4080.75,4083.25,639787
2014-12-15,4184.75,4234.0,4141.0,4160.25,549934
2014-12-12,4230.0,4251.25,4184.0,4185.75,402592
2014-12-11,4222.5,4294.0,4216.5,4232.75,143139
2014-12-10,4284.25,4293.5,4214.5,4222.25,37251
2014-12-09,4278.0,4293.25,4211.75,4285.75,11592
2014-12-08,4307.75,4315.25,4254.25,4274.0,4286
2014-12-05,4307.25,4320.5,4297.75,4308.25,1628
2014-12-04,4305.25,4323.5,4288.75,4308.5,1380
2014-12-03,4303.5,4314.5,4282.5,4305.25,2843
2014-12-02,4282.75,4309.75,4280.0,4300.25,1565
2014-12-01,4328.0,4330.0,4268.5,4281.25,2651
2014-11-28,4316.5,4342.25,4307.5,4333.0,1107
2014-11-26,4287.75,4318.0,4285.5,4312.25,689
2014-11-25,4276.75,4297.75,4271.75,4287.0,722
2014-11-24,4244.75,4281.0,4243.0,4276.75,452
2014-11-21,4237.25,4278.5,4232.5,4244.0,686
2014-11-20,4216.5,4242.5,4196.75,4239.75,787
2014-11-19,4231.5,4236.25,4199.0,4218.25,1521
2014-11-18,4204.0,4242.5,4197.25,4232.25,1956
2014-11-17,4213.75,4217.75,4185.75,4206.25,555
2014-11-14,4200.5,4219.0,4189.75,4215.75,503
2014-11-13,4186.5,4219.5,4185.25,4198.5,455
2014-11-12,4173.5,4191.5,4160.0,4189.5,373
2014-11-11,4162.25,4178.75,4155.25,4176.5,241
2014-11-10,4142.0,4171.25,4137.5,4163.25,325
2014-11-07,4158.25,4171.75,4129.0,4143.75,328
2014-11-06,4135.5,4159.75,4123.5,4155.75,256
2014-11-05,4140.75,4169.0,4127.0,4135.5,956
2014-11-04,4151.25,4156.75,4113.5,4136.5,305
2014-11-03,4142.5,4165.0,4135.0,4150.0,102
2014-10-31,4088.5,4155.0,4087.75,4142.75,259
2014-10-30,4070.5,4096.25,4039.0,4082.5,188
2014-10-29,4079.5,4088.25,4045.75,4064.75,377
2014-10-28,4035.25,4091.25,4031.5,4086.5,160
2014-10-27,4031.0,4042.25,4003.0,4030.75,253
2014-10-24,3991.25,4030.0,3964.0,4027.25,328
2014-10-23,3942.0,4015.0,3933.25,3997.5,162
2014-10-22,3959.25,3975.25,3933.75,3942.0,243
2014-10-21,3871.5,3970.0,3840.5,3964.5,468
2014-10-20,3812.0,3874.5,3787.5,3859.25,557
2014-10-17,3751.75,3833.5,3736.25,3797.25,552
2014-10-16,3733.75,3779.5,3682.75,3734.75,203
2014-10-15,3806.0,3824.25,3686.5,3745.25,450
2014-10-14,3802.0,3845.75,3787.5,3805.25,503
2014-10-13,3835.0,3878.0,3786.25,3792.0,290
2014-10-10,3946.25,3959.75,3842.75,3846.5,230
2014-10-09,4025.5,4041.75,3942.0,3963.75,156
2014-10-08,3947.0,4032.5,3924.75,4024.0,148
2014-10-07,3986.5,4003.25,3944.0,3949.75,83
2014-10-06,4017.5,4033.25,3989.75,4000.5,129
2014-10-03,3966.5,4027.25,3964.75,4009.5,117
2014-10-02,3978.0,3988.0,3923.25,3971.5,216
2014-10-01,4031.0,4038.0,3959.5,3976.0,440
2014-09-30,4033.75,4064.75,4024.25,4044.75,334467
2014-09-29,4045.75,4051.25,3998.0,4035.5,350305
2014-09-26,4005.0,4050.5,4001.75,4045.75,309995
2014-09-25,4085.25,4088.5,3998.25,4007.5,442898
2014-09-24,4031.75,4090.0,4031.0,4087.75,278357
2014-09-23,4044.5,4061.0,4027.75,4037.0,276929
2014-09-22,4091.75,4092.0,4035.75,4052.75,295630
2014-09-19,4098.75,4118.75,4076.0,4093.0,279619
2014-09-18,4071.0,4099.75,4061.0,4096.5,225943
2014-09-17,4056.0,4084.0,4039.25,4065.25,320715
2014-09-16,4026.5,4066.5,4004.25,4058.25,377333
2014-09-15,4057.5,4076.25,4018.25,4033.5,150015
2014-09-12,4096.5,4096.5,4056.75,4069.75,184227
2014-09-11,4093.0,4097.0,4060.0,4091.0,307246
